ISO-10303-21;
HEADER;
FILE_DESCRIPTION(('Open CASCADE Model'),'2;1');
FILE_NAME('Open CASCADE Shape Model','2026-10-05T16:16:59',('Author'),(
    'Open CASCADE'),'Open CASCADE STEP processor 7.5','Open CASCADE 7.5'
  ,'Unknown');
FILE_SCHEMA(('AUTOMOTIVE_DESIGN { 1 0 10303 214 1 1 1 1 }'));
ENDSEC;
DATA;
#1 = APPLICATION_PROTOCOL_DEFINITION('international standard',
  'automotive_design',2000,#2);
#2 = APPLICATION_CONTEXT(
  'core data for automotive mechanical design processes');
#3 = SHAPE_DEFINITION_REPRESENTATION(#4,#10);
#4 = PRODUCT_DEFINITION_SHAPE('','',#5);
#5 = PRODUCT_DEFINITION('design','',#6,#9);
#6 = PRODUCT_DEFINITION_FORMATION('','',#7);
#7 = PRODUCT('PCB','PCB','',(#8));
#8 = PRODUCT_CONTEXT('',#2,'mechanical');
#9 = PRODUCT_DEFINITION_CONTEXT('part definition',#2,'design');
#10 = SHAPE_REPRESENTATION('',(#11,#15,#19,#23,#27,#31,#35,#39,#43),#47
  );
#11 = AXIS2_PLACEMENT_3D('',#12,#13,#14);
#12 = CARTESIAN_POINT('',(0.,0.,0.));
#13 = DIRECTION('',(0.,0.,1.));
#14 = DIRECTION('',(1.,0.,-0.));
#15 = AXIS2_PLACEMENT_3D('',#16,#17,#18);
#16 = CARTESIAN_POINT('',(0.,0.,0.));
#17 = DIRECTION('',(0.,0.,1.));
#18 = DIRECTION('',(1.,0.,-0.));
#19 = AXIS2_PLACEMENT_3D('',#20,#21,#22);
#20 = CARTESIAN_POINT('',(0.,0.,0.));
#21 = DIRECTION('',(0.,0.,1.));
#22 = DIRECTION('',(1.,0.,-0.));
#23 = AXIS2_PLACEMENT_3D('',#24,#25,#26);
#24 = CARTESIAN_POINT('',(0.,0.,0.));
#25 = DIRECTION('',(0.,0.,1.));
#26 = DIRECTION('',(1.,0.,-0.));
#27 = AXIS2_PLACEMENT_3D('',#28,#29,#30);
#28 = CARTESIAN_POINT('',(0.,0.,0.));
#29 = DIRECTION('',(0.,0.,1.));
#30 = DIRECTION('',(1.,0.,-0.));
#31 = AXIS2_PLACEMENT_3D('',#32,#33,#34);
#32 = CARTESIAN_POINT('',(0.,0.,0.));
#33 = DIRECTION('',(0.,0.,1.));
#34 = DIRECTION('',(1.,0.,-0.));
#35 = AXIS2_PLACEMENT_3D('',#36,#37,#38);
#36 = CARTESIAN_POINT('',(0.,0.,0.));
#37 = DIRECTION('',(0.,0.,1.));
#38 = DIRECTION('',(1.,0.,-0.));
#39 = AXIS2_PLACEMENT_3D('',#40,#41,#42);
#40 = CARTESIAN_POINT('',(0.,0.,0.));
#41 = DIRECTION('',(0.,0.,1.));
#42 = DIRECTION('',(1.,0.,-0.));
#43 = AXIS2_PLACEMENT_3D('',#44,#45,#46);
#44 = CARTESIAN_POINT('',(0.,0.,0.));
#45 = DIRECTION('',(0.,0.,1.));
#46 = DIRECTION('',(1.,0.,-0.));
#47 = ( GEOMETRIC_REPRESENTATION_CONTEXT(3) 
GLOBAL_UNCERTAINTY_ASSIGNED_CONTEXT((#51)) GLOBAL_UNIT_ASSIGNED_CONTEXT(
(#48,#49,#50)) REPRESENTATION_CONTEXT('Context #1',
  '3D Context with UNIT and UNCERTAINTY') );
#48 = ( LENGTH_UNIT() NAMED_UNIT(*) SI_UNIT(.MILLI.,.METRE.) );
#49 = ( NAMED_UNIT(*) PLANE_ANGLE_UNIT() SI_UNIT($,.RADIAN.) );
#50 = ( NAMED_UNIT(*) SI_UNIT($,.STERADIAN.) SOLID_ANGLE_UNIT() );
#51 = UNCERTAINTY_MEASURE_WITH_UNIT(LENGTH_MEASURE(2.E-05),#48,
  'distance_accuracy_value','confusion accuracy');
#52 = PRODUCT_RELATED_PRODUCT_CATEGORY('part',$,(#7));
#53 = SHAPE_DEFINITION_REPRESENTATION(#54,#60);
#54 = PRODUCT_DEFINITION_SHAPE('','',#55);
#55 = PRODUCT_DEFINITION('design','',#56,#59);
#56 = PRODUCT_DEFINITION_FORMATION('','',#57);
#57 = PRODUCT('Board','Board','',(#58));
#58 = PRODUCT_CONTEXT('',#2,'mechanical');
#59 = PRODUCT_DEFINITION_CONTEXT('part definition',#2,'design');
#60 = SHAPE_REPRESENTATION('',(#11,#61),#65);
#61 = AXIS2_PLACEMENT_3D('',#62,#63,#64);
#62 = CARTESIAN_POINT('',(0.,0.,-1.62143948));
#63 = DIRECTION('',(0.,0.,1.));
#64 = DIRECTION('',(1.,0.,-0.));
#65 = ( GEOMETRIC_REPRESENTATION_CONTEXT(3) 
GLOBAL_UNCERTAINTY_ASSIGNED_CONTEXT((#69)) GLOBAL_UNIT_ASSIGNED_CONTEXT(
(#66,#67,#68)) REPRESENTATION_CONTEXT('Context #1',
  '3D Context with UNIT and UNCERTAINTY') );
#66 = ( LENGTH_UNIT() NAMED_UNIT(*) SI_UNIT(.MILLI.,.METRE.) );
#67 = ( NAMED_UNIT(*) PLANE_ANGLE_UNIT() SI_UNIT($,.RADIAN.) );
#68 = ( NAMED_UNIT(*) SI_UNIT($,.STERADIAN.) SOLID_ANGLE_UNIT() );
#69 = UNCERTAINTY_MEASURE_WITH_UNIT(LENGTH_MEASURE(1.E-07),#66,
  'distance_accuracy_value','confusion accuracy');
#70 = ADVANCED_BREP_SHAPE_REPRESENTATION('',(#11,#71),#3614);
#71 = MANIFOLD_SOLID_BREP('',#72);
#72 = CLOSED_SHELL('',(#73,#113,#144,#175,#197,#230,#263,#296,#329,#362,
    #395,#428,#461,#494,#527,#560,#593,#626,#659,#692,#725,#758,#791,
    #824,#857,#890,#923,#956,#989,#1022,#1055,#1088,#1121,#1154,#1187,
    #1220,#1253,#1286,#1319,#1352,#1385,#1418,#1451,#1484,#1517,#1550,
    #1583,#1616,#1649,#1682,#1715,#1748,#1781,#1814,#1847,#1880,#1913,
    #1946,#1979,#2012,#2045,#2078,#2111,#2144,#2177,#2210,#2243,#2276,
    #2309,#2342,#2375,#2408,#2441,#2474,#2507,#2540,#2573,#2606,#2639,
    #2672,#2705,#2738,#2771,#2804,#2837,#2870,#2903,#2936,#2969,#3002,
    #3035,#3068,#3341));
#73 = ADVANCED_FACE('',(#74),#108,.T.);
#74 = FACE_BOUND('',#75,.T.);
#75 = EDGE_LOOP('',(#76,#86,#94,#102));
#76 = ORIENTED_EDGE('',*,*,#77,.T.);
#77 = EDGE_CURVE('',#78,#80,#82,.T.);
#78 = VERTEX_POINT('',#79);
#79 = CARTESIAN_POINT('',(67.5,47.5,0.));
#80 = VERTEX_POINT('',#81);
#81 = CARTESIAN_POINT('',(67.5,47.5,1.62143948));
#82 = LINE('',#83,#84);
#83 = CARTESIAN_POINT('',(67.5,47.5,0.));
#84 = VECTOR('',#85,1.);
#85 = DIRECTION('',(0.,0.,1.));
#86 = ORIENTED_EDGE('',*,*,#87,.T.);
#87 = EDGE_CURVE('',#80,#88,#90,.T.);
#88 = VERTEX_POINT('',#89);
#89 = CARTESIAN_POINT('',(67.5,103.5,1.62143948));
#90 = LINE('',#91,#92);
#91 = CARTESIAN_POINT('',(67.5,47.5,1.62143948));
#92 = VECTOR('',#93,1.);
#93 = DIRECTION('',(0.,1.,0.));
#94 = ORIENTED_EDGE('',*,*,#95,.F.);
#95 = EDGE_CURVE('',#96,#88,#98,.T.);
#96 = VERTEX_POINT('',#97);
#97 = CARTESIAN_POINT('',(67.5,103.5,0.));
#98 = LINE('',#99,#100);
#99 = CARTESIAN_POINT('',(67.5,103.5,0.));
#100 = VECTOR('',#101,1.);
#101 = DIRECTION('',(0.,0.,1.));
#102 = ORIENTED_EDGE('',*,*,#103,.F.);
#103 = EDGE_CURVE('',#78,#96,#104,.T.);
#104 = LINE('',#105,#106);
#105 = CARTESIAN_POINT('',(67.5,47.5,0.));
#106 = VECTOR('',#107,1.);
#107 = DIRECTION('',(0.,1.,0.));
#108 = PLANE('',#109);
#109 = AXIS2_PLACEMENT_3D('',#110,#111,#112);
#110 = CARTESIAN_POINT('',(67.5,47.5,0.));
#111 = DIRECTION('',(-1.,0.,0.));
#112 = DIRECTION('',(0.,1.,0.));
#113 = ADVANCED_FACE('',(#114),#139,.T.);
#114 = FACE_BOUND('',#115,.T.);
#115 = EDGE_LOOP('',(#116,#117,#125,#133));
#116 = ORIENTED_EDGE('',*,*,#95,.T.);
#117 = ORIENTED_EDGE('',*,*,#118,.T.);
#118 = EDGE_CURVE('',#88,#119,#121,.T.);
#119 = VERTEX_POINT('',#120);
#120 = CARTESIAN_POINT('',(152.5,103.5,1.62143948));
#121 = LINE('',#122,#123);
#122 = CARTESIAN_POINT('',(67.5,103.5,1.62143948));
#123 = VECTOR('',#124,1.);
#124 = DIRECTION('',(1.,0.,0.));
#125 = ORIENTED_EDGE('',*,*,#126,.F.);
#126 = EDGE_CURVE('',#127,#119,#129,.T.);
#127 = VERTEX_POINT('',#128);
#128 = CARTESIAN_POINT('',(152.5,103.5,0.));
#129 = LINE('',#130,#131);
#130 = CARTESIAN_POINT('',(152.5,103.5,0.));
#131 = VECTOR('',#132,1.);
#132 = DIRECTION('',(0.,0.,1.));
#133 = ORIENTED_EDGE('',*,*,#134,.F.);
#134 = EDGE_CURVE('',#96,#127,#135,.T.);
#135 = LINE('',#136,#137);
#136 = CARTESIAN_POINT('',(67.5,103.5,0.));
#137 = VECTOR('',#138,1.);
#138 = DIRECTION('',(1.,0.,0.));
#139 = PLANE('',#140);
#140 = AXIS2_PLACEMENT_3D('',#141,#142,#143);
#141 = CARTESIAN_POINT('',(67.5,103.5,0.));
#142 = DIRECTION('',(0.,1.,0.));
#143 = DIRECTION('',(1.,0.,0.));
#144 = ADVANCED_FACE('',(#145),#170,.T.);
#145 = FACE_BOUND('',#146,.T.);
#146 = EDGE_LOOP('',(#147,#148,#156,#164));
#147 = ORIENTED_EDGE('',*,*,#126,.T.);
#148 = ORIENTED_EDGE('',*,*,#149,.T.);
#149 = EDGE_CURVE('',#119,#150,#152,.T.);
#150 = VERTEX_POINT('',#151);
#151 = CARTESIAN_POINT('',(152.5,47.5,1.62143948));
#152 = LINE('',#153,#154);
#153 = CARTESIAN_POINT('',(152.5,103.5,1.62143948));
#154 = VECTOR('',#155,1.);
#155 = DIRECTION('',(0.,-1.,0.));
#156 = ORIENTED_EDGE('',*,*,#157,.F.);
#157 = EDGE_CURVE('',#158,#150,#160,.T.);
#158 = VERTEX_POINT('',#159);
#159 = CARTESIAN_POINT('',(152.5,47.5,0.));
#160 = LINE('',#161,#162);
#161 = CARTESIAN_POINT('',(152.5,47.5,0.));
#162 = VECTOR('',#163,1.);
#163 = DIRECTION('',(0.,0.,1.));
#164 = ORIENTED_EDGE('',*,*,#165,.F.);
#165 = EDGE_CURVE('',#127,#158,#166,.T.);
#166 = LINE('',#167,#168);
#167 = CARTESIAN_POINT('',(152.5,103.5,0.));
#168 = VECTOR('',#169,1.);
#169 = DIRECTION('',(0.,-1.,0.));
#170 = PLANE('',#171);
#171 = AXIS2_PLACEMENT_3D('',#172,#173,#174);
#172 = CARTESIAN_POINT('',(152.5,103.5,0.));
#173 = DIRECTION('',(1.,0.,-0.));
#174 = DIRECTION('',(0.,-1.,0.));
#175 = ADVANCED_FACE('',(#176),#192,.T.);
#176 = FACE_BOUND('',#177,.T.);
#177 = EDGE_LOOP('',(#178,#179,#185,#186));
#178 = ORIENTED_EDGE('',*,*,#157,.T.);
#179 = ORIENTED_EDGE('',*,*,#180,.T.);
#180 = EDGE_CURVE('',#150,#80,#181,.T.);
#181 = LINE('',#182,#183);
#182 = CARTESIAN_POINT('',(152.5,47.5,1.62143948));
#183 = VECTOR('',#184,1.);
#184 = DIRECTION('',(-1.,0.,0.));
#185 = ORIENTED_EDGE('',*,*,#77,.F.);
#186 = ORIENTED_EDGE('',*,*,#187,.F.);
#187 = EDGE_CURVE('',#158,#78,#188,.T.);
#188 = LINE('',#189,#190);
#189 = CARTESIAN_POINT('',(152.5,47.5,0.));
#190 = VECTOR('',#191,1.);
#191 = DIRECTION('',(-1.,0.,0.));
#192 = PLANE('',#193);
#193 = AXIS2_PLACEMENT_3D('',#194,#195,#196);
#194 = CARTESIAN_POINT('',(152.5,47.5,0.));
#195 = DIRECTION('',(0.,-1.,0.));
#196 = DIRECTION('',(-1.,0.,0.));
#197 = ADVANCED_FACE('',(#198),#225,.F.);
#198 = FACE_BOUND('',#199,.T.);
#199 = EDGE_LOOP('',(#200,#210,#217,#218));
#200 = ORIENTED_EDGE('',*,*,#201,.T.);
#201 = EDGE_CURVE('',#202,#204,#206,.T.);
#202 = VERTEX_POINT('',#203);
#203 = CARTESIAN_POINT('',(77.22,50.,0.));
#204 = VERTEX_POINT('',#205);
#205 = CARTESIAN_POINT('',(77.22,50.,1.62143948));
#206 = LINE('',#207,#208);
#207 = CARTESIAN_POINT('',(77.22,50.,0.));
#208 = VECTOR('',#209,1.);
#209 = DIRECTION('',(0.,0.,1.));
#210 = ORIENTED_EDGE('',*,*,#211,.T.);
#211 = EDGE_CURVE('',#204,#204,#212,.T.);
#212 = CIRCLE('',#213,0.5);
#213 = AXIS2_PLACEMENT_3D('',#214,#215,#216);
#214 = CARTESIAN_POINT('',(76.72,50.,1.62143948));
#215 = DIRECTION('',(0.,0.,1.));
#216 = DIRECTION('',(1.,0.,-0.));
#217 = ORIENTED_EDGE('',*,*,#201,.F.);
#218 = ORIENTED_EDGE('',*,*,#219,.F.);
#219 = EDGE_CURVE('',#202,#202,#220,.T.);
#220 = CIRCLE('',#221,0.5);
#221 = AXIS2_PLACEMENT_3D('',#222,#223,#224);
#222 = CARTESIAN_POINT('',(76.72,50.,0.));
#223 = DIRECTION('',(0.,0.,1.));
#224 = DIRECTION('',(1.,0.,-0.));
#225 = CYLINDRICAL_SURFACE('',#226,0.5);
#226 = AXIS2_PLACEMENT_3D('',#227,#228,#229);
#227 = CARTESIAN_POINT('',(76.72,50.,0.));
#228 = DIRECTION('',(-0.,-0.,-1.));
#229 = DIRECTION('',(1.,0.,-0.));
#230 = ADVANCED_FACE('',(#231),#258,.F.);
#231 = FACE_BOUND('',#232,.T.);
#232 = EDGE_LOOP('',(#233,#243,#250,#251));
#233 = ORIENTED_EDGE('',*,*,#234,.T.);
#234 = EDGE_CURVE('',#235,#237,#239,.T.);
#235 = VERTEX_POINT('',#236);
#236 = CARTESIAN_POINT('',(72.35,51.,0.));
#237 = VERTEX_POINT('',#238);
#238 = CARTESIAN_POINT('',(72.35,51.,1.62143948));
#239 = LINE('',#240,#241);
#240 = CARTESIAN_POINT('',(72.35,51.,0.));
#241 = VECTOR('',#242,1.);
#242 = DIRECTION('',(0.,0.,1.));
#243 = ORIENTED_EDGE('',*,*,#244,.T.);
#244 = EDGE_CURVE('',#237,#237,#245,.T.);
#245 = CIRCLE('',#246,1.35);
#246 = AXIS2_PLACEMENT_3D('',#247,#248,#249);
#247 = CARTESIAN_POINT('',(71.,51.,1.62143948));
#248 = DIRECTION('',(0.,0.,1.));
#249 = DIRECTION('',(1.,0.,-0.));
#250 = ORIENTED_EDGE('',*,*,#234,.F.);
#251 = ORIENTED_EDGE('',*,*,#252,.F.);
#252 = EDGE_CURVE('',#235,#235,#253,.T.);
#253 = CIRCLE('',#254,1.35);
#254 = AXIS2_PLACEMENT_3D('',#255,#256,#257);
#255 = CARTESIAN_POINT('',(71.,51.,0.));
#256 = DIRECTION('',(0.,0.,1.));
#257 = DIRECTION('',(1.,0.,-0.));
#258 = CYLINDRICAL_SURFACE('',#259,1.35);
#259 = AXIS2_PLACEMENT_3D('',#260,#261,#262);
#260 = CARTESIAN_POINT('',(71.,51.,0.));
#261 = DIRECTION('',(-0.,-0.,-1.));
#262 = DIRECTION('',(1.,0.,-0.));
#263 = ADVANCED_FACE('',(#264),#291,.F.);
#264 = FACE_BOUND('',#265,.T.);
#265 = EDGE_LOOP('',(#266,#276,#283,#284));
#266 = ORIENTED_EDGE('',*,*,#267,.T.);
#267 = EDGE_CURVE('',#268,#270,#272,.T.);
#268 = VERTEX_POINT('',#269);
#269 = CARTESIAN_POINT('',(84.84,50.,0.));
#270 = VERTEX_POINT('',#271);
#271 = CARTESIAN_POINT('',(84.84,50.,1.62143948));
#272 = LINE('',#273,#274);
#273 = CARTESIAN_POINT('',(84.84,50.,0.));
#274 = VECTOR('',#275,1.);
#275 = DIRECTION('',(0.,0.,1.));
#276 = ORIENTED_EDGE('',*,*,#277,.T.);
#277 = EDGE_CURVE('',#270,#270,#278,.T.);
#278 = CIRCLE('',#279,0.5);
#279 = AXIS2_PLACEMENT_3D('',#280,#281,#282);
#280 = CARTESIAN_POINT('',(84.34,50.,1.62143948));
#281 = DIRECTION('',(0.,0.,1.));
#282 = DIRECTION('',(1.,0.,-0.));
#283 = ORIENTED_EDGE('',*,*,#267,.F.);
#284 = ORIENTED_EDGE('',*,*,#285,.F.);
#285 = EDGE_CURVE('',#268,#268,#286,.T.);
#286 = CIRCLE('',#287,0.5);
#287 = AXIS2_PLACEMENT_3D('',#288,#289,#290);
#288 = CARTESIAN_POINT('',(84.34,50.,0.));
#289 = DIRECTION('',(0.,0.,1.));
#290 = DIRECTION('',(1.,0.,-0.));
#291 = CYLINDRICAL_SURFACE('',#292,0.5);
#292 = AXIS2_PLACEMENT_3D('',#293,#294,#295);
#293 = CARTESIAN_POINT('',(84.34,50.,0.));
#294 = DIRECTION('',(-0.,-0.,-1.));
#295 = DIRECTION('',(1.,0.,-0.));
#296 = ADVANCED_FACE('',(#297),#324,.F.);
#297 = FACE_BOUND('',#298,.T.);
#298 = EDGE_LOOP('',(#299,#309,#316,#317));
#299 = ORIENTED_EDGE('',*,*,#300,.T.);
#300 = EDGE_CURVE('',#301,#303,#305,.T.);
#301 = VERTEX_POINT('',#302);
#302 = CARTESIAN_POINT('',(79.76,50.,0.));
#303 = VERTEX_POINT('',#304);
#304 = CARTESIAN_POINT('',(79.76,50.,1.62143948));
#305 = LINE('',#306,#307);
#306 = CARTESIAN_POINT('',(79.76,50.,0.));
#307 = VECTOR('',#308,1.);
#308 = DIRECTION('',(0.,0.,1.));
#309 = ORIENTED_EDGE('',*,*,#310,.T.);
#310 = EDGE_CURVE('',#303,#303,#311,.T.);
#311 = CIRCLE('',#312,0.5);
#312 = AXIS2_PLACEMENT_3D('',#313,#314,#315);
#313 = CARTESIAN_POINT('',(79.26,50.,1.62143948));
#314 = DIRECTION('',(0.,0.,1.));
#315 = DIRECTION('',(1.,0.,-0.));
#316 = ORIENTED_EDGE('',*,*,#300,.F.);
#317 = ORIENTED_EDGE('',*,*,#318,.F.);
#318 = EDGE_CURVE('',#301,#301,#319,.T.);
#319 = CIRCLE('',#320,0.5);
#320 = AXIS2_PLACEMENT_3D('',#321,#322,#323);
#321 = CARTESIAN_POINT('',(79.26,50.,0.));
#322 = DIRECTION('',(0.,0.,1.));
#323 = DIRECTION('',(1.,0.,-0.));
#324 = CYLINDRICAL_SURFACE('',#325,0.5);
#325 = AXIS2_PLACEMENT_3D('',#326,#327,#328);
#326 = CARTESIAN_POINT('',(79.26,50.,0.));
#327 = DIRECTION('',(-0.,-0.,-1.));
#328 = DIRECTION('',(1.,0.,-0.));
#329 = ADVANCED_FACE('',(#330),#357,.F.);
#330 = FACE_BOUND('',#331,.T.);
#331 = EDGE_LOOP('',(#332,#342,#349,#350));
#332 = ORIENTED_EDGE('',*,*,#333,.T.);
#333 = EDGE_CURVE('',#334,#336,#338,.T.);
#334 = VERTEX_POINT('',#335);
#335 = CARTESIAN_POINT('',(82.3,50.,0.));
#336 = VERTEX_POINT('',#337);
#337 = CARTESIAN_POINT('',(82.3,50.,1.62143948));
#338 = LINE('',#339,#340);
#339 = CARTESIAN_POINT('',(82.3,50.,0.));
#340 = VECTOR('',#341,1.);
#341 = DIRECTION('',(0.,0.,1.));
#342 = ORIENTED_EDGE('',*,*,#343,.T.);
#343 = EDGE_CURVE('',#336,#336,#344,.T.);
#344 = CIRCLE('',#345,0.5);
#345 = AXIS2_PLACEMENT_3D('',#346,#347,#348);
#346 = CARTESIAN_POINT('',(81.8,50.,1.62143948));
#347 = DIRECTION('',(0.,0.,1.));
#348 = DIRECTION('',(1.,0.,-0.));
#349 = ORIENTED_EDGE('',*,*,#333,.F.);
#350 = ORIENTED_EDGE('',*,*,#351,.F.);
#351 = EDGE_CURVE('',#334,#334,#352,.T.);
#352 = CIRCLE('',#353,0.5);
#353 = AXIS2_PLACEMENT_3D('',#354,#355,#356);
#354 = CARTESIAN_POINT('',(81.8,50.,0.));
#355 = DIRECTION('',(0.,0.,1.));
#356 = DIRECTION('',(1.,0.,-0.));
#357 = CYLINDRICAL_SURFACE('',#358,0.5);
#358 = AXIS2_PLACEMENT_3D('',#359,#360,#361);
#359 = CARTESIAN_POINT('',(81.8,50.,0.));
#360 = DIRECTION('',(-0.,-0.,-1.));
#361 = DIRECTION('',(1.,0.,-0.));
#362 = ADVANCED_FACE('',(#363),#390,.F.);
#363 = FACE_BOUND('',#364,.T.);
#364 = EDGE_LOOP('',(#365,#375,#382,#383));
#365 = ORIENTED_EDGE('',*,*,#366,.T.);
#366 = EDGE_CURVE('',#367,#369,#371,.T.);
#367 = VERTEX_POINT('',#368);
#368 = CARTESIAN_POINT('',(75.4,71.5,0.));
#369 = VERTEX_POINT('',#370);
#370 = CARTESIAN_POINT('',(75.4,71.5,1.62143948));
#371 = LINE('',#372,#373);
#372 = CARTESIAN_POINT('',(75.4,71.5,0.));
#373 = VECTOR('',#374,1.);
#374 = DIRECTION('',(0.,0.,1.));
#375 = ORIENTED_EDGE('',*,*,#376,.T.);
#376 = EDGE_CURVE('',#369,#369,#377,.T.);
#377 = CIRCLE('',#378,1.6);
#378 = AXIS2_PLACEMENT_3D('',#379,#380,#381);
#379 = CARTESIAN_POINT('',(73.8,71.5,1.62143948));
#380 = DIRECTION('',(0.,0.,1.));
#381 = DIRECTION('',(1.,0.,-0.));
#382 = ORIENTED_EDGE('',*,*,#366,.F.);
#383 = ORIENTED_EDGE('',*,*,#384,.F.);
#384 = EDGE_CURVE('',#367,#367,#385,.T.);
#385 = CIRCLE('',#386,1.6);
#386 = AXIS2_PLACEMENT_3D('',#387,#388,#389);
#387 = CARTESIAN_POINT('',(73.8,71.5,0.));
#388 = DIRECTION('',(0.,0.,1.));
#389 = DIRECTION('',(1.,0.,-0.));
#390 = CYLINDRICAL_SURFACE('',#391,1.6);
#391 = AXIS2_PLACEMENT_3D('',#392,#393,#394);
#392 = CARTESIAN_POINT('',(73.8,71.5,0.));
#393 = DIRECTION('',(-0.,-0.,-1.));
#394 = DIRECTION('',(1.,0.,-0.));
#395 = ADVANCED_FACE('',(#396),#423,.F.);
#396 = FACE_BOUND('',#397,.T.);
#397 = EDGE_LOOP('',(#398,#408,#415,#416));
#398 = ORIENTED_EDGE('',*,*,#399,.T.);
#399 = EDGE_CURVE('',#400,#402,#404,.T.);
#400 = VERTEX_POINT('',#401);
#401 = CARTESIAN_POINT('',(75.4,90.7,0.));
#402 = VERTEX_POINT('',#403);
#403 = CARTESIAN_POINT('',(75.4,90.7,1.62143948));
#404 = LINE('',#405,#406);
#405 = CARTESIAN_POINT('',(75.4,90.7,0.));
#406 = VECTOR('',#407,1.);
#407 = DIRECTION('',(0.,0.,1.));
#408 = ORIENTED_EDGE('',*,*,#409,.T.);
#409 = EDGE_CURVE('',#402,#402,#410,.T.);
#410 = CIRCLE('',#411,1.6);
#411 = AXIS2_PLACEMENT_3D('',#412,#413,#414);
#412 = CARTESIAN_POINT('',(73.8,90.7,1.62143948));
#413 = DIRECTION('',(0.,0.,1.));
#414 = DIRECTION('',(1.,0.,-0.));
#415 = ORIENTED_EDGE('',*,*,#399,.F.);
#416 = ORIENTED_EDGE('',*,*,#417,.F.);
#417 = EDGE_CURVE('',#400,#400,#418,.T.);
#418 = CIRCLE('',#419,1.6);
#419 = AXIS2_PLACEMENT_3D('',#420,#421,#422);
#420 = CARTESIAN_POINT('',(73.8,90.7,0.));
#421 = DIRECTION('',(0.,0.,1.));
#422 = DIRECTION('',(1.,0.,-0.));
#423 = CYLINDRICAL_SURFACE('',#424,1.6);
#424 = AXIS2_PLACEMENT_3D('',#425,#426,#427);
#425 = CARTESIAN_POINT('',(73.8,90.7,0.));
#426 = DIRECTION('',(-0.,-0.,-1.));
#427 = DIRECTION('',(1.,0.,-0.));
#428 = ADVANCED_FACE('',(#429),#456,.F.);
#429 = FACE_BOUND('',#430,.T.);
#430 = EDGE_LOOP('',(#431,#441,#448,#449));
#431 = ORIENTED_EDGE('',*,*,#432,.T.);
#432 = EDGE_CURVE('',#433,#435,#437,.T.);
#433 = VERTEX_POINT('',#434);
#434 = CARTESIAN_POINT('',(83.99,98.73,0.));
#435 = VERTEX_POINT('',#436);
#436 = CARTESIAN_POINT('',(83.99,98.73,1.62143948));
#437 = LINE('',#438,#439);
#438 = CARTESIAN_POINT('',(83.99,98.73,0.));
#439 = VECTOR('',#440,1.);
#440 = DIRECTION('',(0.,0.,1.));
#441 = ORIENTED_EDGE('',*,*,#442,.T.);
#442 = EDGE_CURVE('',#435,#435,#443,.T.);
#443 = CIRCLE('',#444,0.5);
#444 = AXIS2_PLACEMENT_3D('',#445,#446,#447);
#445 = CARTESIAN_POINT('',(83.49,98.73,1.62143948));
#446 = DIRECTION('',(0.,0.,1.));
#447 = DIRECTION('',(1.,0.,-0.));
#448 = ORIENTED_EDGE('',*,*,#432,.F.);
#449 = ORIENTED_EDGE('',*,*,#450,.F.);
#450 = EDGE_CURVE('',#433,#433,#451,.T.);
#451 = CIRCLE('',#452,0.5);
#452 = AXIS2_PLACEMENT_3D('',#453,#454,#455);
#453 = CARTESIAN_POINT('',(83.49,98.73,0.));
#454 = DIRECTION('',(0.,0.,1.));
#455 = DIRECTION('',(1.,0.,-0.));
#456 = CYLINDRICAL_SURFACE('',#457,0.5);
#457 = AXIS2_PLACEMENT_3D('',#458,#459,#460);
#458 = CARTESIAN_POINT('',(83.49,98.73,0.));
#459 = DIRECTION('',(-0.,-0.,-1.));
#460 = DIRECTION('',(1.,0.,-0.));
#461 = ADVANCED_FACE('',(#462),#489,.F.);
#462 = FACE_BOUND('',#463,.T.);
#463 = EDGE_LOOP('',(#464,#474,#481,#482));
#464 = ORIENTED_EDGE('',*,*,#465,.T.);
#465 = EDGE_CURVE('',#466,#468,#470,.T.);
#466 = VERTEX_POINT('',#467);
#467 = CARTESIAN_POINT('',(76.37,98.73,0.));
#468 = VERTEX_POINT('',#469);
#469 = CARTESIAN_POINT('',(76.37,98.73,1.62143948));
#470 = LINE('',#471,#472);
#471 = CARTESIAN_POINT('',(76.37,98.73,0.));
#472 = VECTOR('',#473,1.);
#473 = DIRECTION('',(0.,0.,1.));
#474 = ORIENTED_EDGE('',*,*,#475,.T.);
#475 = EDGE_CURVE('',#468,#468,#476,.T.);
#476 = CIRCLE('',#477,0.5);
#477 = AXIS2_PLACEMENT_3D('',#478,#479,#480);
#478 = CARTESIAN_POINT('',(75.87,98.73,1.62143948));
#479 = DIRECTION('',(0.,0.,1.));
#480 = DIRECTION('',(1.,0.,-0.));
#481 = ORIENTED_EDGE('',*,*,#465,.F.);
#482 = ORIENTED_EDGE('',*,*,#483,.F.);
#483 = EDGE_CURVE('',#466,#466,#484,.T.);
#484 = CIRCLE('',#485,0.5);
#485 = AXIS2_PLACEMENT_3D('',#486,#487,#488);
#486 = CARTESIAN_POINT('',(75.87,98.73,0.));
#487 = DIRECTION('',(0.,0.,1.));
#488 = DIRECTION('',(1.,0.,-0.));
#489 = CYLINDRICAL_SURFACE('',#490,0.5);
#490 = AXIS2_PLACEMENT_3D('',#491,#492,#493);
#491 = CARTESIAN_POINT('',(75.87,98.73,0.));
#492 = DIRECTION('',(-0.,-0.,-1.));
#493 = DIRECTION('',(1.,0.,-0.));
#494 = ADVANCED_FACE('',(#495),#522,.F.);
#495 = FACE_BOUND('',#496,.T.);
#496 = EDGE_LOOP('',(#497,#507,#514,#515));
#497 = ORIENTED_EDGE('',*,*,#498,.T.);
#498 = EDGE_CURVE('',#499,#501,#503,.T.);
#499 = VERTEX_POINT('',#500);
#500 = CARTESIAN_POINT('',(78.91,98.73,0.));
#501 = VERTEX_POINT('',#502);
#502 = CARTESIAN_POINT('',(78.91,98.73,1.62143948));
#503 = LINE('',#504,#505);
#504 = CARTESIAN_POINT('',(78.91,98.73,0.));
#505 = VECTOR('',#506,1.);
#506 = DIRECTION('',(0.,0.,1.));
#507 = ORIENTED_EDGE('',*,*,#508,.T.);
#508 = EDGE_CURVE('',#501,#501,#509,.T.);
#509 = CIRCLE('',#510,0.5);
#510 = AXIS2_PLACEMENT_3D('',#511,#512,#513);
#511 = CARTESIAN_POINT('',(78.41,98.73,1.62143948));
#512 = DIRECTION('',(0.,0.,1.));
#513 = DIRECTION('',(1.,0.,-0.));
#514 = ORIENTED_EDGE('',*,*,#498,.F.);
#515 = ORIENTED_EDGE('',*,*,#516,.F.);
#516 = EDGE_CURVE('',#499,#499,#517,.T.);
#517 = CIRCLE('',#518,0.5);
#518 = AXIS2_PLACEMENT_3D('',#519,#520,#521);
#519 = CARTESIAN_POINT('',(78.41,98.73,0.));
#520 = DIRECTION('',(0.,0.,1.));
#521 = DIRECTION('',(1.,0.,-0.));
#522 = CYLINDRICAL_SURFACE('',#523,0.5);
#523 = AXIS2_PLACEMENT_3D('',#524,#525,#526);
#524 = CARTESIAN_POINT('',(78.41,98.73,0.));
#525 = DIRECTION('',(-0.,-0.,-1.));
#526 = DIRECTION('',(1.,0.,-0.));
#527 = ADVANCED_FACE('',(#528),#555,.F.);
#528 = FACE_BOUND('',#529,.T.);
#529 = EDGE_LOOP('',(#530,#540,#547,#548));
#530 = ORIENTED_EDGE('',*,*,#531,.T.);
#531 = EDGE_CURVE('',#532,#534,#536,.T.);
#532 = VERTEX_POINT('',#533);
#533 = CARTESIAN_POINT('',(89.92,50.,0.));
#534 = VERTEX_POINT('',#535);
#535 = CARTESIAN_POINT('',(89.92,50.,1.62143948));
#536 = LINE('',#537,#538);
#537 = CARTESIAN_POINT('',(89.92,50.,0.));
#538 = VECTOR('',#539,1.);
#539 = DIRECTION('',(0.,0.,1.));
#540 = ORIENTED_EDGE('',*,*,#541,.T.);
#541 = EDGE_CURVE('',#534,#534,#542,.T.);
#542 = CIRCLE('',#543,0.5);
#543 = AXIS2_PLACEMENT_3D('',#544,#545,#546);
#544 = CARTESIAN_POINT('',(89.42,50.,1.62143948));
#545 = DIRECTION('',(0.,0.,1.));
#546 = DIRECTION('',(1.,0.,-0.));
#547 = ORIENTED_EDGE('',*,*,#531,.F.);
#548 = ORIENTED_EDGE('',*,*,#549,.F.);
#549 = EDGE_CURVE('',#532,#532,#550,.T.);
#550 = CIRCLE('',#551,0.5);
#551 = AXIS2_PLACEMENT_3D('',#552,#553,#554);
#552 = CARTESIAN_POINT('',(89.42,50.,0.));
#553 = DIRECTION('',(0.,0.,1.));
#554 = DIRECTION('',(1.,0.,-0.));
#555 = CYLINDRICAL_SURFACE('',#556,0.5);
#556 = AXIS2_PLACEMENT_3D('',#557,#558,#559);
#557 = CARTESIAN_POINT('',(89.42,50.,0.));
#558 = DIRECTION('',(-0.,-0.,-1.));
#559 = DIRECTION('',(1.,0.,-0.));
#560 = ADVANCED_FACE('',(#561),#588,.F.);
#561 = FACE_BOUND('',#562,.T.);
#562 = EDGE_LOOP('',(#563,#573,#580,#581));
#563 = ORIENTED_EDGE('',*,*,#564,.T.);
#564 = EDGE_CURVE('',#565,#567,#569,.T.);
#565 = VERTEX_POINT('',#566);
#566 = CARTESIAN_POINT('',(87.38,50.,0.));
#567 = VERTEX_POINT('',#568);
#568 = CARTESIAN_POINT('',(87.38,50.,1.62143948));
#569 = LINE('',#570,#571);
#570 = CARTESIAN_POINT('',(87.38,50.,0.));
#571 = VECTOR('',#572,1.);
#572 = DIRECTION('',(0.,0.,1.));
#573 = ORIENTED_EDGE('',*,*,#574,.T.);
#574 = EDGE_CURVE('',#567,#567,#575,.T.);
#575 = CIRCLE('',#576,0.5);
#576 = AXIS2_PLACEMENT_3D('',#577,#578,#579);
#577 = CARTESIAN_POINT('',(86.88,50.,1.62143948));
#578 = DIRECTION('',(0.,0.,1.));
#579 = DIRECTION('',(1.,0.,-0.));
#580 = ORIENTED_EDGE('',*,*,#564,.F.);
#581 = ORIENTED_EDGE('',*,*,#582,.F.);
#582 = EDGE_CURVE('',#565,#565,#583,.T.);
#583 = CIRCLE('',#584,0.5);
#584 = AXIS2_PLACEMENT_3D('',#585,#586,#587);
#585 = CARTESIAN_POINT('',(86.88,50.,0.));
#586 = DIRECTION('',(0.,0.,1.));
#587 = DIRECTION('',(1.,0.,-0.));
#588 = CYLINDRICAL_SURFACE('',#589,0.5);
#589 = AXIS2_PLACEMENT_3D('',#590,#591,#592);
#590 = CARTESIAN_POINT('',(86.88,50.,0.));
#591 = DIRECTION('',(-0.,-0.,-1.));
#592 = DIRECTION('',(1.,0.,-0.));
#593 = ADVANCED_FACE('',(#594),#621,.F.);
#594 = FACE_BOUND('',#595,.T.);
#595 = EDGE_LOOP('',(#596,#606,#613,#614));
#596 = ORIENTED_EDGE('',*,*,#597,.T.);
#597 = EDGE_CURVE('',#598,#600,#602,.T.);
#598 = VERTEX_POINT('',#599);
#599 = CARTESIAN_POINT('',(92.46,50.,0.));
#600 = VERTEX_POINT('',#601);
#601 = CARTESIAN_POINT('',(92.46,50.,1.62143948));
#602 = LINE('',#603,#604);
#603 = CARTESIAN_POINT('',(92.46,50.,0.));
#604 = VECTOR('',#605,1.);
#605 = DIRECTION('',(0.,0.,1.));
#606 = ORIENTED_EDGE('',*,*,#607,.T.);
#607 = EDGE_CURVE('',#600,#600,#608,.T.);
#608 = CIRCLE('',#609,0.5);
#609 = AXIS2_PLACEMENT_3D('',#610,#611,#612);
#610 = CARTESIAN_POINT('',(91.96,50.,1.62143948));
#611 = DIRECTION('',(0.,0.,1.));
#612 = DIRECTION('',(1.,0.,-0.));
#613 = ORIENTED_EDGE('',*,*,#597,.F.);
#614 = ORIENTED_EDGE('',*,*,#615,.F.);
#615 = EDGE_CURVE('',#598,#598,#616,.T.);
#616 = CIRCLE('',#617,0.5);
#617 = AXIS2_PLACEMENT_3D('',#618,#619,#620);
#618 = CARTESIAN_POINT('',(91.96,50.,0.));
#619 = DIRECTION('',(0.,0.,1.));
#620 = DIRECTION('',(1.,0.,-0.));
#621 = CYLINDRICAL_SURFACE('',#622,0.5);
#622 = AXIS2_PLACEMENT_3D('',#623,#624,#625);
#623 = CARTESIAN_POINT('',(91.96,50.,0.));
#624 = DIRECTION('',(-0.,-0.,-1.));
#625 = DIRECTION('',(1.,0.,-0.));
#626 = ADVANCED_FACE('',(#627),#654,.F.);
#627 = FACE_BOUND('',#628,.T.);
#628 = EDGE_LOOP('',(#629,#639,#646,#647));
#629 = ORIENTED_EDGE('',*,*,#630,.T.);
#630 = EDGE_CURVE('',#631,#633,#635,.T.);
#631 = VERTEX_POINT('',#632);
#632 = CARTESIAN_POINT('',(95.,50.,0.));
#633 = VERTEX_POINT('',#634);
#634 = CARTESIAN_POINT('',(95.,50.,1.62143948));
#635 = LINE('',#636,#637);
#636 = CARTESIAN_POINT('',(95.,50.,0.));
#637 = VECTOR('',#638,1.);
#638 = DIRECTION('',(0.,0.,1.));
#639 = ORIENTED_EDGE('',*,*,#640,.T.);
#640 = EDGE_CURVE('',#633,#633,#641,.T.);
#641 = CIRCLE('',#642,0.5);
#642 = AXIS2_PLACEMENT_3D('',#643,#644,#645);
#643 = CARTESIAN_POINT('',(94.5,50.,1.62143948));
#644 = DIRECTION('',(0.,0.,1.));
#645 = DIRECTION('',(1.,0.,-0.));
#646 = ORIENTED_EDGE('',*,*,#630,.F.);
#647 = ORIENTED_EDGE('',*,*,#648,.F.);
#648 = EDGE_CURVE('',#631,#631,#649,.T.);
#649 = CIRCLE('',#650,0.5);
#650 = AXIS2_PLACEMENT_3D('',#651,#652,#653);
#651 = CARTESIAN_POINT('',(94.5,50.,0.));
#652 = DIRECTION('',(0.,0.,1.));
#653 = DIRECTION('',(1.,0.,-0.));
#654 = CYLINDRICAL_SURFACE('',#655,0.5);
#655 = AXIS2_PLACEMENT_3D('',#656,#657,#658);
#656 = CARTESIAN_POINT('',(94.5,50.,0.));
#657 = DIRECTION('',(-0.,-0.,-1.));
#658 = DIRECTION('',(1.,0.,-0.));
#659 = ADVANCED_FACE('',(#660),#687,.F.);
#660 = FACE_BOUND('',#661,.T.);
#661 = EDGE_LOOP('',(#662,#672,#679,#680));
#662 = ORIENTED_EDGE('',*,*,#663,.T.);
#663 = EDGE_CURVE('',#664,#666,#668,.T.);
#664 = VERTEX_POINT('',#665);
#665 = CARTESIAN_POINT('',(102.9,51.5,0.));
#666 = VERTEX_POINT('',#667);
#667 = CARTESIAN_POINT('',(102.9,51.5,1.62143948));
#668 = LINE('',#669,#670);
#669 = CARTESIAN_POINT('',(102.9,51.5,0.));
#670 = VECTOR('',#671,1.);
#671 = DIRECTION('',(0.,0.,1.));
#672 = ORIENTED_EDGE('',*,*,#673,.T.);
#673 = EDGE_CURVE('',#666,#666,#674,.T.);
#674 = CIRCLE('',#675,0.4);
#675 = AXIS2_PLACEMENT_3D('',#676,#677,#678);
#676 = CARTESIAN_POINT('',(102.5,51.5,1.62143948));
#677 = DIRECTION('',(0.,0.,1.));
#678 = DIRECTION('',(1.,0.,-0.));
#679 = ORIENTED_EDGE('',*,*,#663,.F.);
#680 = ORIENTED_EDGE('',*,*,#681,.F.);
#681 = EDGE_CURVE('',#664,#664,#682,.T.);
#682 = CIRCLE('',#683,0.4);
#683 = AXIS2_PLACEMENT_3D('',#684,#685,#686);
#684 = CARTESIAN_POINT('',(102.5,51.5,0.));
#685 = DIRECTION('',(0.,0.,1.));
#686 = DIRECTION('',(1.,0.,-0.));
#687 = CYLINDRICAL_SURFACE('',#688,0.4);
#688 = AXIS2_PLACEMENT_3D('',#689,#690,#691);
#689 = CARTESIAN_POINT('',(102.5,51.5,0.));
#690 = DIRECTION('',(-0.,-0.,-1.));
#691 = DIRECTION('',(1.,0.,-0.));
#692 = ADVANCED_FACE('',(#693),#720,.F.);
#693 = FACE_BOUND('',#694,.T.);
#694 = EDGE_LOOP('',(#695,#705,#712,#713));
#695 = ORIENTED_EDGE('',*,*,#696,.T.);
#696 = EDGE_CURVE('',#697,#699,#701,.T.);
#697 = VERTEX_POINT('',#698);
#698 = CARTESIAN_POINT('',(102.9,62.5,0.));
#699 = VERTEX_POINT('',#700);
#700 = CARTESIAN_POINT('',(102.9,62.5,1.62143948));
#701 = LINE('',#702,#703);
#702 = CARTESIAN_POINT('',(102.9,62.5,0.));
#703 = VECTOR('',#704,1.);
#704 = DIRECTION('',(0.,0.,1.));
#705 = ORIENTED_EDGE('',*,*,#706,.T.);
#706 = EDGE_CURVE('',#699,#699,#707,.T.);
#707 = CIRCLE('',#708,0.4);
#708 = AXIS2_PLACEMENT_3D('',#709,#710,#711);
#709 = CARTESIAN_POINT('',(102.5,62.5,1.62143948));
#710 = DIRECTION('',(0.,0.,1.));
#711 = DIRECTION('',(1.,0.,-0.));
#712 = ORIENTED_EDGE('',*,*,#696,.F.);
#713 = ORIENTED_EDGE('',*,*,#714,.F.);
#714 = EDGE_CURVE('',#697,#697,#715,.T.);
#715 = CIRCLE('',#716,0.4);
#716 = AXIS2_PLACEMENT_3D('',#717,#718,#719);
#717 = CARTESIAN_POINT('',(102.5,62.5,0.));
#718 = DIRECTION('',(0.,0.,1.));
#719 = DIRECTION('',(1.,0.,-0.));
#720 = CYLINDRICAL_SURFACE('',#721,0.4);
#721 = AXIS2_PLACEMENT_3D('',#722,#723,#724);
#722 = CARTESIAN_POINT('',(102.5,62.5,0.));
#723 = DIRECTION('',(-0.,-0.,-1.));
#724 = DIRECTION('',(1.,0.,-0.));
#725 = ADVANCED_FACE('',(#726),#753,.F.);
#726 = FACE_BOUND('',#727,.T.);
#727 = EDGE_LOOP('',(#728,#738,#745,#746));
#728 = ORIENTED_EDGE('',*,*,#729,.T.);
#729 = EDGE_CURVE('',#730,#732,#734,.T.);
#730 = VERTEX_POINT('',#731);
#731 = CARTESIAN_POINT('',(86.53,98.73,0.));
#732 = VERTEX_POINT('',#733);
#733 = CARTESIAN_POINT('',(86.53,98.73,1.62143948));
#734 = LINE('',#735,#736);
#735 = CARTESIAN_POINT('',(86.53,98.73,0.));
#736 = VECTOR('',#737,1.);
#737 = DIRECTION('',(0.,0.,1.));
#738 = ORIENTED_EDGE('',*,*,#739,.T.);
#739 = EDGE_CURVE('',#732,#732,#740,.T.);
#740 = CIRCLE('',#741,0.5);
#741 = AXIS2_PLACEMENT_3D('',#742,#743,#744);
#742 = CARTESIAN_POINT('',(86.03,98.73,1.62143948));
#743 = DIRECTION('',(0.,0.,1.));
#744 = DIRECTION('',(1.,0.,-0.));
#745 = ORIENTED_EDGE('',*,*,#729,.F.);
#746 = ORIENTED_EDGE('',*,*,#747,.F.);
#747 = EDGE_CURVE('',#730,#730,#748,.T.);
#748 = CIRCLE('',#749,0.5);
#749 = AXIS2_PLACEMENT_3D('',#750,#751,#752);
#750 = CARTESIAN_POINT('',(86.03,98.73,0.));
#751 = DIRECTION('',(0.,0.,1.));
#752 = DIRECTION('',(1.,0.,-0.));
#753 = CYLINDRICAL_SURFACE('',#754,0.5);
#754 = AXIS2_PLACEMENT_3D('',#755,#756,#757);
#755 = CARTESIAN_POINT('',(86.03,98.73,0.));
#756 = DIRECTION('',(-0.,-0.,-1.));
#757 = DIRECTION('',(1.,0.,-0.));
#758 = ADVANCED_FACE('',(#759),#786,.F.);
#759 = FACE_BOUND('',#760,.T.);
#760 = EDGE_LOOP('',(#761,#771,#778,#779));
#761 = ORIENTED_EDGE('',*,*,#762,.T.);
#762 = EDGE_CURVE('',#763,#765,#767,.T.);
#763 = VERTEX_POINT('',#764);
#764 = CARTESIAN_POINT('',(89.07,98.73,0.));
#765 = VERTEX_POINT('',#766);
#766 = CARTESIAN_POINT('',(89.07,98.73,1.62143948));
#767 = LINE('',#768,#769);
#768 = CARTESIAN_POINT('',(89.07,98.73,0.));
#769 = VECTOR('',#770,1.);
#770 = DIRECTION('',(0.,0.,1.));
#771 = ORIENTED_EDGE('',*,*,#772,.T.);
#772 = EDGE_CURVE('',#765,#765,#773,.T.);
#773 = CIRCLE('',#774,0.5);
#774 = AXIS2_PLACEMENT_3D('',#775,#776,#777);
#775 = CARTESIAN_POINT('',(88.57,98.73,1.62143948));
#776 = DIRECTION('',(0.,0.,1.));
#777 = DIRECTION('',(1.,0.,-0.));
#778 = ORIENTED_EDGE('',*,*,#762,.F.);
#779 = ORIENTED_EDGE('',*,*,#780,.F.);
#780 = EDGE_CURVE('',#763,#763,#781,.T.);
#781 = CIRCLE('',#782,0.5);
#782 = AXIS2_PLACEMENT_3D('',#783,#784,#785);
#783 = CARTESIAN_POINT('',(88.57,98.73,0.));
#784 = DIRECTION('',(0.,0.,1.));
#785 = DIRECTION('',(1.,0.,-0.));
#786 = CYLINDRICAL_SURFACE('',#787,0.5);
#787 = AXIS2_PLACEMENT_3D('',#788,#789,#790);
#788 = CARTESIAN_POINT('',(88.57,98.73,0.));
#789 = DIRECTION('',(-0.,-0.,-1.));
#790 = DIRECTION('',(1.,0.,-0.));
#791 = ADVANCED_FACE('',(#792),#819,.F.);
#792 = FACE_BOUND('',#793,.T.);
#793 = EDGE_LOOP('',(#794,#804,#811,#812));
#794 = ORIENTED_EDGE('',*,*,#795,.T.);
#795 = EDGE_CURVE('',#796,#798,#800,.T.);
#796 = VERTEX_POINT('',#797);
#797 = CARTESIAN_POINT('',(106.6,71.5,0.));
#798 = VERTEX_POINT('',#799);
#799 = CARTESIAN_POINT('',(106.6,71.5,1.62143948));
#800 = LINE('',#801,#802);
#801 = CARTESIAN_POINT('',(106.6,71.5,0.));
#802 = VECTOR('',#803,1.);
#803 = DIRECTION('',(0.,0.,1.));
#804 = ORIENTED_EDGE('',*,*,#805,.T.);
#805 = EDGE_CURVE('',#798,#798,#806,.T.);
#806 = CIRCLE('',#807,1.6);
#807 = AXIS2_PLACEMENT_3D('',#808,#809,#810);
#808 = CARTESIAN_POINT('',(105.,71.5,1.62143948));
#809 = DIRECTION('',(0.,0.,1.));
#810 = DIRECTION('',(1.,0.,-0.));
#811 = ORIENTED_EDGE('',*,*,#795,.F.);
#812 = ORIENTED_EDGE('',*,*,#813,.F.);
#813 = EDGE_CURVE('',#796,#796,#814,.T.);
#814 = CIRCLE('',#815,1.6);
#815 = AXIS2_PLACEMENT_3D('',#816,#817,#818);
#816 = CARTESIAN_POINT('',(105.,71.5,0.));
#817 = DIRECTION('',(0.,0.,1.));
#818 = DIRECTION('',(1.,0.,-0.));
#819 = CYLINDRICAL_SURFACE('',#820,1.6);
#820 = AXIS2_PLACEMENT_3D('',#821,#822,#823);
#821 = CARTESIAN_POINT('',(105.,71.5,0.));
#822 = DIRECTION('',(-0.,-0.,-1.));
#823 = DIRECTION('',(1.,0.,-0.));
#824 = ADVANCED_FACE('',(#825),#852,.F.);
#825 = FACE_BOUND('',#826,.T.);
#826 = EDGE_LOOP('',(#827,#837,#844,#845));
#827 = ORIENTED_EDGE('',*,*,#828,.T.);
#828 = EDGE_CURVE('',#829,#831,#833,.T.);
#829 = VERTEX_POINT('',#830);
#830 = CARTESIAN_POINT('',(106.6,90.7,0.));
#831 = VERTEX_POINT('',#832);
#832 = CARTESIAN_POINT('',(106.6,90.7,1.62143948));
#833 = LINE('',#834,#835);
#834 = CARTESIAN_POINT('',(106.6,90.7,0.));
#835 = VECTOR('',#836,1.);
#836 = DIRECTION('',(0.,0.,1.));
#837 = ORIENTED_EDGE('',*,*,#838,.T.);
#838 = EDGE_CURVE('',#831,#831,#839,.T.);
#839 = CIRCLE('',#840,1.6);
#840 = AXIS2_PLACEMENT_3D('',#841,#842,#843);
#841 = CARTESIAN_POINT('',(105.,90.7,1.62143948));
#842 = DIRECTION('',(0.,0.,1.));
#843 = DIRECTION('',(1.,0.,-0.));
#844 = ORIENTED_EDGE('',*,*,#828,.F.);
#845 = ORIENTED_EDGE('',*,*,#846,.F.);
#846 = EDGE_CURVE('',#829,#829,#847,.T.);
#847 = CIRCLE('',#848,1.6);
#848 = AXIS2_PLACEMENT_3D('',#849,#850,#851);
#849 = CARTESIAN_POINT('',(105.,90.7,0.));
#850 = DIRECTION('',(0.,0.,1.));
#851 = DIRECTION('',(1.,0.,-0.));
#852 = CYLINDRICAL_SURFACE('',#853,1.6);
#853 = AXIS2_PLACEMENT_3D('',#854,#855,#856);
#854 = CARTESIAN_POINT('',(105.,90.7,0.));
#855 = DIRECTION('',(-0.,-0.,-1.));
#856 = DIRECTION('',(1.,0.,-0.));
#857 = ADVANCED_FACE('',(#858),#885,.F.);
#858 = FACE_BOUND('',#859,.T.);
#859 = EDGE_LOOP('',(#860,#870,#877,#878));
#860 = ORIENTED_EDGE('',*,*,#861,.T.);
#861 = EDGE_CURVE('',#862,#864,#866,.T.);
#862 = VERTEX_POINT('',#863);
#863 = CARTESIAN_POINT('',(106.9,81.02,0.));
#864 = VERTEX_POINT('',#865);
#865 = CARTESIAN_POINT('',(106.9,81.02,1.62143948));
#866 = LINE('',#867,#868);
#867 = CARTESIAN_POINT('',(106.9,81.02,0.));
#868 = VECTOR('',#869,1.);
#869 = DIRECTION('',(0.,0.,1.));
#870 = ORIENTED_EDGE('',*,*,#871,.T.);
#871 = EDGE_CURVE('',#864,#864,#872,.T.);
#872 = CIRCLE('',#873,0.5);
#873 = AXIS2_PLACEMENT_3D('',#874,#875,#876);
#874 = CARTESIAN_POINT('',(106.4,81.02,1.62143948));
#875 = DIRECTION('',(0.,0.,1.));
#876 = DIRECTION('',(1.,0.,-0.));
#877 = ORIENTED_EDGE('',*,*,#861,.F.);
#878 = ORIENTED_EDGE('',*,*,#879,.F.);
#879 = EDGE_CURVE('',#862,#862,#880,.T.);
#880 = CIRCLE('',#881,0.5);
#881 = AXIS2_PLACEMENT_3D('',#882,#883,#884);
#882 = CARTESIAN_POINT('',(106.4,81.02,0.));
#883 = DIRECTION('',(0.,0.,1.));
#884 = DIRECTION('',(1.,0.,-0.));
#885 = CYLINDRICAL_SURFACE('',#886,0.5);
#886 = AXIS2_PLACEMENT_3D('',#887,#888,#889);
#887 = CARTESIAN_POINT('',(106.4,81.02,0.));
#888 = DIRECTION('',(-0.,-0.,-1.));
#889 = DIRECTION('',(1.,0.,-0.));
#890 = ADVANCED_FACE('',(#891),#918,.F.);
#891 = FACE_BOUND('',#892,.T.);
#892 = EDGE_LOOP('',(#893,#903,#910,#911));
#893 = ORIENTED_EDGE('',*,*,#894,.T.);
#894 = EDGE_CURVE('',#895,#897,#899,.T.);
#895 = VERTEX_POINT('',#896);
#896 = CARTESIAN_POINT('',(72.35,100.,0.));
#897 = VERTEX_POINT('',#898);
#898 = CARTESIAN_POINT('',(72.35,100.,1.62143948));
#899 = LINE('',#900,#901);
#900 = CARTESIAN_POINT('',(72.35,100.,0.));
#901 = VECTOR('',#902,1.);
#902 = DIRECTION('',(0.,0.,1.));
#903 = ORIENTED_EDGE('',*,*,#904,.T.);
#904 = EDGE_CURVE('',#897,#897,#905,.T.);
#905 = CIRCLE('',#906,1.35);
#906 = AXIS2_PLACEMENT_3D('',#907,#908,#909);
#907 = CARTESIAN_POINT('',(71.,100.,1.62143948));
#908 = DIRECTION('',(0.,0.,1.));
#909 = DIRECTION('',(1.,0.,-0.));
#910 = ORIENTED_EDGE('',*,*,#894,.F.);
#911 = ORIENTED_EDGE('',*,*,#912,.F.);
#912 = EDGE_CURVE('',#895,#895,#913,.T.);
#913 = CIRCLE('',#914,1.35);
#914 = AXIS2_PLACEMENT_3D('',#915,#916,#917);
#915 = CARTESIAN_POINT('',(71.,100.,0.));
#916 = DIRECTION('',(0.,0.,1.));
#917 = DIRECTION('',(1.,0.,-0.));
#918 = CYLINDRICAL_SURFACE('',#919,1.35);
#919 = AXIS2_PLACEMENT_3D('',#920,#921,#922);
#920 = CARTESIAN_POINT('',(71.,100.,0.));
#921 = DIRECTION('',(-0.,-0.,-1.));
#922 = DIRECTION('',(1.,0.,-0.));
#923 = ADVANCED_FACE('',(#924),#951,.F.);
#924 = FACE_BOUND('',#925,.T.);
#925 = EDGE_LOOP('',(#926,#936,#943,#944));
#926 = ORIENTED_EDGE('',*,*,#927,.T.);
#927 = EDGE_CURVE('',#928,#930,#932,.T.);
#928 = VERTEX_POINT('',#929);
#929 = CARTESIAN_POINT('',(76.37,101.27,0.));
#930 = VERTEX_POINT('',#931);
#931 = CARTESIAN_POINT('',(76.37,101.27,1.62143948));
#932 = LINE('',#933,#934);
#933 = CARTESIAN_POINT('',(76.37,101.27,0.));
#934 = VECTOR('',#935,1.);
#935 = DIRECTION('',(0.,0.,1.));
#936 = ORIENTED_EDGE('',*,*,#937,.T.);
#937 = EDGE_CURVE('',#930,#930,#938,.T.);
#938 = CIRCLE('',#939,0.5);
#939 = AXIS2_PLACEMENT_3D('',#940,#941,#942);
#940 = CARTESIAN_POINT('',(75.87,101.27,1.62143948));
#941 = DIRECTION('',(0.,0.,1.));
#942 = DIRECTION('',(1.,0.,-0.));
#943 = ORIENTED_EDGE('',*,*,#927,.F.);
#944 = ORIENTED_EDGE('',*,*,#945,.F.);
#945 = EDGE_CURVE('',#928,#928,#946,.T.);
#946 = CIRCLE('',#947,0.5);
#947 = AXIS2_PLACEMENT_3D('',#948,#949,#950);
#948 = CARTESIAN_POINT('',(75.87,101.27,0.));
#949 = DIRECTION('',(0.,0.,1.));
#950 = DIRECTION('',(1.,0.,-0.));
#951 = CYLINDRICAL_SURFACE('',#952,0.5);
#952 = AXIS2_PLACEMENT_3D('',#953,#954,#955);
#953 = CARTESIAN_POINT('',(75.87,101.27,0.));
#954 = DIRECTION('',(-0.,-0.,-1.));
#955 = DIRECTION('',(1.,0.,-0.));
#956 = ADVANCED_FACE('',(#957),#984,.F.);
#957 = FACE_BOUND('',#958,.T.);
#958 = EDGE_LOOP('',(#959,#969,#976,#977));
#959 = ORIENTED_EDGE('',*,*,#960,.T.);
#960 = EDGE_CURVE('',#961,#963,#965,.T.);
#961 = VERTEX_POINT('',#962);
#962 = CARTESIAN_POINT('',(81.45,98.73,0.));
#963 = VERTEX_POINT('',#964);
#964 = CARTESIAN_POINT('',(81.45,98.73,1.62143948));
#965 = LINE('',#966,#967);
#966 = CARTESIAN_POINT('',(81.45,98.73,0.));
#967 = VECTOR('',#968,1.);
#968 = DIRECTION('',(0.,0.,1.));
#969 = ORIENTED_EDGE('',*,*,#970,.T.);
#970 = EDGE_CURVE('',#963,#963,#971,.T.);
#971 = CIRCLE('',#972,0.5);
#972 = AXIS2_PLACEMENT_3D('',#973,#974,#975);
#973 = CARTESIAN_POINT('',(80.95,98.73,1.62143948));
#974 = DIRECTION('',(0.,0.,1.));
#975 = DIRECTION('',(1.,0.,-0.));
#976 = ORIENTED_EDGE('',*,*,#960,.F.);
#977 = ORIENTED_EDGE('',*,*,#978,.F.);
#978 = EDGE_CURVE('',#961,#961,#979,.T.);
#979 = CIRCLE('',#980,0.5);
#980 = AXIS2_PLACEMENT_3D('',#981,#982,#983);
#981 = CARTESIAN_POINT('',(80.95,98.73,0.));
#982 = DIRECTION('',(0.,0.,1.));
#983 = DIRECTION('',(1.,0.,-0.));
#984 = CYLINDRICAL_SURFACE('',#985,0.5);
#985 = AXIS2_PLACEMENT_3D('',#986,#987,#988);
#986 = CARTESIAN_POINT('',(80.95,98.73,0.));
#987 = DIRECTION('',(-0.,-0.,-1.));
#988 = DIRECTION('',(1.,0.,-0.));
#989 = ADVANCED_FACE('',(#990),#1017,.F.);
#990 = FACE_BOUND('',#991,.T.);
#991 = EDGE_LOOP('',(#992,#1002,#1009,#1010));
#992 = ORIENTED_EDGE('',*,*,#993,.T.);
#993 = EDGE_CURVE('',#994,#996,#998,.T.);
#994 = VERTEX_POINT('',#995);
#995 = CARTESIAN_POINT('',(81.45,101.27,0.));
#996 = VERTEX_POINT('',#997);
#997 = CARTESIAN_POINT('',(81.45,101.27,1.62143948));
#998 = LINE('',#999,#1000);
#999 = CARTESIAN_POINT('',(81.45,101.27,0.));
#1000 = VECTOR('',#1001,1.);
#1001 = DIRECTION('',(0.,0.,1.));
#1002 = ORIENTED_EDGE('',*,*,#1003,.T.);
#1003 = EDGE_CURVE('',#996,#996,#1004,.T.);
#1004 = CIRCLE('',#1005,0.5);
#1005 = AXIS2_PLACEMENT_3D('',#1006,#1007,#1008);
#1006 = CARTESIAN_POINT('',(80.95,101.27,1.62143948));
#1007 = DIRECTION('',(0.,0.,1.));
#1008 = DIRECTION('',(1.,0.,-0.));
#1009 = ORIENTED_EDGE('',*,*,#993,.F.);
#1010 = ORIENTED_EDGE('',*,*,#1011,.F.);
#1011 = EDGE_CURVE('',#994,#994,#1012,.T.);
#1012 = CIRCLE('',#1013,0.5);
#1013 = AXIS2_PLACEMENT_3D('',#1014,#1015,#1016);
#1014 = CARTESIAN_POINT('',(80.95,101.27,0.));
#1015 = DIRECTION('',(0.,0.,1.));
#1016 = DIRECTION('',(1.,0.,-0.));
#1017 = CYLINDRICAL_SURFACE('',#1018,0.5);
#1018 = AXIS2_PLACEMENT_3D('',#1019,#1020,#1021);
#1019 = CARTESIAN_POINT('',(80.95,101.27,0.));
#1020 = DIRECTION('',(-0.,-0.,-1.));
#1021 = DIRECTION('',(1.,0.,-0.));
#1022 = ADVANCED_FACE('',(#1023),#1050,.F.);
#1023 = FACE_BOUND('',#1024,.T.);
#1024 = EDGE_LOOP('',(#1025,#1035,#1042,#1043));
#1025 = ORIENTED_EDGE('',*,*,#1026,.T.);
#1026 = EDGE_CURVE('',#1027,#1029,#1031,.T.);
#1027 = VERTEX_POINT('',#1028);
#1028 = CARTESIAN_POINT('',(91.61,98.73,0.));
#1029 = VERTEX_POINT('',#1030);
#1030 = CARTESIAN_POINT('',(91.61,98.73,1.62143948));
#1031 = LINE('',#1032,#1033);
#1032 = CARTESIAN_POINT('',(91.61,98.73,0.));
#1033 = VECTOR('',#1034,1.);
#1034 = DIRECTION('',(0.,0.,1.));
#1035 = ORIENTED_EDGE('',*,*,#1036,.T.);
#1036 = EDGE_CURVE('',#1029,#1029,#1037,.T.);
#1037 = CIRCLE('',#1038,0.5);
#1038 = AXIS2_PLACEMENT_3D('',#1039,#1040,#1041);
#1039 = CARTESIAN_POINT('',(91.11,98.73,1.62143948));
#1040 = DIRECTION('',(0.,0.,1.));
#1041 = DIRECTION('',(1.,0.,-0.));
#1042 = ORIENTED_EDGE('',*,*,#1026,.F.);
#1043 = ORIENTED_EDGE('',*,*,#1044,.F.);
#1044 = EDGE_CURVE('',#1027,#1027,#1045,.T.);
#1045 = CIRCLE('',#1046,0.5);
#1046 = AXIS2_PLACEMENT_3D('',#1047,#1048,#1049);
#1047 = CARTESIAN_POINT('',(91.11,98.73,0.));
#1048 = DIRECTION('',(0.,0.,1.));
#1049 = DIRECTION('',(1.,0.,-0.));
#1050 = CYLINDRICAL_SURFACE('',#1051,0.5);
#1051 = AXIS2_PLACEMENT_3D('',#1052,#1053,#1054);
#1052 = CARTESIAN_POINT('',(91.11,98.73,0.));
#1053 = DIRECTION('',(-0.,-0.,-1.));
#1054 = DIRECTION('',(1.,0.,-0.));
#1055 = ADVANCED_FACE('',(#1056),#1083,.F.);
#1056 = FACE_BOUND('',#1057,.T.);
#1057 = EDGE_LOOP('',(#1058,#1068,#1075,#1076));
#1058 = ORIENTED_EDGE('',*,*,#1059,.T.);
#1059 = EDGE_CURVE('',#1060,#1062,#1064,.T.);
#1060 = VERTEX_POINT('',#1061);
#1061 = CARTESIAN_POINT('',(86.53,101.27,0.));
#1062 = VERTEX_POINT('',#1063);
#1063 = CARTESIAN_POINT('',(86.53,101.27,1.62143948));
#1064 = LINE('',#1065,#1066);
#1065 = CARTESIAN_POINT('',(86.53,101.27,0.));
#1066 = VECTOR('',#1067,1.);
#1067 = DIRECTION('',(0.,0.,1.));
#1068 = ORIENTED_EDGE('',*,*,#1069,.T.);
#1069 = EDGE_CURVE('',#1062,#1062,#1070,.T.);
#1070 = CIRCLE('',#1071,0.5);
#1071 = AXIS2_PLACEMENT_3D('',#1072,#1073,#1074);
#1072 = CARTESIAN_POINT('',(86.03,101.27,1.62143948));
#1073 = DIRECTION('',(0.,0.,1.));
#1074 = DIRECTION('',(1.,0.,-0.));
#1075 = ORIENTED_EDGE('',*,*,#1059,.F.);
#1076 = ORIENTED_EDGE('',*,*,#1077,.F.);
#1077 = EDGE_CURVE('',#1060,#1060,#1078,.T.);
#1078 = CIRCLE('',#1079,0.5);
#1079 = AXIS2_PLACEMENT_3D('',#1080,#1081,#1082);
#1080 = CARTESIAN_POINT('',(86.03,101.27,0.));
#1081 = DIRECTION('',(0.,0.,1.));
#1082 = DIRECTION('',(1.,0.,-0.));
#1083 = CYLINDRICAL_SURFACE('',#1084,0.5);
#1084 = AXIS2_PLACEMENT_3D('',#1085,#1086,#1087);
#1085 = CARTESIAN_POINT('',(86.03,101.27,0.));
#1086 = DIRECTION('',(-0.,-0.,-1.));
#1087 = DIRECTION('',(1.,0.,-0.));
#1088 = ADVANCED_FACE('',(#1089),#1116,.F.);
#1089 = FACE_BOUND('',#1090,.T.);
#1090 = EDGE_LOOP('',(#1091,#1101,#1108,#1109));
#1091 = ORIENTED_EDGE('',*,*,#1092,.T.);
#1092 = EDGE_CURVE('',#1093,#1095,#1097,.T.);
#1093 = VERTEX_POINT('',#1094);
#1094 = CARTESIAN_POINT('',(78.91,101.27,0.));
#1095 = VERTEX_POINT('',#1096);
#1096 = CARTESIAN_POINT('',(78.91,101.27,1.62143948));
#1097 = LINE('',#1098,#1099);
#1098 = CARTESIAN_POINT('',(78.91,101.27,0.));
#1099 = VECTOR('',#1100,1.);
#1100 = DIRECTION('',(0.,0.,1.));
#1101 = ORIENTED_EDGE('',*,*,#1102,.T.);
#1102 = EDGE_CURVE('',#1095,#1095,#1103,.T.);
#1103 = CIRCLE('',#1104,0.5);
#1104 = AXIS2_PLACEMENT_3D('',#1105,#1106,#1107);
#1105 = CARTESIAN_POINT('',(78.41,101.27,1.62143948));
#1106 = DIRECTION('',(0.,0.,1.));
#1107 = DIRECTION('',(1.,0.,-0.));
#1108 = ORIENTED_EDGE('',*,*,#1092,.F.);
#1109 = ORIENTED_EDGE('',*,*,#1110,.F.);
#1110 = EDGE_CURVE('',#1093,#1093,#1111,.T.);
#1111 = CIRCLE('',#1112,0.5);
#1112 = AXIS2_PLACEMENT_3D('',#1113,#1114,#1115);
#1113 = CARTESIAN_POINT('',(78.41,101.27,0.));
#1114 = DIRECTION('',(0.,0.,1.));
#1115 = DIRECTION('',(1.,0.,-0.));
#1116 = CYLINDRICAL_SURFACE('',#1117,0.5);
#1117 = AXIS2_PLACEMENT_3D('',#1118,#1119,#1120);
#1118 = CARTESIAN_POINT('',(78.41,101.27,0.));
#1119 = DIRECTION('',(-0.,-0.,-1.));
#1120 = DIRECTION('',(1.,0.,-0.));
#1121 = ADVANCED_FACE('',(#1122),#1149,.F.);
#1122 = FACE_BOUND('',#1123,.T.);
#1123 = EDGE_LOOP('',(#1124,#1134,#1141,#1142));
#1124 = ORIENTED_EDGE('',*,*,#1125,.T.);
#1125 = EDGE_CURVE('',#1126,#1128,#1130,.T.);
#1126 = VERTEX_POINT('',#1127);
#1127 = CARTESIAN_POINT('',(83.99,101.27,0.));
#1128 = VERTEX_POINT('',#1129);
#1129 = CARTESIAN_POINT('',(83.99,101.27,1.62143948));
#1130 = LINE('',#1131,#1132);
#1131 = CARTESIAN_POINT('',(83.99,101.27,0.));
#1132 = VECTOR('',#1133,1.);
#1133 = DIRECTION('',(0.,0.,1.));
#1134 = ORIENTED_EDGE('',*,*,#1135,.T.);
#1135 = EDGE_CURVE('',#1128,#1128,#1136,.T.);
#1136 = CIRCLE('',#1137,0.5);
#1137 = AXIS2_PLACEMENT_3D('',#1138,#1139,#1140);
#1138 = CARTESIAN_POINT('',(83.49,101.27,1.62143948));
#1139 = DIRECTION('',(0.,0.,1.));
#1140 = DIRECTION('',(1.,0.,-0.));
#1141 = ORIENTED_EDGE('',*,*,#1125,.F.);
#1142 = ORIENTED_EDGE('',*,*,#1143,.F.);
#1143 = EDGE_CURVE('',#1126,#1126,#1144,.T.);
#1144 = CIRCLE('',#1145,0.5);
#1145 = AXIS2_PLACEMENT_3D('',#1146,#1147,#1148);
#1146 = CARTESIAN_POINT('',(83.49,101.27,0.));
#1147 = DIRECTION('',(0.,0.,1.));
#1148 = DIRECTION('',(1.,0.,-0.));
#1149 = CYLINDRICAL_SURFACE('',#1150,0.5);
#1150 = AXIS2_PLACEMENT_3D('',#1151,#1152,#1153);
#1151 = CARTESIAN_POINT('',(83.49,101.27,0.));
#1152 = DIRECTION('',(-0.,-0.,-1.));
#1153 = DIRECTION('',(1.,0.,-0.));
#1154 = ADVANCED_FACE('',(#1155),#1182,.F.);
#1155 = FACE_BOUND('',#1156,.T.);
#1156 = EDGE_LOOP('',(#1157,#1167,#1174,#1175));
#1157 = ORIENTED_EDGE('',*,*,#1158,.T.);
#1158 = EDGE_CURVE('',#1159,#1161,#1163,.T.);
#1159 = VERTEX_POINT('',#1160);
#1160 = CARTESIAN_POINT('',(94.15,101.27,0.));
#1161 = VERTEX_POINT('',#1162);
#1162 = CARTESIAN_POINT('',(94.15,101.27,1.62143948));
#1163 = LINE('',#1164,#1165);
#1164 = CARTESIAN_POINT('',(94.15,101.27,0.));
#1165 = VECTOR('',#1166,1.);
#1166 = DIRECTION('',(0.,0.,1.));
#1167 = ORIENTED_EDGE('',*,*,#1168,.T.);
#1168 = EDGE_CURVE('',#1161,#1161,#1169,.T.);
#1169 = CIRCLE('',#1170,0.5);
#1170 = AXIS2_PLACEMENT_3D('',#1171,#1172,#1173);
#1171 = CARTESIAN_POINT('',(93.65,101.27,1.62143948));
#1172 = DIRECTION('',(0.,0.,1.));
#1173 = DIRECTION('',(1.,0.,-0.));
#1174 = ORIENTED_EDGE('',*,*,#1158,.F.);
#1175 = ORIENTED_EDGE('',*,*,#1176,.F.);
#1176 = EDGE_CURVE('',#1159,#1159,#1177,.T.);
#1177 = CIRCLE('',#1178,0.5);
#1178 = AXIS2_PLACEMENT_3D('',#1179,#1180,#1181);
#1179 = CARTESIAN_POINT('',(93.65,101.27,0.));
#1180 = DIRECTION('',(0.,0.,1.));
#1181 = DIRECTION('',(1.,0.,-0.));
#1182 = CYLINDRICAL_SURFACE('',#1183,0.5);
#1183 = AXIS2_PLACEMENT_3D('',#1184,#1185,#1186);
#1184 = CARTESIAN_POINT('',(93.65,101.27,0.));
#1185 = DIRECTION('',(-0.,-0.,-1.));
#1186 = DIRECTION('',(1.,0.,-0.));
#1187 = ADVANCED_FACE('',(#1188),#1215,.F.);
#1188 = FACE_BOUND('',#1189,.T.);
#1189 = EDGE_LOOP('',(#1190,#1200,#1207,#1208));
#1190 = ORIENTED_EDGE('',*,*,#1191,.T.);
#1191 = EDGE_CURVE('',#1192,#1194,#1196,.T.);
#1192 = VERTEX_POINT('',#1193);
#1193 = CARTESIAN_POINT('',(89.07,101.27,0.));
#1194 = VERTEX_POINT('',#1195);
#1195 = CARTESIAN_POINT('',(89.07,101.27,1.62143948));
#1196 = LINE('',#1197,#1198);
#1197 = CARTESIAN_POINT('',(89.07,101.27,0.));
#1198 = VECTOR('',#1199,1.);
#1199 = DIRECTION('',(0.,0.,1.));
#1200 = ORIENTED_EDGE('',*,*,#1201,.T.);
#1201 = EDGE_CURVE('',#1194,#1194,#1202,.T.);
#1202 = CIRCLE('',#1203,0.5);
#1203 = AXIS2_PLACEMENT_3D('',#1204,#1205,#1206);
#1204 = CARTESIAN_POINT('',(88.57,101.27,1.62143948));
#1205 = DIRECTION('',(0.,0.,1.));
#1206 = DIRECTION('',(1.,0.,-0.));
#1207 = ORIENTED_EDGE('',*,*,#1191,.F.);
#1208 = ORIENTED_EDGE('',*,*,#1209,.F.);
#1209 = EDGE_CURVE('',#1192,#1192,#1210,.T.);
#1210 = CIRCLE('',#1211,0.5);
#1211 = AXIS2_PLACEMENT_3D('',#1212,#1213,#1214);
#1212 = CARTESIAN_POINT('',(88.57,101.27,0.));
#1213 = DIRECTION('',(0.,0.,1.));
#1214 = DIRECTION('',(1.,0.,-0.));
#1215 = CYLINDRICAL_SURFACE('',#1216,0.5);
#1216 = AXIS2_PLACEMENT_3D('',#1217,#1218,#1219);
#1217 = CARTESIAN_POINT('',(88.57,101.27,0.));
#1218 = DIRECTION('',(-0.,-0.,-1.));
#1219 = DIRECTION('',(1.,0.,-0.));
#1220 = ADVANCED_FACE('',(#1221),#1248,.F.);
#1221 = FACE_BOUND('',#1222,.T.);
#1222 = EDGE_LOOP('',(#1223,#1233,#1240,#1241));
#1223 = ORIENTED_EDGE('',*,*,#1224,.T.);
#1224 = EDGE_CURVE('',#1225,#1227,#1229,.T.);
#1225 = VERTEX_POINT('',#1226);
#1226 = CARTESIAN_POINT('',(91.61,101.27,0.));
#1227 = VERTEX_POINT('',#1228);
#1228 = CARTESIAN_POINT('',(91.61,101.27,1.62143948));
#1229 = LINE('',#1230,#1231);
#1230 = CARTESIAN_POINT('',(91.61,101.27,0.));
#1231 = VECTOR('',#1232,1.);
#1232 = DIRECTION('',(0.,0.,1.));
#1233 = ORIENTED_EDGE('',*,*,#1234,.T.);
#1234 = EDGE_CURVE('',#1227,#1227,#1235,.T.);
#1235 = CIRCLE('',#1236,0.5);
#1236 = AXIS2_PLACEMENT_3D('',#1237,#1238,#1239);
#1237 = CARTESIAN_POINT('',(91.11,101.27,1.62143948));
#1238 = DIRECTION('',(0.,0.,1.));
#1239 = DIRECTION('',(1.,0.,-0.));
#1240 = ORIENTED_EDGE('',*,*,#1224,.F.);
#1241 = ORIENTED_EDGE('',*,*,#1242,.F.);
#1242 = EDGE_CURVE('',#1225,#1225,#1243,.T.);
#1243 = CIRCLE('',#1244,0.5);
#1244 = AXIS2_PLACEMENT_3D('',#1245,#1246,#1247);
#1245 = CARTESIAN_POINT('',(91.11,101.27,0.));
#1246 = DIRECTION('',(0.,0.,1.));
#1247 = DIRECTION('',(1.,0.,-0.));
#1248 = CYLINDRICAL_SURFACE('',#1249,0.5);
#1249 = AXIS2_PLACEMENT_3D('',#1250,#1251,#1252);
#1250 = CARTESIAN_POINT('',(91.11,101.27,0.));
#1251 = DIRECTION('',(-0.,-0.,-1.));
#1252 = DIRECTION('',(1.,0.,-0.));
#1253 = ADVANCED_FACE('',(#1254),#1281,.F.);
#1254 = FACE_BOUND('',#1255,.T.);
#1255 = EDGE_LOOP('',(#1256,#1266,#1273,#1274));
#1256 = ORIENTED_EDGE('',*,*,#1257,.T.);
#1257 = EDGE_CURVE('',#1258,#1260,#1262,.T.);
#1258 = VERTEX_POINT('',#1259);
#1259 = CARTESIAN_POINT('',(99.23,98.73,0.));
#1260 = VERTEX_POINT('',#1261);
#1261 = CARTESIAN_POINT('',(99.23,98.73,1.62143948));
#1262 = LINE('',#1263,#1264);
#1263 = CARTESIAN_POINT('',(99.23,98.73,0.));
#1264 = VECTOR('',#1265,1.);
#1265 = DIRECTION('',(0.,0.,1.));
#1266 = ORIENTED_EDGE('',*,*,#1267,.T.);
#1267 = EDGE_CURVE('',#1260,#1260,#1268,.T.);
#1268 = CIRCLE('',#1269,0.5);
#1269 = AXIS2_PLACEMENT_3D('',#1270,#1271,#1272);
#1270 = CARTESIAN_POINT('',(98.73,98.73,1.62143948));
#1271 = DIRECTION('',(0.,0.,1.));
#1272 = DIRECTION('',(1.,0.,-0.));
#1273 = ORIENTED_EDGE('',*,*,#1257,.F.);
#1274 = ORIENTED_EDGE('',*,*,#1275,.F.);
#1275 = EDGE_CURVE('',#1258,#1258,#1276,.T.);
#1276 = CIRCLE('',#1277,0.5);
#1277 = AXIS2_PLACEMENT_3D('',#1278,#1279,#1280);
#1278 = CARTESIAN_POINT('',(98.73,98.73,0.));
#1279 = DIRECTION('',(0.,0.,1.));
#1280 = DIRECTION('',(1.,0.,-0.));
#1281 = CYLINDRICAL_SURFACE('',#1282,0.5);
#1282 = AXIS2_PLACEMENT_3D('',#1283,#1284,#1285);
#1283 = CARTESIAN_POINT('',(98.73,98.73,0.));
#1284 = DIRECTION('',(-0.,-0.,-1.));
#1285 = DIRECTION('',(1.,0.,-0.));
#1286 = ADVANCED_FACE('',(#1287),#1314,.F.);
#1287 = FACE_BOUND('',#1288,.T.);
#1288 = EDGE_LOOP('',(#1289,#1299,#1306,#1307));
#1289 = ORIENTED_EDGE('',*,*,#1290,.T.);
#1290 = EDGE_CURVE('',#1291,#1293,#1295,.T.);
#1291 = VERTEX_POINT('',#1292);
#1292 = CARTESIAN_POINT('',(94.15,98.73,0.));
#1293 = VERTEX_POINT('',#1294);
#1294 = CARTESIAN_POINT('',(94.15,98.73,1.62143948));
#1295 = LINE('',#1296,#1297);
#1296 = CARTESIAN_POINT('',(94.15,98.73,0.));
#1297 = VECTOR('',#1298,1.);
#1298 = DIRECTION('',(0.,0.,1.));
#1299 = ORIENTED_EDGE('',*,*,#1300,.T.);
#1300 = EDGE_CURVE('',#1293,#1293,#1301,.T.);
#1301 = CIRCLE('',#1302,0.5);
#1302 = AXIS2_PLACEMENT_3D('',#1303,#1304,#1305);
#1303 = CARTESIAN_POINT('',(93.65,98.73,1.62143948));
#1304 = DIRECTION('',(0.,0.,1.));
#1305 = DIRECTION('',(1.,0.,-0.));
#1306 = ORIENTED_EDGE('',*,*,#1290,.F.);
#1307 = ORIENTED_EDGE('',*,*,#1308,.F.);
#1308 = EDGE_CURVE('',#1291,#1291,#1309,.T.);
#1309 = CIRCLE('',#1310,0.5);
#1310 = AXIS2_PLACEMENT_3D('',#1311,#1312,#1313);
#1311 = CARTESIAN_POINT('',(93.65,98.73,0.));
#1312 = DIRECTION('',(0.,0.,1.));
#1313 = DIRECTION('',(1.,0.,-0.));
#1314 = CYLINDRICAL_SURFACE('',#1315,0.5);
#1315 = AXIS2_PLACEMENT_3D('',#1316,#1317,#1318);
#1316 = CARTESIAN_POINT('',(93.65,98.73,0.));
#1317 = DIRECTION('',(-0.,-0.,-1.));
#1318 = DIRECTION('',(1.,0.,-0.));
#1319 = ADVANCED_FACE('',(#1320),#1347,.F.);
#1320 = FACE_BOUND('',#1321,.T.);
#1321 = EDGE_LOOP('',(#1322,#1332,#1339,#1340));
#1322 = ORIENTED_EDGE('',*,*,#1323,.T.);
#1323 = EDGE_CURVE('',#1324,#1326,#1328,.T.);
#1324 = VERTEX_POINT('',#1325);
#1325 = CARTESIAN_POINT('',(106.85,98.73,0.));
#1326 = VERTEX_POINT('',#1327);
#1327 = CARTESIAN_POINT('',(106.85,98.73,1.62143948));
#1328 = LINE('',#1329,#1330);
#1329 = CARTESIAN_POINT('',(106.85,98.73,0.));
#1330 = VECTOR('',#1331,1.);
#1331 = DIRECTION('',(0.,0.,1.));
#1332 = ORIENTED_EDGE('',*,*,#1333,.T.);
#1333 = EDGE_CURVE('',#1326,#1326,#1334,.T.);
#1334 = CIRCLE('',#1335,0.5);
#1335 = AXIS2_PLACEMENT_3D('',#1336,#1337,#1338);
#1336 = CARTESIAN_POINT('',(106.35,98.73,1.62143948));
#1337 = DIRECTION('',(0.,0.,1.));
#1338 = DIRECTION('',(1.,0.,-0.));
#1339 = ORIENTED_EDGE('',*,*,#1323,.F.);
#1340 = ORIENTED_EDGE('',*,*,#1341,.F.);
#1341 = EDGE_CURVE('',#1324,#1324,#1342,.T.);
#1342 = CIRCLE('',#1343,0.5);
#1343 = AXIS2_PLACEMENT_3D('',#1344,#1345,#1346);
#1344 = CARTESIAN_POINT('',(106.35,98.73,0.));
#1345 = DIRECTION('',(0.,0.,1.));
#1346 = DIRECTION('',(1.,0.,-0.));
#1347 = CYLINDRICAL_SURFACE('',#1348,0.5);
#1348 = AXIS2_PLACEMENT_3D('',#1349,#1350,#1351);
#1349 = CARTESIAN_POINT('',(106.35,98.73,0.));
#1350 = DIRECTION('',(-0.,-0.,-1.));
#1351 = DIRECTION('',(1.,0.,-0.));
#1352 = ADVANCED_FACE('',(#1353),#1380,.F.);
#1353 = FACE_BOUND('',#1354,.T.);
#1354 = EDGE_LOOP('',(#1355,#1365,#1372,#1373));
#1355 = ORIENTED_EDGE('',*,*,#1356,.T.);
#1356 = EDGE_CURVE('',#1357,#1359,#1361,.T.);
#1357 = VERTEX_POINT('',#1358);
#1358 = CARTESIAN_POINT('',(101.77,98.73,0.));
#1359 = VERTEX_POINT('',#1360);
#1360 = CARTESIAN_POINT('',(101.77,98.73,1.62143948));
#1361 = LINE('',#1362,#1363);
#1362 = CARTESIAN_POINT('',(101.77,98.73,0.));
#1363 = VECTOR('',#1364,1.);
#1364 = DIRECTION('',(0.,0.,1.));
#1365 = ORIENTED_EDGE('',*,*,#1366,.T.);
#1366 = EDGE_CURVE('',#1359,#1359,#1367,.T.);
#1367 = CIRCLE('',#1368,0.5);
#1368 = AXIS2_PLACEMENT_3D('',#1369,#1370,#1371);
#1369 = CARTESIAN_POINT('',(101.27,98.73,1.62143948));
#1370 = DIRECTION('',(0.,0.,1.));
#1371 = DIRECTION('',(1.,0.,-0.));
#1372 = ORIENTED_EDGE('',*,*,#1356,.F.);
#1373 = ORIENTED_EDGE('',*,*,#1374,.F.);
#1374 = EDGE_CURVE('',#1357,#1357,#1375,.T.);
#1375 = CIRCLE('',#1376,0.5);
#1376 = AXIS2_PLACEMENT_3D('',#1377,#1378,#1379);
#1377 = CARTESIAN_POINT('',(101.27,98.73,0.));
#1378 = DIRECTION('',(0.,0.,1.));
#1379 = DIRECTION('',(1.,0.,-0.));
#1380 = CYLINDRICAL_SURFACE('',#1381,0.5);
#1381 = AXIS2_PLACEMENT_3D('',#1382,#1383,#1384);
#1382 = CARTESIAN_POINT('',(101.27,98.73,0.));
#1383 = DIRECTION('',(-0.,-0.,-1.));
#1384 = DIRECTION('',(1.,0.,-0.));
#1385 = ADVANCED_FACE('',(#1386),#1413,.F.);
#1386 = FACE_BOUND('',#1387,.T.);
#1387 = EDGE_LOOP('',(#1388,#1398,#1405,#1406));
#1388 = ORIENTED_EDGE('',*,*,#1389,.T.);
#1389 = EDGE_CURVE('',#1390,#1392,#1394,.T.);
#1390 = VERTEX_POINT('',#1391);
#1391 = CARTESIAN_POINT('',(104.31,98.73,0.));
#1392 = VERTEX_POINT('',#1393);
#1393 = CARTESIAN_POINT('',(104.31,98.73,1.62143948));
#1394 = LINE('',#1395,#1396);
#1395 = CARTESIAN_POINT('',(104.31,98.73,0.));
#1396 = VECTOR('',#1397,1.);
#1397 = DIRECTION('',(0.,0.,1.));
#1398 = ORIENTED_EDGE('',*,*,#1399,.T.);
#1399 = EDGE_CURVE('',#1392,#1392,#1400,.T.);
#1400 = CIRCLE('',#1401,0.5);
#1401 = AXIS2_PLACEMENT_3D('',#1402,#1403,#1404);
#1402 = CARTESIAN_POINT('',(103.81,98.73,1.62143948));
#1403 = DIRECTION('',(0.,0.,1.));
#1404 = DIRECTION('',(1.,0.,-0.));
#1405 = ORIENTED_EDGE('',*,*,#1389,.F.);
#1406 = ORIENTED_EDGE('',*,*,#1407,.F.);
#1407 = EDGE_CURVE('',#1390,#1390,#1408,.T.);
#1408 = CIRCLE('',#1409,0.5);
#1409 = AXIS2_PLACEMENT_3D('',#1410,#1411,#1412);
#1410 = CARTESIAN_POINT('',(103.81,98.73,0.));
#1411 = DIRECTION('',(0.,0.,1.));
#1412 = DIRECTION('',(1.,0.,-0.));
#1413 = CYLINDRICAL_SURFACE('',#1414,0.5);
#1414 = AXIS2_PLACEMENT_3D('',#1415,#1416,#1417);
#1415 = CARTESIAN_POINT('',(103.81,98.73,0.));
#1416 = DIRECTION('',(-0.,-0.,-1.));
#1417 = DIRECTION('',(1.,0.,-0.));
#1418 = ADVANCED_FACE('',(#1419),#1446,.F.);
#1419 = FACE_BOUND('',#1420,.T.);
#1420 = EDGE_LOOP('',(#1421,#1431,#1438,#1439));
#1421 = ORIENTED_EDGE('',*,*,#1422,.T.);
#1422 = EDGE_CURVE('',#1423,#1425,#1427,.T.);
#1423 = VERTEX_POINT('',#1424);
#1424 = CARTESIAN_POINT('',(96.69,98.73,0.));
#1425 = VERTEX_POINT('',#1426);
#1426 = CARTESIAN_POINT('',(96.69,98.73,1.62143948));
#1427 = LINE('',#1428,#1429);
#1428 = CARTESIAN_POINT('',(96.69,98.73,0.));
#1429 = VECTOR('',#1430,1.);
#1430 = DIRECTION('',(0.,0.,1.));
#1431 = ORIENTED_EDGE('',*,*,#1432,.T.);
#1432 = EDGE_CURVE('',#1425,#1425,#1433,.T.);
#1433 = CIRCLE('',#1434,0.5);
#1434 = AXIS2_PLACEMENT_3D('',#1435,#1436,#1437);
#1435 = CARTESIAN_POINT('',(96.19,98.73,1.62143948));
#1436 = DIRECTION('',(0.,0.,1.));
#1437 = DIRECTION('',(1.,0.,-0.));
#1438 = ORIENTED_EDGE('',*,*,#1422,.F.);
#1439 = ORIENTED_EDGE('',*,*,#1440,.F.);
#1440 = EDGE_CURVE('',#1423,#1423,#1441,.T.);
#1441 = CIRCLE('',#1442,0.5);
#1442 = AXIS2_PLACEMENT_3D('',#1443,#1444,#1445);
#1443 = CARTESIAN_POINT('',(96.19,98.73,0.));
#1444 = DIRECTION('',(0.,0.,1.));
#1445 = DIRECTION('',(1.,0.,-0.));
#1446 = CYLINDRICAL_SURFACE('',#1447,0.5);
#1447 = AXIS2_PLACEMENT_3D('',#1448,#1449,#1450);
#1448 = CARTESIAN_POINT('',(96.19,98.73,0.));
#1449 = DIRECTION('',(-0.,-0.,-1.));
#1450 = DIRECTION('',(1.,0.,-0.));
#1451 = ADVANCED_FACE('',(#1452),#1479,.F.);
#1452 = FACE_BOUND('',#1453,.T.);
#1453 = EDGE_LOOP('',(#1454,#1464,#1471,#1472));
#1454 = ORIENTED_EDGE('',*,*,#1455,.T.);
#1455 = EDGE_CURVE('',#1456,#1458,#1460,.T.);
#1456 = VERTEX_POINT('',#1457);
#1457 = CARTESIAN_POINT('',(96.69,101.27,0.));
#1458 = VERTEX_POINT('',#1459);
#1459 = CARTESIAN_POINT('',(96.69,101.27,1.62143948));
#1460 = LINE('',#1461,#1462);
#1461 = CARTESIAN_POINT('',(96.69,101.27,0.));
#1462 = VECTOR('',#1463,1.);
#1463 = DIRECTION('',(0.,0.,1.));
#1464 = ORIENTED_EDGE('',*,*,#1465,.T.);
#1465 = EDGE_CURVE('',#1458,#1458,#1466,.T.);
#1466 = CIRCLE('',#1467,0.5);
#1467 = AXIS2_PLACEMENT_3D('',#1468,#1469,#1470);
#1468 = CARTESIAN_POINT('',(96.19,101.27,1.62143948));
#1469 = DIRECTION('',(0.,0.,1.));
#1470 = DIRECTION('',(1.,0.,-0.));
#1471 = ORIENTED_EDGE('',*,*,#1455,.F.);
#1472 = ORIENTED_EDGE('',*,*,#1473,.F.);
#1473 = EDGE_CURVE('',#1456,#1456,#1474,.T.);
#1474 = CIRCLE('',#1475,0.5);
#1475 = AXIS2_PLACEMENT_3D('',#1476,#1477,#1478);
#1476 = CARTESIAN_POINT('',(96.19,101.27,0.));
#1477 = DIRECTION('',(0.,0.,1.));
#1478 = DIRECTION('',(1.,0.,-0.));
#1479 = CYLINDRICAL_SURFACE('',#1480,0.5);
#1480 = AXIS2_PLACEMENT_3D('',#1481,#1482,#1483);
#1481 = CARTESIAN_POINT('',(96.19,101.27,0.));
#1482 = DIRECTION('',(-0.,-0.,-1.));
#1483 = DIRECTION('',(1.,0.,-0.));
#1484 = ADVANCED_FACE('',(#1485),#1512,.F.);
#1485 = FACE_BOUND('',#1486,.T.);
#1486 = EDGE_LOOP('',(#1487,#1497,#1504,#1505));
#1487 = ORIENTED_EDGE('',*,*,#1488,.T.);
#1488 = EDGE_CURVE('',#1489,#1491,#1493,.T.);
#1489 = VERTEX_POINT('',#1490);
#1490 = CARTESIAN_POINT('',(99.23,101.27,0.));
#1491 = VERTEX_POINT('',#1492);
#1492 = CARTESIAN_POINT('',(99.23,101.27,1.62143948));
#1493 = LINE('',#1494,#1495);
#1494 = CARTESIAN_POINT('',(99.23,101.27,0.));
#1495 = VECTOR('',#1496,1.);
#1496 = DIRECTION('',(0.,0.,1.));
#1497 = ORIENTED_EDGE('',*,*,#1498,.T.);
#1498 = EDGE_CURVE('',#1491,#1491,#1499,.T.);
#1499 = CIRCLE('',#1500,0.5);
#1500 = AXIS2_PLACEMENT_3D('',#1501,#1502,#1503);
#1501 = CARTESIAN_POINT('',(98.73,101.27,1.62143948));
#1502 = DIRECTION('',(0.,0.,1.));
#1503 = DIRECTION('',(1.,0.,-0.));
#1504 = ORIENTED_EDGE('',*,*,#1488,.F.);
#1505 = ORIENTED_EDGE('',*,*,#1506,.F.);
#1506 = EDGE_CURVE('',#1489,#1489,#1507,.T.);
#1507 = CIRCLE('',#1508,0.5);
#1508 = AXIS2_PLACEMENT_3D('',#1509,#1510,#1511);
#1509 = CARTESIAN_POINT('',(98.73,101.27,0.));
#1510 = DIRECTION('',(0.,0.,1.));
#1511 = DIRECTION('',(1.,0.,-0.));
#1512 = CYLINDRICAL_SURFACE('',#1513,0.5);
#1513 = AXIS2_PLACEMENT_3D('',#1514,#1515,#1516);
#1514 = CARTESIAN_POINT('',(98.73,101.27,0.));
#1515 = DIRECTION('',(-0.,-0.,-1.));
#1516 = DIRECTION('',(1.,0.,-0.));
#1517 = ADVANCED_FACE('',(#1518),#1545,.F.);
#1518 = FACE_BOUND('',#1519,.T.);
#1519 = EDGE_LOOP('',(#1520,#1530,#1537,#1538));
#1520 = ORIENTED_EDGE('',*,*,#1521,.T.);
#1521 = EDGE_CURVE('',#1522,#1524,#1526,.T.);
#1522 = VERTEX_POINT('',#1523);
#1523 = CARTESIAN_POINT('',(106.85,101.27,0.));
#1524 = VERTEX_POINT('',#1525);
#1525 = CARTESIAN_POINT('',(106.85,101.27,1.62143948));
#1526 = LINE('',#1527,#1528);
#1527 = CARTESIAN_POINT('',(106.85,101.27,0.));
#1528 = VECTOR('',#1529,1.);
#1529 = DIRECTION('',(0.,0.,1.));
#1530 = ORIENTED_EDGE('',*,*,#1531,.T.);
#1531 = EDGE_CURVE('',#1524,#1524,#1532,.T.);
#1532 = CIRCLE('',#1533,0.5);
#1533 = AXIS2_PLACEMENT_3D('',#1534,#1535,#1536);
#1534 = CARTESIAN_POINT('',(106.35,101.27,1.62143948));
#1535 = DIRECTION('',(0.,0.,1.));
#1536 = DIRECTION('',(1.,0.,-0.));
#1537 = ORIENTED_EDGE('',*,*,#1521,.F.);
#1538 = ORIENTED_EDGE('',*,*,#1539,.F.);
#1539 = EDGE_CURVE('',#1522,#1522,#1540,.T.);
#1540 = CIRCLE('',#1541,0.5);
#1541 = AXIS2_PLACEMENT_3D('',#1542,#1543,#1544);
#1542 = CARTESIAN_POINT('',(106.35,101.27,0.));
#1543 = DIRECTION('',(0.,0.,1.));
#1544 = DIRECTION('',(1.,0.,-0.));
#1545 = CYLINDRICAL_SURFACE('',#1546,0.5);
#1546 = AXIS2_PLACEMENT_3D('',#1547,#1548,#1549);
#1547 = CARTESIAN_POINT('',(106.35,101.27,0.));
#1548 = DIRECTION('',(-0.,-0.,-1.));
#1549 = DIRECTION('',(1.,0.,-0.));
#1550 = ADVANCED_FACE('',(#1551),#1578,.F.);
#1551 = FACE_BOUND('',#1552,.T.);
#1552 = EDGE_LOOP('',(#1553,#1563,#1570,#1571));
#1553 = ORIENTED_EDGE('',*,*,#1554,.T.);
#1554 = EDGE_CURVE('',#1555,#1557,#1559,.T.);
#1555 = VERTEX_POINT('',#1556);
#1556 = CARTESIAN_POINT('',(101.77,101.27,0.));
#1557 = VERTEX_POINT('',#1558);
#1558 = CARTESIAN_POINT('',(101.77,101.27,1.62143948));
#1559 = LINE('',#1560,#1561);
#1560 = CARTESIAN_POINT('',(101.77,101.27,0.));
#1561 = VECTOR('',#1562,1.);
#1562 = DIRECTION('',(0.,0.,1.));
#1563 = ORIENTED_EDGE('',*,*,#1564,.T.);
#1564 = EDGE_CURVE('',#1557,#1557,#1565,.T.);
#1565 = CIRCLE('',#1566,0.5);
#1566 = AXIS2_PLACEMENT_3D('',#1567,#1568,#1569);
#1567 = CARTESIAN_POINT('',(101.27,101.27,1.62143948));
#1568 = DIRECTION('',(0.,0.,1.));
#1569 = DIRECTION('',(1.,0.,-0.));
#1570 = ORIENTED_EDGE('',*,*,#1554,.F.);
#1571 = ORIENTED_EDGE('',*,*,#1572,.F.);
#1572 = EDGE_CURVE('',#1555,#1555,#1573,.T.);
#1573 = CIRCLE('',#1574,0.5);
#1574 = AXIS2_PLACEMENT_3D('',#1575,#1576,#1577);
#1575 = CARTESIAN_POINT('',(101.27,101.27,0.));
#1576 = DIRECTION('',(0.,0.,1.));
#1577 = DIRECTION('',(1.,0.,-0.));
#1578 = CYLINDRICAL_SURFACE('',#1579,0.5);
#1579 = AXIS2_PLACEMENT_3D('',#1580,#1581,#1582);
#1580 = CARTESIAN_POINT('',(101.27,101.27,0.));
#1581 = DIRECTION('',(-0.,-0.,-1.));
#1582 = DIRECTION('',(1.,0.,-0.));
#1583 = ADVANCED_FACE('',(#1584),#1611,.F.);
#1584 = FACE_BOUND('',#1585,.T.);
#1585 = EDGE_LOOP('',(#1586,#1596,#1603,#1604));
#1586 = ORIENTED_EDGE('',*,*,#1587,.T.);
#1587 = EDGE_CURVE('',#1588,#1590,#1592,.T.);
#1588 = VERTEX_POINT('',#1589);
#1589 = CARTESIAN_POINT('',(104.31,101.27,0.));
#1590 = VERTEX_POINT('',#1591);
#1591 = CARTESIAN_POINT('',(104.31,101.27,1.62143948));
#1592 = LINE('',#1593,#1594);
#1593 = CARTESIAN_POINT('',(104.31,101.27,0.));
#1594 = VECTOR('',#1595,1.);
#1595 = DIRECTION('',(0.,0.,1.));
#1596 = ORIENTED_EDGE('',*,*,#1597,.T.);
#1597 = EDGE_CURVE('',#1590,#1590,#1598,.T.);
#1598 = CIRCLE('',#1599,0.5);
#1599 = AXIS2_PLACEMENT_3D('',#1600,#1601,#1602);
#1600 = CARTESIAN_POINT('',(103.81,101.27,1.62143948));
#1601 = DIRECTION('',(0.,0.,1.));
#1602 = DIRECTION('',(1.,0.,-0.));
#1603 = ORIENTED_EDGE('',*,*,#1587,.F.);
#1604 = ORIENTED_EDGE('',*,*,#1605,.F.);
#1605 = EDGE_CURVE('',#1588,#1588,#1606,.T.);
#1606 = CIRCLE('',#1607,0.5);
#1607 = AXIS2_PLACEMENT_3D('',#1608,#1609,#1610);
#1608 = CARTESIAN_POINT('',(103.81,101.27,0.));
#1609 = DIRECTION('',(0.,0.,1.));
#1610 = DIRECTION('',(1.,0.,-0.));
#1611 = CYLINDRICAL_SURFACE('',#1612,0.5);
#1612 = AXIS2_PLACEMENT_3D('',#1613,#1614,#1615);
#1613 = CARTESIAN_POINT('',(103.81,101.27,0.));
#1614 = DIRECTION('',(-0.,-0.,-1.));
#1615 = DIRECTION('',(1.,0.,-0.));
#1616 = ADVANCED_FACE('',(#1617),#1644,.F.);
#1617 = FACE_BOUND('',#1618,.T.);
#1618 = EDGE_LOOP('',(#1619,#1629,#1636,#1637));
#1619 = ORIENTED_EDGE('',*,*,#1620,.T.);
#1620 = EDGE_CURVE('',#1621,#1623,#1625,.T.);
#1621 = VERTEX_POINT('',#1622);
#1622 = CARTESIAN_POINT('',(108.4,51.5,0.));
#1623 = VERTEX_POINT('',#1624);
#1624 = CARTESIAN_POINT('',(108.4,51.5,1.62143948));
#1625 = LINE('',#1626,#1627);
#1626 = CARTESIAN_POINT('',(108.4,51.5,0.));
#1627 = VECTOR('',#1628,1.);
#1628 = DIRECTION('',(0.,0.,1.));
#1629 = ORIENTED_EDGE('',*,*,#1630,.T.);
#1630 = EDGE_CURVE('',#1623,#1623,#1631,.T.);
#1631 = CIRCLE('',#1632,0.4);
#1632 = AXIS2_PLACEMENT_3D('',#1633,#1634,#1635);
#1633 = CARTESIAN_POINT('',(108.,51.5,1.62143948));
#1634 = DIRECTION('',(0.,0.,1.));
#1635 = DIRECTION('',(1.,0.,-0.));
#1636 = ORIENTED_EDGE('',*,*,#1620,.F.);
#1637 = ORIENTED_EDGE('',*,*,#1638,.F.);
#1638 = EDGE_CURVE('',#1621,#1621,#1639,.T.);
#1639 = CIRCLE('',#1640,0.4);
#1640 = AXIS2_PLACEMENT_3D('',#1641,#1642,#1643);
#1641 = CARTESIAN_POINT('',(108.,51.5,0.));
#1642 = DIRECTION('',(0.,0.,1.));
#1643 = DIRECTION('',(1.,0.,-0.));
#1644 = CYLINDRICAL_SURFACE('',#1645,0.4);
#1645 = AXIS2_PLACEMENT_3D('',#1646,#1647,#1648);
#1646 = CARTESIAN_POINT('',(108.,51.5,0.));
#1647 = DIRECTION('',(-0.,-0.,-1.));
#1648 = DIRECTION('',(1.,0.,-0.));
#1649 = ADVANCED_FACE('',(#1650),#1677,.F.);
#1650 = FACE_BOUND('',#1651,.T.);
#1651 = EDGE_LOOP('',(#1652,#1662,#1669,#1670));
#1652 = ORIENTED_EDGE('',*,*,#1653,.T.);
#1653 = EDGE_CURVE('',#1654,#1656,#1658,.T.);
#1654 = VERTEX_POINT('',#1655);
#1655 = CARTESIAN_POINT('',(108.4,62.5,0.));
#1656 = VERTEX_POINT('',#1657);
#1657 = CARTESIAN_POINT('',(108.4,62.5,1.62143948));
#1658 = LINE('',#1659,#1660);
#1659 = CARTESIAN_POINT('',(108.4,62.5,0.));
#1660 = VECTOR('',#1661,1.);
#1661 = DIRECTION('',(0.,0.,1.));
#1662 = ORIENTED_EDGE('',*,*,#1663,.T.);
#1663 = EDGE_CURVE('',#1656,#1656,#1664,.T.);
#1664 = CIRCLE('',#1665,0.4);
#1665 = AXIS2_PLACEMENT_3D('',#1666,#1667,#1668);
#1666 = CARTESIAN_POINT('',(108.,62.5,1.62143948));
#1667 = DIRECTION('',(0.,0.,1.));
#1668 = DIRECTION('',(1.,0.,-0.));
#1669 = ORIENTED_EDGE('',*,*,#1653,.F.);
#1670 = ORIENTED_EDGE('',*,*,#1671,.F.);
#1671 = EDGE_CURVE('',#1654,#1654,#1672,.T.);
#1672 = CIRCLE('',#1673,0.4);
#1673 = AXIS2_PLACEMENT_3D('',#1674,#1675,#1676);
#1674 = CARTESIAN_POINT('',(108.,62.5,0.));
#1675 = DIRECTION('',(0.,0.,1.));
#1676 = DIRECTION('',(1.,0.,-0.));
#1677 = CYLINDRICAL_SURFACE('',#1678,0.4);
#1678 = AXIS2_PLACEMENT_3D('',#1679,#1680,#1681);
#1679 = CARTESIAN_POINT('',(108.,62.5,0.));
#1680 = DIRECTION('',(-0.,-0.,-1.));
#1681 = DIRECTION('',(1.,0.,-0.));
#1682 = ADVANCED_FACE('',(#1683),#1710,.F.);
#1683 = FACE_BOUND('',#1684,.T.);
#1684 = EDGE_LOOP('',(#1685,#1695,#1702,#1703));
#1685 = ORIENTED_EDGE('',*,*,#1686,.T.);
#1686 = EDGE_CURVE('',#1687,#1689,#1691,.T.);
#1687 = VERTEX_POINT('',#1688);
#1688 = CARTESIAN_POINT('',(113.9,51.5,0.));
#1689 = VERTEX_POINT('',#1690);
#1690 = CARTESIAN_POINT('',(113.9,51.5,1.62143948));
#1691 = LINE('',#1692,#1693);
#1692 = CARTESIAN_POINT('',(113.9,51.5,0.));
#1693 = VECTOR('',#1694,1.);
#1694 = DIRECTION('',(0.,0.,1.));
#1695 = ORIENTED_EDGE('',*,*,#1696,.T.);
#1696 = EDGE_CURVE('',#1689,#1689,#1697,.T.);
#1697 = CIRCLE('',#1698,0.4);
#1698 = AXIS2_PLACEMENT_3D('',#1699,#1700,#1701);
#1699 = CARTESIAN_POINT('',(113.5,51.5,1.62143948));
#1700 = DIRECTION('',(0.,0.,1.));
#1701 = DIRECTION('',(1.,0.,-0.));
#1702 = ORIENTED_EDGE('',*,*,#1686,.F.);
#1703 = ORIENTED_EDGE('',*,*,#1704,.F.);
#1704 = EDGE_CURVE('',#1687,#1687,#1705,.T.);
#1705 = CIRCLE('',#1706,0.4);
#1706 = AXIS2_PLACEMENT_3D('',#1707,#1708,#1709);
#1707 = CARTESIAN_POINT('',(113.5,51.5,0.));
#1708 = DIRECTION('',(0.,0.,1.));
#1709 = DIRECTION('',(1.,0.,-0.));
#1710 = CYLINDRICAL_SURFACE('',#1711,0.4);
#1711 = AXIS2_PLACEMENT_3D('',#1712,#1713,#1714);
#1712 = CARTESIAN_POINT('',(113.5,51.5,0.));
#1713 = DIRECTION('',(-0.,-0.,-1.));
#1714 = DIRECTION('',(1.,0.,-0.));
#1715 = ADVANCED_FACE('',(#1716),#1743,.F.);
#1716 = FACE_BOUND('',#1717,.T.);
#1717 = EDGE_LOOP('',(#1718,#1728,#1735,#1736));
#1718 = ORIENTED_EDGE('',*,*,#1719,.T.);
#1719 = EDGE_CURVE('',#1720,#1722,#1724,.T.);
#1720 = VERTEX_POINT('',#1721);
#1721 = CARTESIAN_POINT('',(113.9,62.5,0.));
#1722 = VERTEX_POINT('',#1723);
#1723 = CARTESIAN_POINT('',(113.9,62.5,1.62143948));
#1724 = LINE('',#1725,#1726);
#1725 = CARTESIAN_POINT('',(113.9,62.5,0.));
#1726 = VECTOR('',#1727,1.);
#1727 = DIRECTION('',(0.,0.,1.));
#1728 = ORIENTED_EDGE('',*,*,#1729,.T.);
#1729 = EDGE_CURVE('',#1722,#1722,#1730,.T.);
#1730 = CIRCLE('',#1731,0.4);
#1731 = AXIS2_PLACEMENT_3D('',#1732,#1733,#1734);
#1732 = CARTESIAN_POINT('',(113.5,62.5,1.62143948));
#1733 = DIRECTION('',(0.,0.,1.));
#1734 = DIRECTION('',(1.,0.,-0.));
#1735 = ORIENTED_EDGE('',*,*,#1719,.F.);
#1736 = ORIENTED_EDGE('',*,*,#1737,.F.);
#1737 = EDGE_CURVE('',#1720,#1720,#1738,.T.);
#1738 = CIRCLE('',#1739,0.4);
#1739 = AXIS2_PLACEMENT_3D('',#1740,#1741,#1742);
#1740 = CARTESIAN_POINT('',(113.5,62.5,0.));
#1741 = DIRECTION('',(0.,0.,1.));
#1742 = DIRECTION('',(1.,0.,-0.));
#1743 = CYLINDRICAL_SURFACE('',#1744,0.4);
#1744 = AXIS2_PLACEMENT_3D('',#1745,#1746,#1747);
#1745 = CARTESIAN_POINT('',(113.5,62.5,0.));
#1746 = DIRECTION('',(-0.,-0.,-1.));
#1747 = DIRECTION('',(1.,0.,-0.));
#1748 = ADVANCED_FACE('',(#1749),#1776,.F.);
#1749 = FACE_BOUND('',#1750,.T.);
#1750 = EDGE_LOOP('',(#1751,#1761,#1768,#1769));
#1751 = ORIENTED_EDGE('',*,*,#1752,.T.);
#1752 = EDGE_CURVE('',#1753,#1755,#1757,.T.);
#1753 = VERTEX_POINT('',#1754);
#1754 = CARTESIAN_POINT('',(123.73,58.5,0.));
#1755 = VERTEX_POINT('',#1756);
#1756 = CARTESIAN_POINT('',(123.73,58.5,1.62143948));
#1757 = LINE('',#1758,#1759);
#1758 = CARTESIAN_POINT('',(123.73,58.5,0.));
#1759 = VECTOR('',#1760,1.);
#1760 = DIRECTION('',(0.,0.,1.));
#1761 = ORIENTED_EDGE('',*,*,#1762,.T.);
#1762 = EDGE_CURVE('',#1755,#1755,#1763,.T.);
#1763 = CIRCLE('',#1764,0.5);
#1764 = AXIS2_PLACEMENT_3D('',#1765,#1766,#1767);
#1765 = CARTESIAN_POINT('',(123.23,58.5,1.62143948));
#1766 = DIRECTION('',(0.,0.,1.));
#1767 = DIRECTION('',(1.,0.,-0.));
#1768 = ORIENTED_EDGE('',*,*,#1752,.F.);
#1769 = ORIENTED_EDGE('',*,*,#1770,.F.);
#1770 = EDGE_CURVE('',#1753,#1753,#1771,.T.);
#1771 = CIRCLE('',#1772,0.5);
#1772 = AXIS2_PLACEMENT_3D('',#1773,#1774,#1775);
#1773 = CARTESIAN_POINT('',(123.23,58.5,0.));
#1774 = DIRECTION('',(0.,0.,1.));
#1775 = DIRECTION('',(1.,0.,-0.));
#1776 = CYLINDRICAL_SURFACE('',#1777,0.5);
#1777 = AXIS2_PLACEMENT_3D('',#1778,#1779,#1780);
#1778 = CARTESIAN_POINT('',(123.23,58.5,0.));
#1779 = DIRECTION('',(-0.,-0.,-1.));
#1780 = DIRECTION('',(1.,0.,-0.));
#1781 = ADVANCED_FACE('',(#1782),#1809,.F.);
#1782 = FACE_BOUND('',#1783,.T.);
#1783 = EDGE_LOOP('',(#1784,#1794,#1801,#1802));
#1784 = ORIENTED_EDGE('',*,*,#1785,.T.);
#1785 = EDGE_CURVE('',#1786,#1788,#1790,.T.);
#1786 = VERTEX_POINT('',#1787);
#1787 = CARTESIAN_POINT('',(106.9,75.94,0.));
#1788 = VERTEX_POINT('',#1789);
#1789 = CARTESIAN_POINT('',(106.9,75.94,1.62143948));
#1790 = LINE('',#1791,#1792);
#1791 = CARTESIAN_POINT('',(106.9,75.94,0.));
#1792 = VECTOR('',#1793,1.);
#1793 = DIRECTION('',(0.,0.,1.));
#1794 = ORIENTED_EDGE('',*,*,#1795,.T.);
#1795 = EDGE_CURVE('',#1788,#1788,#1796,.T.);
#1796 = CIRCLE('',#1797,0.5);
#1797 = AXIS2_PLACEMENT_3D('',#1798,#1799,#1800);
#1798 = CARTESIAN_POINT('',(106.4,75.94,1.62143948));
#1799 = DIRECTION('',(0.,0.,1.));
#1800 = DIRECTION('',(1.,0.,-0.));
#1801 = ORIENTED_EDGE('',*,*,#1785,.F.);
#1802 = ORIENTED_EDGE('',*,*,#1803,.F.);
#1803 = EDGE_CURVE('',#1786,#1786,#1804,.T.);
#1804 = CIRCLE('',#1805,0.5);
#1805 = AXIS2_PLACEMENT_3D('',#1806,#1807,#1808);
#1806 = CARTESIAN_POINT('',(106.4,75.94,0.));
#1807 = DIRECTION('',(0.,0.,1.));
#1808 = DIRECTION('',(1.,0.,-0.));
#1809 = CYLINDRICAL_SURFACE('',#1810,0.5);
#1810 = AXIS2_PLACEMENT_3D('',#1811,#1812,#1813);
#1811 = CARTESIAN_POINT('',(106.4,75.94,0.));
#1812 = DIRECTION('',(-0.,-0.,-1.));
#1813 = DIRECTION('',(1.,0.,-0.));
#1814 = ADVANCED_FACE('',(#1815),#1842,.F.);
#1815 = FACE_BOUND('',#1816,.T.);
#1816 = EDGE_LOOP('',(#1817,#1827,#1834,#1835));
#1817 = ORIENTED_EDGE('',*,*,#1818,.T.);
#1818 = EDGE_CURVE('',#1819,#1821,#1823,.T.);
#1819 = VERTEX_POINT('',#1820);
#1820 = CARTESIAN_POINT('',(106.9,83.56,0.));
#1821 = VERTEX_POINT('',#1822);
#1822 = CARTESIAN_POINT('',(106.9,83.56,1.62143948));
#1823 = LINE('',#1824,#1825);
#1824 = CARTESIAN_POINT('',(106.9,83.56,0.));
#1825 = VECTOR('',#1826,1.);
#1826 = DIRECTION('',(0.,0.,1.));
#1827 = ORIENTED_EDGE('',*,*,#1828,.T.);
#1828 = EDGE_CURVE('',#1821,#1821,#1829,.T.);
#1829 = CIRCLE('',#1830,0.5);
#1830 = AXIS2_PLACEMENT_3D('',#1831,#1832,#1833);
#1831 = CARTESIAN_POINT('',(106.4,83.56,1.62143948));
#1832 = DIRECTION('',(0.,0.,1.));
#1833 = DIRECTION('',(1.,0.,-0.));
#1834 = ORIENTED_EDGE('',*,*,#1818,.F.);
#1835 = ORIENTED_EDGE('',*,*,#1836,.F.);
#1836 = EDGE_CURVE('',#1819,#1819,#1837,.T.);
#1837 = CIRCLE('',#1838,0.5);
#1838 = AXIS2_PLACEMENT_3D('',#1839,#1840,#1841);
#1839 = CARTESIAN_POINT('',(106.4,83.56,0.));
#1840 = DIRECTION('',(0.,0.,1.));
#1841 = DIRECTION('',(1.,0.,-0.));
#1842 = CYLINDRICAL_SURFACE('',#1843,0.5);
#1843 = AXIS2_PLACEMENT_3D('',#1844,#1845,#1846);
#1844 = CARTESIAN_POINT('',(106.4,83.56,0.));
#1845 = DIRECTION('',(-0.,-0.,-1.));
#1846 = DIRECTION('',(1.,0.,-0.));
#1847 = ADVANCED_FACE('',(#1848),#1875,.F.);
#1848 = FACE_BOUND('',#1849,.T.);
#1849 = EDGE_LOOP('',(#1850,#1860,#1867,#1868));
#1850 = ORIENTED_EDGE('',*,*,#1851,.T.);
#1851 = EDGE_CURVE('',#1852,#1854,#1856,.T.);
#1852 = VERTEX_POINT('',#1853);
#1853 = CARTESIAN_POINT('',(106.9,78.48,0.));
#1854 = VERTEX_POINT('',#1855);
#1855 = CARTESIAN_POINT('',(106.9,78.48,1.62143948));
#1856 = LINE('',#1857,#1858);
#1857 = CARTESIAN_POINT('',(106.9,78.48,0.));
#1858 = VECTOR('',#1859,1.);
#1859 = DIRECTION('',(0.,0.,1.));
#1860 = ORIENTED_EDGE('',*,*,#1861,.T.);
#1861 = EDGE_CURVE('',#1854,#1854,#1862,.T.);
#1862 = CIRCLE('',#1863,0.5);
#1863 = AXIS2_PLACEMENT_3D('',#1864,#1865,#1866);
#1864 = CARTESIAN_POINT('',(106.4,78.48,1.62143948));
#1865 = DIRECTION('',(0.,0.,1.));
#1866 = DIRECTION('',(1.,0.,-0.));
#1867 = ORIENTED_EDGE('',*,*,#1851,.F.);
#1868 = ORIENTED_EDGE('',*,*,#1869,.F.);
#1869 = EDGE_CURVE('',#1852,#1852,#1870,.T.);
#1870 = CIRCLE('',#1871,0.5);
#1871 = AXIS2_PLACEMENT_3D('',#1872,#1873,#1874);
#1872 = CARTESIAN_POINT('',(106.4,78.48,0.));
#1873 = DIRECTION('',(0.,0.,1.));
#1874 = DIRECTION('',(1.,0.,-0.));
#1875 = CYLINDRICAL_SURFACE('',#1876,0.5);
#1876 = AXIS2_PLACEMENT_3D('',#1877,#1878,#1879);
#1877 = CARTESIAN_POINT('',(106.4,78.48,0.));
#1878 = DIRECTION('',(-0.,-0.,-1.));
#1879 = DIRECTION('',(1.,0.,-0.));
#1880 = ADVANCED_FACE('',(#1881),#1908,.F.);
#1881 = FACE_BOUND('',#1882,.T.);
#1882 = EDGE_LOOP('',(#1883,#1893,#1900,#1901));
#1883 = ORIENTED_EDGE('',*,*,#1884,.T.);
#1884 = EDGE_CURVE('',#1885,#1887,#1889,.T.);
#1885 = VERTEX_POINT('',#1886);
#1886 = CARTESIAN_POINT('',(106.9,86.1,0.));
#1887 = VERTEX_POINT('',#1888);
#1888 = CARTESIAN_POINT('',(106.9,86.1,1.62143948));
#1889 = LINE('',#1890,#1891);
#1890 = CARTESIAN_POINT('',(106.9,86.1,0.));
#1891 = VECTOR('',#1892,1.);
#1892 = DIRECTION('',(0.,0.,1.));
#1893 = ORIENTED_EDGE('',*,*,#1894,.T.);
#1894 = EDGE_CURVE('',#1887,#1887,#1895,.T.);
#1895 = CIRCLE('',#1896,0.5);
#1896 = AXIS2_PLACEMENT_3D('',#1897,#1898,#1899);
#1897 = CARTESIAN_POINT('',(106.4,86.1,1.62143948));
#1898 = DIRECTION('',(0.,0.,1.));
#1899 = DIRECTION('',(1.,0.,-0.));
#1900 = ORIENTED_EDGE('',*,*,#1884,.F.);
#1901 = ORIENTED_EDGE('',*,*,#1902,.F.);
#1902 = EDGE_CURVE('',#1885,#1885,#1903,.T.);
#1903 = CIRCLE('',#1904,0.5);
#1904 = AXIS2_PLACEMENT_3D('',#1905,#1906,#1907);
#1905 = CARTESIAN_POINT('',(106.4,86.1,0.));
#1906 = DIRECTION('',(0.,0.,1.));
#1907 = DIRECTION('',(1.,0.,-0.));
#1908 = CYLINDRICAL_SURFACE('',#1909,0.5);
#1909 = AXIS2_PLACEMENT_3D('',#1910,#1911,#1912);
#1910 = CARTESIAN_POINT('',(106.4,86.1,0.));
#1911 = DIRECTION('',(-0.,-0.,-1.));
#1912 = DIRECTION('',(1.,0.,-0.));
#1913 = ADVANCED_FACE('',(#1914),#1941,.F.);
#1914 = FACE_BOUND('',#1915,.T.);
#1915 = EDGE_LOOP('',(#1916,#1926,#1933,#1934));
#1916 = ORIENTED_EDGE('',*,*,#1917,.T.);
#1917 = EDGE_CURVE('',#1918,#1920,#1922,.T.);
#1918 = VERTEX_POINT('',#1919);
#1919 = CARTESIAN_POINT('',(117.38,92.5,0.));
#1920 = VERTEX_POINT('',#1921);
#1921 = CARTESIAN_POINT('',(117.38,92.5,1.62143948));
#1922 = LINE('',#1923,#1924);
#1923 = CARTESIAN_POINT('',(117.38,92.5,0.));
#1924 = VECTOR('',#1925,1.);
#1925 = DIRECTION('',(0.,0.,1.));
#1926 = ORIENTED_EDGE('',*,*,#1927,.T.);
#1927 = EDGE_CURVE('',#1920,#1920,#1928,.T.);
#1928 = CIRCLE('',#1929,0.5);
#1929 = AXIS2_PLACEMENT_3D('',#1930,#1931,#1932);
#1930 = CARTESIAN_POINT('',(116.88,92.5,1.62143948));
#1931 = DIRECTION('',(0.,0.,1.));
#1932 = DIRECTION('',(1.,0.,-0.));
#1933 = ORIENTED_EDGE('',*,*,#1917,.F.);
#1934 = ORIENTED_EDGE('',*,*,#1935,.F.);
#1935 = EDGE_CURVE('',#1918,#1918,#1936,.T.);
#1936 = CIRCLE('',#1937,0.5);
#1937 = AXIS2_PLACEMENT_3D('',#1938,#1939,#1940);
#1938 = CARTESIAN_POINT('',(116.88,92.5,0.));
#1939 = DIRECTION('',(0.,0.,1.));
#1940 = DIRECTION('',(1.,0.,-0.));
#1941 = CYLINDRICAL_SURFACE('',#1942,0.5);
#1942 = AXIS2_PLACEMENT_3D('',#1943,#1944,#1945);
#1943 = CARTESIAN_POINT('',(116.88,92.5,0.));
#1944 = DIRECTION('',(-0.,-0.,-1.));
#1945 = DIRECTION('',(1.,0.,-0.));
#1946 = ADVANCED_FACE('',(#1947),#1974,.F.);
#1947 = FACE_BOUND('',#1948,.T.);
#1948 = EDGE_LOOP('',(#1949,#1959,#1966,#1967));
#1949 = ORIENTED_EDGE('',*,*,#1950,.T.);
#1950 = EDGE_CURVE('',#1951,#1953,#1955,.T.);
#1951 = VERTEX_POINT('',#1952);
#1952 = CARTESIAN_POINT('',(119.92,92.5,0.));
#1953 = VERTEX_POINT('',#1954);
#1954 = CARTESIAN_POINT('',(119.92,92.5,1.62143948));
#1955 = LINE('',#1956,#1957);
#1956 = CARTESIAN_POINT('',(119.92,92.5,0.));
#1957 = VECTOR('',#1958,1.);
#1958 = DIRECTION('',(0.,0.,1.));
#1959 = ORIENTED_EDGE('',*,*,#1960,.T.);
#1960 = EDGE_CURVE('',#1953,#1953,#1961,.T.);
#1961 = CIRCLE('',#1962,0.5);
#1962 = AXIS2_PLACEMENT_3D('',#1963,#1964,#1965);
#1963 = CARTESIAN_POINT('',(119.42,92.5,1.62143948));
#1964 = DIRECTION('',(0.,0.,1.));
#1965 = DIRECTION('',(1.,0.,-0.));
#1966 = ORIENTED_EDGE('',*,*,#1950,.F.);
#1967 = ORIENTED_EDGE('',*,*,#1968,.F.);
#1968 = EDGE_CURVE('',#1951,#1951,#1969,.T.);
#1969 = CIRCLE('',#1970,0.5);
#1970 = AXIS2_PLACEMENT_3D('',#1971,#1972,#1973);
#1971 = CARTESIAN_POINT('',(119.42,92.5,0.));
#1972 = DIRECTION('',(0.,0.,1.));
#1973 = DIRECTION('',(1.,0.,-0.));
#1974 = CYLINDRICAL_SURFACE('',#1975,0.5);
#1975 = AXIS2_PLACEMENT_3D('',#1976,#1977,#1978);
#1976 = CARTESIAN_POINT('',(119.42,92.5,0.));
#1977 = DIRECTION('',(-0.,-0.,-1.));
#1978 = DIRECTION('',(1.,0.,-0.));
#1979 = ADVANCED_FACE('',(#1980),#2007,.F.);
#1980 = FACE_BOUND('',#1981,.T.);
#1981 = EDGE_LOOP('',(#1982,#1992,#1999,#2000));
#1982 = ORIENTED_EDGE('',*,*,#1983,.T.);
#1983 = EDGE_CURVE('',#1984,#1986,#1988,.T.);
#1984 = VERTEX_POINT('',#1985);
#1985 = CARTESIAN_POINT('',(130.35,51.,0.));
#1986 = VERTEX_POINT('',#1987);
#1987 = CARTESIAN_POINT('',(130.35,51.,1.62143948));
#1988 = LINE('',#1989,#1990);
#1989 = CARTESIAN_POINT('',(130.35,51.,0.));
#1990 = VECTOR('',#1991,1.);
#1991 = DIRECTION('',(0.,0.,1.));
#1992 = ORIENTED_EDGE('',*,*,#1993,.T.);
#1993 = EDGE_CURVE('',#1986,#1986,#1994,.T.);
#1994 = CIRCLE('',#1995,1.35);
#1995 = AXIS2_PLACEMENT_3D('',#1996,#1997,#1998);
#1996 = CARTESIAN_POINT('',(129.,51.,1.62143948));
#1997 = DIRECTION('',(0.,0.,1.));
#1998 = DIRECTION('',(1.,0.,-0.));
#1999 = ORIENTED_EDGE('',*,*,#1983,.F.);
#2000 = ORIENTED_EDGE('',*,*,#2001,.F.);
#2001 = EDGE_CURVE('',#1984,#1984,#2002,.T.);
#2002 = CIRCLE('',#2003,1.35);
#2003 = AXIS2_PLACEMENT_3D('',#2004,#2005,#2006);
#2004 = CARTESIAN_POINT('',(129.,51.,0.));
#2005 = DIRECTION('',(0.,0.,1.));
#2006 = DIRECTION('',(1.,0.,-0.));
#2007 = CYLINDRICAL_SURFACE('',#2008,1.35);
#2008 = AXIS2_PLACEMENT_3D('',#2009,#2010,#2011);
#2009 = CARTESIAN_POINT('',(129.,51.,0.));
#2010 = DIRECTION('',(-0.,-0.,-1.));
#2011 = DIRECTION('',(1.,0.,-0.));
#2012 = ADVANCED_FACE('',(#2013),#2040,.F.);
#2013 = FACE_BOUND('',#2014,.T.);
#2014 = EDGE_LOOP('',(#2015,#2025,#2032,#2033));
#2015 = ORIENTED_EDGE('',*,*,#2016,.T.);
#2016 = EDGE_CURVE('',#2017,#2019,#2021,.T.);
#2017 = VERTEX_POINT('',#2018);
#2018 = CARTESIAN_POINT('',(126.27,58.5,0.));
#2019 = VERTEX_POINT('',#2020);
#2020 = CARTESIAN_POINT('',(126.27,58.5,1.62143948));
#2021 = LINE('',#2022,#2023);
#2022 = CARTESIAN_POINT('',(126.27,58.5,0.));
#2023 = VECTOR('',#2024,1.);
#2024 = DIRECTION('',(0.,0.,1.));
#2025 = ORIENTED_EDGE('',*,*,#2026,.T.);
#2026 = EDGE_CURVE('',#2019,#2019,#2027,.T.);
#2027 = CIRCLE('',#2028,0.5);
#2028 = AXIS2_PLACEMENT_3D('',#2029,#2030,#2031);
#2029 = CARTESIAN_POINT('',(125.77,58.5,1.62143948));
#2030 = DIRECTION('',(0.,0.,1.));
#2031 = DIRECTION('',(1.,0.,-0.));
#2032 = ORIENTED_EDGE('',*,*,#2016,.F.);
#2033 = ORIENTED_EDGE('',*,*,#2034,.F.);
#2034 = EDGE_CURVE('',#2017,#2017,#2035,.T.);
#2035 = CIRCLE('',#2036,0.5);
#2036 = AXIS2_PLACEMENT_3D('',#2037,#2038,#2039);
#2037 = CARTESIAN_POINT('',(125.77,58.5,0.));
#2038 = DIRECTION('',(0.,0.,1.));
#2039 = DIRECTION('',(1.,0.,-0.));
#2040 = CYLINDRICAL_SURFACE('',#2041,0.5);
#2041 = AXIS2_PLACEMENT_3D('',#2042,#2043,#2044);
#2042 = CARTESIAN_POINT('',(125.77,58.5,0.));
#2043 = DIRECTION('',(-0.,-0.,-1.));
#2044 = DIRECTION('',(1.,0.,-0.));
#2045 = ADVANCED_FACE('',(#2046),#2073,.F.);
#2046 = FACE_BOUND('',#2047,.T.);
#2047 = EDGE_LOOP('',(#2048,#2058,#2065,#2066));
#2048 = ORIENTED_EDGE('',*,*,#2049,.T.);
#2049 = EDGE_CURVE('',#2050,#2052,#2054,.T.);
#2050 = VERTEX_POINT('',#2051);
#2051 = CARTESIAN_POINT('',(143.,57.73,0.));
#2052 = VERTEX_POINT('',#2053);
#2053 = CARTESIAN_POINT('',(143.,57.73,1.62143948));
#2054 = LINE('',#2055,#2056);
#2055 = CARTESIAN_POINT('',(143.,57.73,0.));
#2056 = VECTOR('',#2057,1.);
#2057 = DIRECTION('',(0.,0.,1.));
#2058 = ORIENTED_EDGE('',*,*,#2059,.T.);
#2059 = EDGE_CURVE('',#2052,#2052,#2060,.T.);
#2060 = CIRCLE('',#2061,0.5);
#2061 = AXIS2_PLACEMENT_3D('',#2062,#2063,#2064);
#2062 = CARTESIAN_POINT('',(142.5,57.73,1.62143948));
#2063 = DIRECTION('',(0.,0.,1.));
#2064 = DIRECTION('',(1.,0.,-0.));
#2065 = ORIENTED_EDGE('',*,*,#2049,.F.);
#2066 = ORIENTED_EDGE('',*,*,#2067,.F.);
#2067 = EDGE_CURVE('',#2050,#2050,#2068,.T.);
#2068 = CIRCLE('',#2069,0.5);
#2069 = AXIS2_PLACEMENT_3D('',#2070,#2071,#2072);
#2070 = CARTESIAN_POINT('',(142.5,57.73,0.));
#2071 = DIRECTION('',(0.,0.,1.));
#2072 = DIRECTION('',(1.,0.,-0.));
#2073 = CYLINDRICAL_SURFACE('',#2074,0.5);
#2074 = AXIS2_PLACEMENT_3D('',#2075,#2076,#2077);
#2075 = CARTESIAN_POINT('',(142.5,57.73,0.));
#2076 = DIRECTION('',(-0.,-0.,-1.));
#2077 = DIRECTION('',(1.,0.,-0.));
#2078 = ADVANCED_FACE('',(#2079),#2106,.F.);
#2079 = FACE_BOUND('',#2080,.T.);
#2080 = EDGE_LOOP('',(#2081,#2091,#2098,#2099));
#2081 = ORIENTED_EDGE('',*,*,#2082,.T.);
#2082 = EDGE_CURVE('',#2083,#2085,#2087,.T.);
#2083 = VERTEX_POINT('',#2084);
#2084 = CARTESIAN_POINT('',(132.96,58.5,0.));
#2085 = VERTEX_POINT('',#2086);
#2086 = CARTESIAN_POINT('',(132.96,58.5,1.62143948));
#2087 = LINE('',#2088,#2089);
#2088 = CARTESIAN_POINT('',(132.96,58.5,0.));
#2089 = VECTOR('',#2090,1.);
#2090 = DIRECTION('',(0.,0.,1.));
#2091 = ORIENTED_EDGE('',*,*,#2092,.T.);
#2092 = EDGE_CURVE('',#2085,#2085,#2093,.T.);
#2093 = CIRCLE('',#2094,0.5);
#2094 = AXIS2_PLACEMENT_3D('',#2095,#2096,#2097);
#2095 = CARTESIAN_POINT('',(132.46,58.5,1.62143948));
#2096 = DIRECTION('',(0.,0.,1.));
#2097 = DIRECTION('',(1.,0.,-0.));
#2098 = ORIENTED_EDGE('',*,*,#2082,.F.);
#2099 = ORIENTED_EDGE('',*,*,#2100,.F.);
#2100 = EDGE_CURVE('',#2083,#2083,#2101,.T.);
#2101 = CIRCLE('',#2102,0.5);
#2102 = AXIS2_PLACEMENT_3D('',#2103,#2104,#2105);
#2103 = CARTESIAN_POINT('',(132.46,58.5,0.));
#2104 = DIRECTION('',(0.,0.,1.));
#2105 = DIRECTION('',(1.,0.,-0.));
#2106 = CYLINDRICAL_SURFACE('',#2107,0.5);
#2107 = AXIS2_PLACEMENT_3D('',#2108,#2109,#2110);
#2108 = CARTESIAN_POINT('',(132.46,58.5,0.));
#2109 = DIRECTION('',(-0.,-0.,-1.));
#2110 = DIRECTION('',(1.,0.,-0.));
#2111 = ADVANCED_FACE('',(#2112),#2139,.F.);
#2112 = FACE_BOUND('',#2113,.T.);
#2113 = EDGE_LOOP('',(#2114,#2124,#2131,#2132));
#2114 = ORIENTED_EDGE('',*,*,#2115,.T.);
#2115 = EDGE_CURVE('',#2116,#2118,#2120,.T.);
#2116 = VERTEX_POINT('',#2117);
#2117 = CARTESIAN_POINT('',(135.5,58.5,0.));
#2118 = VERTEX_POINT('',#2119);
#2119 = CARTESIAN_POINT('',(135.5,58.5,1.62143948));
#2120 = LINE('',#2121,#2122);
#2121 = CARTESIAN_POINT('',(135.5,58.5,0.));
#2122 = VECTOR('',#2123,1.);
#2123 = DIRECTION('',(0.,0.,1.));
#2124 = ORIENTED_EDGE('',*,*,#2125,.T.);
#2125 = EDGE_CURVE('',#2118,#2118,#2126,.T.);
#2126 = CIRCLE('',#2127,0.5);
#2127 = AXIS2_PLACEMENT_3D('',#2128,#2129,#2130);
#2128 = CARTESIAN_POINT('',(135.,58.5,1.62143948));
#2129 = DIRECTION('',(0.,0.,1.));
#2130 = DIRECTION('',(1.,0.,-0.));
#2131 = ORIENTED_EDGE('',*,*,#2115,.F.);
#2132 = ORIENTED_EDGE('',*,*,#2133,.F.);
#2133 = EDGE_CURVE('',#2116,#2116,#2134,.T.);
#2134 = CIRCLE('',#2135,0.5);
#2135 = AXIS2_PLACEMENT_3D('',#2136,#2137,#2138);
#2136 = CARTESIAN_POINT('',(135.,58.5,0.));
#2137 = DIRECTION('',(0.,0.,1.));
#2138 = DIRECTION('',(1.,0.,-0.));
#2139 = CYLINDRICAL_SURFACE('',#2140,0.5);
#2140 = AXIS2_PLACEMENT_3D('',#2141,#2142,#2143);
#2141 = CARTESIAN_POINT('',(135.,58.5,0.));
#2142 = DIRECTION('',(-0.,-0.,-1.));
#2143 = DIRECTION('',(1.,0.,-0.));
#2144 = ADVANCED_FACE('',(#2145),#2172,.F.);
#2145 = FACE_BOUND('',#2146,.T.);
#2146 = EDGE_LOOP('',(#2147,#2157,#2164,#2165));
#2147 = ORIENTED_EDGE('',*,*,#2148,.T.);
#2148 = EDGE_CURVE('',#2149,#2151,#2153,.T.);
#2149 = VERTEX_POINT('',#2150);
#2150 = CARTESIAN_POINT('',(143.,60.27,0.));
#2151 = VERTEX_POINT('',#2152);
#2152 = CARTESIAN_POINT('',(143.,60.27,1.62143948));
#2153 = LINE('',#2154,#2155);
#2154 = CARTESIAN_POINT('',(143.,60.27,0.));
#2155 = VECTOR('',#2156,1.);
#2156 = DIRECTION('',(0.,0.,1.));
#2157 = ORIENTED_EDGE('',*,*,#2158,.T.);
#2158 = EDGE_CURVE('',#2151,#2151,#2159,.T.);
#2159 = CIRCLE('',#2160,0.5);
#2160 = AXIS2_PLACEMENT_3D('',#2161,#2162,#2163);
#2161 = CARTESIAN_POINT('',(142.5,60.27,1.62143948));
#2162 = DIRECTION('',(0.,0.,1.));
#2163 = DIRECTION('',(1.,0.,-0.));
#2164 = ORIENTED_EDGE('',*,*,#2148,.F.);
#2165 = ORIENTED_EDGE('',*,*,#2166,.F.);
#2166 = EDGE_CURVE('',#2149,#2149,#2167,.T.);
#2167 = CIRCLE('',#2168,0.5);
#2168 = AXIS2_PLACEMENT_3D('',#2169,#2170,#2171);
#2169 = CARTESIAN_POINT('',(142.5,60.27,0.));
#2170 = DIRECTION('',(0.,0.,1.));
#2171 = DIRECTION('',(1.,0.,-0.));
#2172 = CYLINDRICAL_SURFACE('',#2173,0.5);
#2173 = AXIS2_PLACEMENT_3D('',#2174,#2175,#2176);
#2174 = CARTESIAN_POINT('',(142.5,60.27,0.));
#2175 = DIRECTION('',(-0.,-0.,-1.));
#2176 = DIRECTION('',(1.,0.,-0.));
#2177 = ADVANCED_FACE('',(#2178),#2205,.F.);
#2178 = FACE_BOUND('',#2179,.T.);
#2179 = EDGE_LOOP('',(#2180,#2190,#2197,#2198));
#2180 = ORIENTED_EDGE('',*,*,#2181,.T.);
#2181 = EDGE_CURVE('',#2182,#2184,#2186,.T.);
#2182 = VERTEX_POINT('',#2183);
#2183 = CARTESIAN_POINT('',(143.5,73.54,0.));
#2184 = VERTEX_POINT('',#2185);
#2185 = CARTESIAN_POINT('',(143.5,73.54,1.62143948));
#2186 = LINE('',#2187,#2188);
#2187 = CARTESIAN_POINT('',(143.5,73.54,0.));
#2188 = VECTOR('',#2189,1.);
#2189 = DIRECTION('',(0.,0.,1.));
#2190 = ORIENTED_EDGE('',*,*,#2191,.T.);
#2191 = EDGE_CURVE('',#2184,#2184,#2192,.T.);
#2192 = CIRCLE('',#2193,0.5);
#2193 = AXIS2_PLACEMENT_3D('',#2194,#2195,#2196);
#2194 = CARTESIAN_POINT('',(143.,73.54,1.62143948));
#2195 = DIRECTION('',(0.,0.,1.));
#2196 = DIRECTION('',(1.,0.,-0.));
#2197 = ORIENTED_EDGE('',*,*,#2181,.F.);
#2198 = ORIENTED_EDGE('',*,*,#2199,.F.);
#2199 = EDGE_CURVE('',#2182,#2182,#2200,.T.);
#2200 = CIRCLE('',#2201,0.5);
#2201 = AXIS2_PLACEMENT_3D('',#2202,#2203,#2204);
#2202 = CARTESIAN_POINT('',(143.,73.54,0.));
#2203 = DIRECTION('',(0.,0.,1.));
#2204 = DIRECTION('',(1.,0.,-0.));
#2205 = CYLINDRICAL_SURFACE('',#2206,0.5);
#2206 = AXIS2_PLACEMENT_3D('',#2207,#2208,#2209);
#2207 = CARTESIAN_POINT('',(143.,73.54,0.));
#2208 = DIRECTION('',(-0.,-0.,-1.));
#2209 = DIRECTION('',(1.,0.,-0.));
#2210 = ADVANCED_FACE('',(#2211),#2238,.F.);
#2211 = FACE_BOUND('',#2212,.T.);
#2212 = EDGE_LOOP('',(#2213,#2223,#2230,#2231));
#2213 = ORIENTED_EDGE('',*,*,#2214,.T.);
#2214 = EDGE_CURVE('',#2215,#2217,#2219,.T.);
#2215 = VERTEX_POINT('',#2216);
#2216 = CARTESIAN_POINT('',(143.5,71.,0.));
#2217 = VERTEX_POINT('',#2218);
#2218 = CARTESIAN_POINT('',(143.5,71.,1.62143948));
#2219 = LINE('',#2220,#2221);
#2220 = CARTESIAN_POINT('',(143.5,71.,0.));
#2221 = VECTOR('',#2222,1.);
#2222 = DIRECTION('',(0.,0.,1.));
#2223 = ORIENTED_EDGE('',*,*,#2224,.T.);
#2224 = EDGE_CURVE('',#2217,#2217,#2225,.T.);
#2225 = CIRCLE('',#2226,0.5);
#2226 = AXIS2_PLACEMENT_3D('',#2227,#2228,#2229);
#2227 = CARTESIAN_POINT('',(143.,71.,1.62143948));
#2228 = DIRECTION('',(0.,0.,1.));
#2229 = DIRECTION('',(1.,0.,-0.));
#2230 = ORIENTED_EDGE('',*,*,#2214,.F.);
#2231 = ORIENTED_EDGE('',*,*,#2232,.F.);
#2232 = EDGE_CURVE('',#2215,#2215,#2233,.T.);
#2233 = CIRCLE('',#2234,0.5);
#2234 = AXIS2_PLACEMENT_3D('',#2235,#2236,#2237);
#2235 = CARTESIAN_POINT('',(143.,71.,0.));
#2236 = DIRECTION('',(0.,0.,1.));
#2237 = DIRECTION('',(1.,0.,-0.));
#2238 = CYLINDRICAL_SURFACE('',#2239,0.5);
#2239 = AXIS2_PLACEMENT_3D('',#2240,#2241,#2242);
#2240 = CARTESIAN_POINT('',(143.,71.,0.));
#2241 = DIRECTION('',(-0.,-0.,-1.));
#2242 = DIRECTION('',(1.,0.,-0.));
#2243 = ADVANCED_FACE('',(#2244),#2271,.F.);
#2244 = FACE_BOUND('',#2245,.T.);
#2245 = EDGE_LOOP('',(#2246,#2256,#2263,#2264));
#2246 = ORIENTED_EDGE('',*,*,#2247,.T.);
#2247 = EDGE_CURVE('',#2248,#2250,#2252,.T.);
#2248 = VERTEX_POINT('',#2249);
#2249 = CARTESIAN_POINT('',(143.5,76.08,0.));
#2250 = VERTEX_POINT('',#2251);
#2251 = CARTESIAN_POINT('',(143.5,76.08,1.62143948));
#2252 = LINE('',#2253,#2254);
#2253 = CARTESIAN_POINT('',(143.5,76.08,0.));
#2254 = VECTOR('',#2255,1.);
#2255 = DIRECTION('',(0.,0.,1.));
#2256 = ORIENTED_EDGE('',*,*,#2257,.T.);
#2257 = EDGE_CURVE('',#2250,#2250,#2258,.T.);
#2258 = CIRCLE('',#2259,0.5);
#2259 = AXIS2_PLACEMENT_3D('',#2260,#2261,#2262);
#2260 = CARTESIAN_POINT('',(143.,76.08,1.62143948));
#2261 = DIRECTION('',(0.,0.,1.));
#2262 = DIRECTION('',(1.,0.,-0.));
#2263 = ORIENTED_EDGE('',*,*,#2247,.F.);
#2264 = ORIENTED_EDGE('',*,*,#2265,.F.);
#2265 = EDGE_CURVE('',#2248,#2248,#2266,.T.);
#2266 = CIRCLE('',#2267,0.5);
#2267 = AXIS2_PLACEMENT_3D('',#2268,#2269,#2270);
#2268 = CARTESIAN_POINT('',(143.,76.08,0.));
#2269 = DIRECTION('',(0.,0.,1.));
#2270 = DIRECTION('',(1.,0.,-0.));
#2271 = CYLINDRICAL_SURFACE('',#2272,0.5);
#2272 = AXIS2_PLACEMENT_3D('',#2273,#2274,#2275);
#2273 = CARTESIAN_POINT('',(143.,76.08,0.));
#2274 = DIRECTION('',(-0.,-0.,-1.));
#2275 = DIRECTION('',(1.,0.,-0.));
#2276 = ADVANCED_FACE('',(#2277),#2304,.F.);
#2277 = FACE_BOUND('',#2278,.T.);
#2278 = EDGE_LOOP('',(#2279,#2289,#2296,#2297));
#2279 = ORIENTED_EDGE('',*,*,#2280,.T.);
#2280 = EDGE_CURVE('',#2281,#2283,#2285,.T.);
#2281 = VERTEX_POINT('',#2282);
#2282 = CARTESIAN_POINT('',(147.5,92.04,0.));
#2283 = VERTEX_POINT('',#2284);
#2284 = CARTESIAN_POINT('',(147.5,92.04,1.62143948));
#2285 = LINE('',#2286,#2287);
#2286 = CARTESIAN_POINT('',(147.5,92.04,0.));
#2287 = VECTOR('',#2288,1.);
#2288 = DIRECTION('',(0.,0.,1.));
#2289 = ORIENTED_EDGE('',*,*,#2290,.T.);
#2290 = EDGE_CURVE('',#2283,#2283,#2291,.T.);
#2291 = CIRCLE('',#2292,0.5);
#2292 = AXIS2_PLACEMENT_3D('',#2293,#2294,#2295);
#2293 = CARTESIAN_POINT('',(147.,92.04,1.62143948));
#2294 = DIRECTION('',(0.,0.,1.));
#2295 = DIRECTION('',(1.,0.,-0.));
#2296 = ORIENTED_EDGE('',*,*,#2280,.F.);
#2297 = ORIENTED_EDGE('',*,*,#2298,.F.);
#2298 = EDGE_CURVE('',#2281,#2281,#2299,.T.);
#2299 = CIRCLE('',#2300,0.5);
#2300 = AXIS2_PLACEMENT_3D('',#2301,#2302,#2303);
#2301 = CARTESIAN_POINT('',(147.,92.04,0.));
#2302 = DIRECTION('',(0.,0.,1.));
#2303 = DIRECTION('',(1.,0.,-0.));
#2304 = CYLINDRICAL_SURFACE('',#2305,0.5);
#2305 = AXIS2_PLACEMENT_3D('',#2306,#2307,#2308);
#2306 = CARTESIAN_POINT('',(147.,92.04,0.));
#2307 = DIRECTION('',(-0.,-0.,-1.));
#2308 = DIRECTION('',(1.,0.,-0.));
#2309 = ADVANCED_FACE('',(#2310),#2337,.F.);
#2310 = FACE_BOUND('',#2311,.T.);
#2311 = EDGE_LOOP('',(#2312,#2322,#2329,#2330));
#2312 = ORIENTED_EDGE('',*,*,#2313,.T.);
#2313 = EDGE_CURVE('',#2314,#2316,#2318,.T.);
#2314 = VERTEX_POINT('',#2315);
#2315 = CARTESIAN_POINT('',(147.5,89.5,0.));
#2316 = VERTEX_POINT('',#2317);
#2317 = CARTESIAN_POINT('',(147.5,89.5,1.62143948));
#2318 = LINE('',#2319,#2320);
#2319 = CARTESIAN_POINT('',(147.5,89.5,0.));
#2320 = VECTOR('',#2321,1.);
#2321 = DIRECTION('',(0.,0.,1.));
#2322 = ORIENTED_EDGE('',*,*,#2323,.T.);
#2323 = EDGE_CURVE('',#2316,#2316,#2324,.T.);
#2324 = CIRCLE('',#2325,0.5);
#2325 = AXIS2_PLACEMENT_3D('',#2326,#2327,#2328);
#2326 = CARTESIAN_POINT('',(147.,89.5,1.62143948));
#2327 = DIRECTION('',(0.,0.,1.));
#2328 = DIRECTION('',(1.,0.,-0.));
#2329 = ORIENTED_EDGE('',*,*,#2313,.F.);
#2330 = ORIENTED_EDGE('',*,*,#2331,.F.);
#2331 = EDGE_CURVE('',#2314,#2314,#2332,.T.);
#2332 = CIRCLE('',#2333,0.5);
#2333 = AXIS2_PLACEMENT_3D('',#2334,#2335,#2336);
#2334 = CARTESIAN_POINT('',(147.,89.5,0.));
#2335 = DIRECTION('',(0.,0.,1.));
#2336 = DIRECTION('',(1.,0.,-0.));
#2337 = CYLINDRICAL_SURFACE('',#2338,0.5);
#2338 = AXIS2_PLACEMENT_3D('',#2339,#2340,#2341);
#2339 = CARTESIAN_POINT('',(147.,89.5,0.));
#2340 = DIRECTION('',(-0.,-0.,-1.));
#2341 = DIRECTION('',(1.,0.,-0.));
#2342 = ADVANCED_FACE('',(#2343),#2370,.F.);
#2343 = FACE_BOUND('',#2344,.T.);
#2344 = EDGE_LOOP('',(#2345,#2355,#2362,#2363));
#2345 = ORIENTED_EDGE('',*,*,#2346,.T.);
#2346 = EDGE_CURVE('',#2347,#2349,#2351,.T.);
#2347 = VERTEX_POINT('',#2348);
#2348 = CARTESIAN_POINT('',(111.93,98.73,0.));
#2349 = VERTEX_POINT('',#2350);
#2350 = CARTESIAN_POINT('',(111.93,98.73,1.62143948));
#2351 = LINE('',#2352,#2353);
#2352 = CARTESIAN_POINT('',(111.93,98.73,0.));
#2353 = VECTOR('',#2354,1.);
#2354 = DIRECTION('',(0.,0.,1.));
#2355 = ORIENTED_EDGE('',*,*,#2356,.T.);
#2356 = EDGE_CURVE('',#2349,#2349,#2357,.T.);
#2357 = CIRCLE('',#2358,0.5);
#2358 = AXIS2_PLACEMENT_3D('',#2359,#2360,#2361);
#2359 = CARTESIAN_POINT('',(111.43,98.73,1.62143948));
#2360 = DIRECTION('',(0.,0.,1.));
#2361 = DIRECTION('',(1.,0.,-0.));
#2362 = ORIENTED_EDGE('',*,*,#2346,.F.);
#2363 = ORIENTED_EDGE('',*,*,#2364,.F.);
#2364 = EDGE_CURVE('',#2347,#2347,#2365,.T.);
#2365 = CIRCLE('',#2366,0.5);
#2366 = AXIS2_PLACEMENT_3D('',#2367,#2368,#2369);
#2367 = CARTESIAN_POINT('',(111.43,98.73,0.));
#2368 = DIRECTION('',(0.,0.,1.));
#2369 = DIRECTION('',(1.,0.,-0.));
#2370 = CYLINDRICAL_SURFACE('',#2371,0.5);
#2371 = AXIS2_PLACEMENT_3D('',#2372,#2373,#2374);
#2372 = CARTESIAN_POINT('',(111.43,98.73,0.));
#2373 = DIRECTION('',(-0.,-0.,-1.));
#2374 = DIRECTION('',(1.,0.,-0.));
#2375 = ADVANCED_FACE('',(#2376),#2403,.F.);
#2376 = FACE_BOUND('',#2377,.T.);
#2377 = EDGE_LOOP('',(#2378,#2388,#2395,#2396));
#2378 = ORIENTED_EDGE('',*,*,#2379,.T.);
#2379 = EDGE_CURVE('',#2380,#2382,#2384,.T.);
#2380 = VERTEX_POINT('',#2381);
#2381 = CARTESIAN_POINT('',(109.39,98.73,0.));
#2382 = VERTEX_POINT('',#2383);
#2383 = CARTESIAN_POINT('',(109.39,98.73,1.62143948));
#2384 = LINE('',#2385,#2386);
#2385 = CARTESIAN_POINT('',(109.39,98.73,0.));
#2386 = VECTOR('',#2387,1.);
#2387 = DIRECTION('',(0.,0.,1.));
#2388 = ORIENTED_EDGE('',*,*,#2389,.T.);
#2389 = EDGE_CURVE('',#2382,#2382,#2390,.T.);
#2390 = CIRCLE('',#2391,0.5);
#2391 = AXIS2_PLACEMENT_3D('',#2392,#2393,#2394);
#2392 = CARTESIAN_POINT('',(108.89,98.73,1.62143948));
#2393 = DIRECTION('',(0.,0.,1.));
#2394 = DIRECTION('',(1.,0.,-0.));
#2395 = ORIENTED_EDGE('',*,*,#2379,.F.);
#2396 = ORIENTED_EDGE('',*,*,#2397,.F.);
#2397 = EDGE_CURVE('',#2380,#2380,#2398,.T.);
#2398 = CIRCLE('',#2399,0.5);
#2399 = AXIS2_PLACEMENT_3D('',#2400,#2401,#2402);
#2400 = CARTESIAN_POINT('',(108.89,98.73,0.));
#2401 = DIRECTION('',(0.,0.,1.));
#2402 = DIRECTION('',(1.,0.,-0.));
#2403 = CYLINDRICAL_SURFACE('',#2404,0.5);
#2404 = AXIS2_PLACEMENT_3D('',#2405,#2406,#2407);
#2405 = CARTESIAN_POINT('',(108.89,98.73,0.));
#2406 = DIRECTION('',(-0.,-0.,-1.));
#2407 = DIRECTION('',(1.,0.,-0.));
#2408 = ADVANCED_FACE('',(#2409),#2436,.F.);
#2409 = FACE_BOUND('',#2410,.T.);
#2410 = EDGE_LOOP('',(#2411,#2421,#2428,#2429));
#2411 = ORIENTED_EDGE('',*,*,#2412,.T.);
#2412 = EDGE_CURVE('',#2413,#2415,#2417,.T.);
#2413 = VERTEX_POINT('',#2414);
#2414 = CARTESIAN_POINT('',(122.09,98.73,0.));
#2415 = VERTEX_POINT('',#2416);
#2416 = CARTESIAN_POINT('',(122.09,98.73,1.62143948));
#2417 = LINE('',#2418,#2419);
#2418 = CARTESIAN_POINT('',(122.09,98.73,0.));
#2419 = VECTOR('',#2420,1.);
#2420 = DIRECTION('',(0.,0.,1.));
#2421 = ORIENTED_EDGE('',*,*,#2422,.T.);
#2422 = EDGE_CURVE('',#2415,#2415,#2423,.T.);
#2423 = CIRCLE('',#2424,0.5);
#2424 = AXIS2_PLACEMENT_3D('',#2425,#2426,#2427);
#2425 = CARTESIAN_POINT('',(121.59,98.73,1.62143948));
#2426 = DIRECTION('',(0.,0.,1.));
#2427 = DIRECTION('',(1.,0.,-0.));
#2428 = ORIENTED_EDGE('',*,*,#2412,.F.);
#2429 = ORIENTED_EDGE('',*,*,#2430,.F.);
#2430 = EDGE_CURVE('',#2413,#2413,#2431,.T.);
#2431 = CIRCLE('',#2432,0.5);
#2432 = AXIS2_PLACEMENT_3D('',#2433,#2434,#2435);
#2433 = CARTESIAN_POINT('',(121.59,98.73,0.));
#2434 = DIRECTION('',(0.,0.,1.));
#2435 = DIRECTION('',(1.,0.,-0.));
#2436 = CYLINDRICAL_SURFACE('',#2437,0.5);
#2437 = AXIS2_PLACEMENT_3D('',#2438,#2439,#2440);
#2438 = CARTESIAN_POINT('',(121.59,98.73,0.));
#2439 = DIRECTION('',(-0.,-0.,-1.));
#2440 = DIRECTION('',(1.,0.,-0.));
#2441 = ADVANCED_FACE('',(#2442),#2469,.F.);
#2442 = FACE_BOUND('',#2443,.T.);
#2443 = EDGE_LOOP('',(#2444,#2454,#2461,#2462));
#2444 = ORIENTED_EDGE('',*,*,#2445,.T.);
#2445 = EDGE_CURVE('',#2446,#2448,#2450,.T.);
#2446 = VERTEX_POINT('',#2447);
#2447 = CARTESIAN_POINT('',(114.47,98.73,0.));
#2448 = VERTEX_POINT('',#2449);
#2449 = CARTESIAN_POINT('',(114.47,98.73,1.62143948));
#2450 = LINE('',#2451,#2452);
#2451 = CARTESIAN_POINT('',(114.47,98.73,0.));
#2452 = VECTOR('',#2453,1.);
#2453 = DIRECTION('',(0.,0.,1.));
#2454 = ORIENTED_EDGE('',*,*,#2455,.T.);
#2455 = EDGE_CURVE('',#2448,#2448,#2456,.T.);
#2456 = CIRCLE('',#2457,0.5);
#2457 = AXIS2_PLACEMENT_3D('',#2458,#2459,#2460);
#2458 = CARTESIAN_POINT('',(113.97,98.73,1.62143948));
#2459 = DIRECTION('',(0.,0.,1.));
#2460 = DIRECTION('',(1.,0.,-0.));
#2461 = ORIENTED_EDGE('',*,*,#2445,.F.);
#2462 = ORIENTED_EDGE('',*,*,#2463,.F.);
#2463 = EDGE_CURVE('',#2446,#2446,#2464,.T.);
#2464 = CIRCLE('',#2465,0.5);
#2465 = AXIS2_PLACEMENT_3D('',#2466,#2467,#2468);
#2466 = CARTESIAN_POINT('',(113.97,98.73,0.));
#2467 = DIRECTION('',(0.,0.,1.));
#2468 = DIRECTION('',(1.,0.,-0.));
#2469 = CYLINDRICAL_SURFACE('',#2470,0.5);
#2470 = AXIS2_PLACEMENT_3D('',#2471,#2472,#2473);
#2471 = CARTESIAN_POINT('',(113.97,98.73,0.));
#2472 = DIRECTION('',(-0.,-0.,-1.));
#2473 = DIRECTION('',(1.,0.,-0.));
#2474 = ADVANCED_FACE('',(#2475),#2502,.F.);
#2475 = FACE_BOUND('',#2476,.T.);
#2476 = EDGE_LOOP('',(#2477,#2487,#2494,#2495));
#2477 = ORIENTED_EDGE('',*,*,#2478,.T.);
#2478 = EDGE_CURVE('',#2479,#2481,#2483,.T.);
#2479 = VERTEX_POINT('',#2480);
#2480 = CARTESIAN_POINT('',(117.01,98.73,0.));
#2481 = VERTEX_POINT('',#2482);
#2482 = CARTESIAN_POINT('',(117.01,98.73,1.62143948));
#2483 = LINE('',#2484,#2485);
#2484 = CARTESIAN_POINT('',(117.01,98.73,0.));
#2485 = VECTOR('',#2486,1.);
#2486 = DIRECTION('',(0.,0.,1.));
#2487 = ORIENTED_EDGE('',*,*,#2488,.T.);
#2488 = EDGE_CURVE('',#2481,#2481,#2489,.T.);
#2489 = CIRCLE('',#2490,0.5);
#2490 = AXIS2_PLACEMENT_3D('',#2491,#2492,#2493);
#2491 = CARTESIAN_POINT('',(116.51,98.73,1.62143948));
#2492 = DIRECTION('',(0.,0.,1.));
#2493 = DIRECTION('',(1.,0.,-0.));
#2494 = ORIENTED_EDGE('',*,*,#2478,.F.);
#2495 = ORIENTED_EDGE('',*,*,#2496,.F.);
#2496 = EDGE_CURVE('',#2479,#2479,#2497,.T.);
#2497 = CIRCLE('',#2498,0.5);
#2498 = AXIS2_PLACEMENT_3D('',#2499,#2500,#2501);
#2499 = CARTESIAN_POINT('',(116.51,98.73,0.));
#2500 = DIRECTION('',(0.,0.,1.));
#2501 = DIRECTION('',(1.,0.,-0.));
#2502 = CYLINDRICAL_SURFACE('',#2503,0.5);
#2503 = AXIS2_PLACEMENT_3D('',#2504,#2505,#2506);
#2504 = CARTESIAN_POINT('',(116.51,98.73,0.));
#2505 = DIRECTION('',(-0.,-0.,-1.));
#2506 = DIRECTION('',(1.,0.,-0.));
#2507 = ADVANCED_FACE('',(#2508),#2535,.F.);
#2508 = FACE_BOUND('',#2509,.T.);
#2509 = EDGE_LOOP('',(#2510,#2520,#2527,#2528));
#2510 = ORIENTED_EDGE('',*,*,#2511,.T.);
#2511 = EDGE_CURVE('',#2512,#2514,#2516,.T.);
#2512 = VERTEX_POINT('',#2513);
#2513 = CARTESIAN_POINT('',(114.47,101.27,0.));
#2514 = VERTEX_POINT('',#2515);
#2515 = CARTESIAN_POINT('',(114.47,101.27,1.62143948));
#2516 = LINE('',#2517,#2518);
#2517 = CARTESIAN_POINT('',(114.47,101.27,0.));
#2518 = VECTOR('',#2519,1.);
#2519 = DIRECTION('',(0.,0.,1.));
#2520 = ORIENTED_EDGE('',*,*,#2521,.T.);
#2521 = EDGE_CURVE('',#2514,#2514,#2522,.T.);
#2522 = CIRCLE('',#2523,0.5);
#2523 = AXIS2_PLACEMENT_3D('',#2524,#2525,#2526);
#2524 = CARTESIAN_POINT('',(113.97,101.27,1.62143948));
#2525 = DIRECTION('',(0.,0.,1.));
#2526 = DIRECTION('',(1.,0.,-0.));
#2527 = ORIENTED_EDGE('',*,*,#2511,.F.);
#2528 = ORIENTED_EDGE('',*,*,#2529,.F.);
#2529 = EDGE_CURVE('',#2512,#2512,#2530,.T.);
#2530 = CIRCLE('',#2531,0.5);
#2531 = AXIS2_PLACEMENT_3D('',#2532,#2533,#2534);
#2532 = CARTESIAN_POINT('',(113.97,101.27,0.));
#2533 = DIRECTION('',(0.,0.,1.));
#2534 = DIRECTION('',(1.,0.,-0.));
#2535 = CYLINDRICAL_SURFACE('',#2536,0.5);
#2536 = AXIS2_PLACEMENT_3D('',#2537,#2538,#2539);
#2537 = CARTESIAN_POINT('',(113.97,101.27,0.));
#2538 = DIRECTION('',(-0.,-0.,-1.));
#2539 = DIRECTION('',(1.,0.,-0.));
#2540 = ADVANCED_FACE('',(#2541),#2568,.F.);
#2541 = FACE_BOUND('',#2542,.T.);
#2542 = EDGE_LOOP('',(#2543,#2553,#2560,#2561));
#2543 = ORIENTED_EDGE('',*,*,#2544,.T.);
#2544 = EDGE_CURVE('',#2545,#2547,#2549,.T.);
#2545 = VERTEX_POINT('',#2546);
#2546 = CARTESIAN_POINT('',(109.39,101.27,0.));
#2547 = VERTEX_POINT('',#2548);
#2548 = CARTESIAN_POINT('',(109.39,101.27,1.62143948));
#2549 = LINE('',#2550,#2551);
#2550 = CARTESIAN_POINT('',(109.39,101.27,0.));
#2551 = VECTOR('',#2552,1.);
#2552 = DIRECTION('',(0.,0.,1.));
#2553 = ORIENTED_EDGE('',*,*,#2554,.T.);
#2554 = EDGE_CURVE('',#2547,#2547,#2555,.T.);
#2555 = CIRCLE('',#2556,0.5);
#2556 = AXIS2_PLACEMENT_3D('',#2557,#2558,#2559);
#2557 = CARTESIAN_POINT('',(108.89,101.27,1.62143948));
#2558 = DIRECTION('',(0.,0.,1.));
#2559 = DIRECTION('',(1.,0.,-0.));
#2560 = ORIENTED_EDGE('',*,*,#2544,.F.);
#2561 = ORIENTED_EDGE('',*,*,#2562,.F.);
#2562 = EDGE_CURVE('',#2545,#2545,#2563,.T.);
#2563 = CIRCLE('',#2564,0.5);
#2564 = AXIS2_PLACEMENT_3D('',#2565,#2566,#2567);
#2565 = CARTESIAN_POINT('',(108.89,101.27,0.));
#2566 = DIRECTION('',(0.,0.,1.));
#2567 = DIRECTION('',(1.,0.,-0.));
#2568 = CYLINDRICAL_SURFACE('',#2569,0.5);
#2569 = AXIS2_PLACEMENT_3D('',#2570,#2571,#2572);
#2570 = CARTESIAN_POINT('',(108.89,101.27,0.));
#2571 = DIRECTION('',(-0.,-0.,-1.));
#2572 = DIRECTION('',(1.,0.,-0.));
#2573 = ADVANCED_FACE('',(#2574),#2601,.F.);
#2574 = FACE_BOUND('',#2575,.T.);
#2575 = EDGE_LOOP('',(#2576,#2586,#2593,#2594));
#2576 = ORIENTED_EDGE('',*,*,#2577,.T.);
#2577 = EDGE_CURVE('',#2578,#2580,#2582,.T.);
#2578 = VERTEX_POINT('',#2579);
#2579 = CARTESIAN_POINT('',(111.93,101.27,0.));
#2580 = VERTEX_POINT('',#2581);
#2581 = CARTESIAN_POINT('',(111.93,101.27,1.62143948));
#2582 = LINE('',#2583,#2584);
#2583 = CARTESIAN_POINT('',(111.93,101.27,0.));
#2584 = VECTOR('',#2585,1.);
#2585 = DIRECTION('',(0.,0.,1.));
#2586 = ORIENTED_EDGE('',*,*,#2587,.T.);
#2587 = EDGE_CURVE('',#2580,#2580,#2588,.T.);
#2588 = CIRCLE('',#2589,0.5);
#2589 = AXIS2_PLACEMENT_3D('',#2590,#2591,#2592);
#2590 = CARTESIAN_POINT('',(111.43,101.27,1.62143948));
#2591 = DIRECTION('',(0.,0.,1.));
#2592 = DIRECTION('',(1.,0.,-0.));
#2593 = ORIENTED_EDGE('',*,*,#2577,.F.);
#2594 = ORIENTED_EDGE('',*,*,#2595,.F.);
#2595 = EDGE_CURVE('',#2578,#2578,#2596,.T.);
#2596 = CIRCLE('',#2597,0.5);
#2597 = AXIS2_PLACEMENT_3D('',#2598,#2599,#2600);
#2598 = CARTESIAN_POINT('',(111.43,101.27,0.));
#2599 = DIRECTION('',(0.,0.,1.));
#2600 = DIRECTION('',(1.,0.,-0.));
#2601 = CYLINDRICAL_SURFACE('',#2602,0.5);
#2602 = AXIS2_PLACEMENT_3D('',#2603,#2604,#2605);
#2603 = CARTESIAN_POINT('',(111.43,101.27,0.));
#2604 = DIRECTION('',(-0.,-0.,-1.));
#2605 = DIRECTION('',(1.,0.,-0.));
#2606 = ADVANCED_FACE('',(#2607),#2634,.F.);
#2607 = FACE_BOUND('',#2608,.T.);
#2608 = EDGE_LOOP('',(#2609,#2619,#2626,#2627));
#2609 = ORIENTED_EDGE('',*,*,#2610,.T.);
#2610 = EDGE_CURVE('',#2611,#2613,#2615,.T.);
#2611 = VERTEX_POINT('',#2612);
#2612 = CARTESIAN_POINT('',(119.55,98.73,0.));
#2613 = VERTEX_POINT('',#2614);
#2614 = CARTESIAN_POINT('',(119.55,98.73,1.62143948));
#2615 = LINE('',#2616,#2617);
#2616 = CARTESIAN_POINT('',(119.55,98.73,0.));
#2617 = VECTOR('',#2618,1.);
#2618 = DIRECTION('',(0.,0.,1.));
#2619 = ORIENTED_EDGE('',*,*,#2620,.T.);
#2620 = EDGE_CURVE('',#2613,#2613,#2621,.T.);
#2621 = CIRCLE('',#2622,0.5);
#2622 = AXIS2_PLACEMENT_3D('',#2623,#2624,#2625);
#2623 = CARTESIAN_POINT('',(119.05,98.73,1.62143948));
#2624 = DIRECTION('',(0.,0.,1.));
#2625 = DIRECTION('',(1.,0.,-0.));
#2626 = ORIENTED_EDGE('',*,*,#2610,.F.);
#2627 = ORIENTED_EDGE('',*,*,#2628,.F.);
#2628 = EDGE_CURVE('',#2611,#2611,#2629,.T.);
#2629 = CIRCLE('',#2630,0.5);
#2630 = AXIS2_PLACEMENT_3D('',#2631,#2632,#2633);
#2631 = CARTESIAN_POINT('',(119.05,98.73,0.));
#2632 = DIRECTION('',(0.,0.,1.));
#2633 = DIRECTION('',(1.,0.,-0.));
#2634 = CYLINDRICAL_SURFACE('',#2635,0.5);
#2635 = AXIS2_PLACEMENT_3D('',#2636,#2637,#2638);
#2636 = CARTESIAN_POINT('',(119.05,98.73,0.));
#2637 = DIRECTION('',(-0.,-0.,-1.));
#2638 = DIRECTION('',(1.,0.,-0.));
#2639 = ADVANCED_FACE('',(#2640),#2667,.F.);
#2640 = FACE_BOUND('',#2641,.T.);
#2641 = EDGE_LOOP('',(#2642,#2652,#2659,#2660));
#2642 = ORIENTED_EDGE('',*,*,#2643,.T.);
#2643 = EDGE_CURVE('',#2644,#2646,#2648,.T.);
#2644 = VERTEX_POINT('',#2645);
#2645 = CARTESIAN_POINT('',(117.01,101.27,0.));
#2646 = VERTEX_POINT('',#2647);
#2647 = CARTESIAN_POINT('',(117.01,101.27,1.62143948));
#2648 = LINE('',#2649,#2650);
#2649 = CARTESIAN_POINT('',(117.01,101.27,0.));
#2650 = VECTOR('',#2651,1.);
#2651 = DIRECTION('',(0.,0.,1.));
#2652 = ORIENTED_EDGE('',*,*,#2653,.T.);
#2653 = EDGE_CURVE('',#2646,#2646,#2654,.T.);
#2654 = CIRCLE('',#2655,0.5);
#2655 = AXIS2_PLACEMENT_3D('',#2656,#2657,#2658);
#2656 = CARTESIAN_POINT('',(116.51,101.27,1.62143948));
#2657 = DIRECTION('',(0.,0.,1.));
#2658 = DIRECTION('',(1.,0.,-0.));
#2659 = ORIENTED_EDGE('',*,*,#2643,.F.);
#2660 = ORIENTED_EDGE('',*,*,#2661,.F.);
#2661 = EDGE_CURVE('',#2644,#2644,#2662,.T.);
#2662 = CIRCLE('',#2663,0.5);
#2663 = AXIS2_PLACEMENT_3D('',#2664,#2665,#2666);
#2664 = CARTESIAN_POINT('',(116.51,101.27,0.));
#2665 = DIRECTION('',(0.,0.,1.));
#2666 = DIRECTION('',(1.,0.,-0.));
#2667 = CYLINDRICAL_SURFACE('',#2668,0.5);
#2668 = AXIS2_PLACEMENT_3D('',#2669,#2670,#2671);
#2669 = CARTESIAN_POINT('',(116.51,101.27,0.));
#2670 = DIRECTION('',(-0.,-0.,-1.));
#2671 = DIRECTION('',(1.,0.,-0.));
#2672 = ADVANCED_FACE('',(#2673),#2700,.F.);
#2673 = FACE_BOUND('',#2674,.T.);
#2674 = EDGE_LOOP('',(#2675,#2685,#2692,#2693));
#2675 = ORIENTED_EDGE('',*,*,#2676,.T.);
#2676 = EDGE_CURVE('',#2677,#2679,#2681,.T.);
#2677 = VERTEX_POINT('',#2678);
#2678 = CARTESIAN_POINT('',(119.55,101.27,0.));
#2679 = VERTEX_POINT('',#2680);
#2680 = CARTESIAN_POINT('',(119.55,101.27,1.62143948));
#2681 = LINE('',#2682,#2683);
#2682 = CARTESIAN_POINT('',(119.55,101.27,0.));
#2683 = VECTOR('',#2684,1.);
#2684 = DIRECTION('',(0.,0.,1.));
#2685 = ORIENTED_EDGE('',*,*,#2686,.T.);
#2686 = EDGE_CURVE('',#2679,#2679,#2687,.T.);
#2687 = CIRCLE('',#2688,0.5);
#2688 = AXIS2_PLACEMENT_3D('',#2689,#2690,#2691);
#2689 = CARTESIAN_POINT('',(119.05,101.27,1.62143948));
#2690 = DIRECTION('',(0.,0.,1.));
#2691 = DIRECTION('',(1.,0.,-0.));
#2692 = ORIENTED_EDGE('',*,*,#2676,.F.);
#2693 = ORIENTED_EDGE('',*,*,#2694,.F.);
#2694 = EDGE_CURVE('',#2677,#2677,#2695,.T.);
#2695 = CIRCLE('',#2696,0.5);
#2696 = AXIS2_PLACEMENT_3D('',#2697,#2698,#2699);
#2697 = CARTESIAN_POINT('',(119.05,101.27,0.));
#2698 = DIRECTION('',(0.,0.,1.));
#2699 = DIRECTION('',(1.,0.,-0.));
#2700 = CYLINDRICAL_SURFACE('',#2701,0.5);
#2701 = AXIS2_PLACEMENT_3D('',#2702,#2703,#2704);
#2702 = CARTESIAN_POINT('',(119.05,101.27,0.));
#2703 = DIRECTION('',(-0.,-0.,-1.));
#2704 = DIRECTION('',(1.,0.,-0.));
#2705 = ADVANCED_FACE('',(#2706),#2733,.F.);
#2706 = FACE_BOUND('',#2707,.T.);
#2707 = EDGE_LOOP('',(#2708,#2718,#2725,#2726));
#2708 = ORIENTED_EDGE('',*,*,#2709,.T.);
#2709 = EDGE_CURVE('',#2710,#2712,#2714,.T.);
#2710 = VERTEX_POINT('',#2711);
#2711 = CARTESIAN_POINT('',(125.,92.5,0.));
#2712 = VERTEX_POINT('',#2713);
#2713 = CARTESIAN_POINT('',(125.,92.5,1.62143948));
#2714 = LINE('',#2715,#2716);
#2715 = CARTESIAN_POINT('',(125.,92.5,0.));
#2716 = VECTOR('',#2717,1.);
#2717 = DIRECTION('',(0.,0.,1.));
#2718 = ORIENTED_EDGE('',*,*,#2719,.T.);
#2719 = EDGE_CURVE('',#2712,#2712,#2720,.T.);
#2720 = CIRCLE('',#2721,0.5);
#2721 = AXIS2_PLACEMENT_3D('',#2722,#2723,#2724);
#2722 = CARTESIAN_POINT('',(124.5,92.5,1.62143948));
#2723 = DIRECTION('',(0.,0.,1.));
#2724 = DIRECTION('',(1.,0.,-0.));
#2725 = ORIENTED_EDGE('',*,*,#2709,.F.);
#2726 = ORIENTED_EDGE('',*,*,#2727,.F.);
#2727 = EDGE_CURVE('',#2710,#2710,#2728,.T.);
#2728 = CIRCLE('',#2729,0.5);
#2729 = AXIS2_PLACEMENT_3D('',#2730,#2731,#2732);
#2730 = CARTESIAN_POINT('',(124.5,92.5,0.));
#2731 = DIRECTION('',(0.,0.,1.));
#2732 = DIRECTION('',(1.,0.,-0.));
#2733 = CYLINDRICAL_SURFACE('',#2734,0.5);
#2734 = AXIS2_PLACEMENT_3D('',#2735,#2736,#2737);
#2735 = CARTESIAN_POINT('',(124.5,92.5,0.));
#2736 = DIRECTION('',(-0.,-0.,-1.));
#2737 = DIRECTION('',(1.,0.,-0.));
#2738 = ADVANCED_FACE('',(#2739),#2766,.F.);
#2739 = FACE_BOUND('',#2740,.T.);
#2740 = EDGE_LOOP('',(#2741,#2751,#2758,#2759));
#2741 = ORIENTED_EDGE('',*,*,#2742,.T.);
#2742 = EDGE_CURVE('',#2743,#2745,#2747,.T.);
#2743 = VERTEX_POINT('',#2744);
#2744 = CARTESIAN_POINT('',(122.46,92.5,0.));
#2745 = VERTEX_POINT('',#2746);
#2746 = CARTESIAN_POINT('',(122.46,92.5,1.62143948));
#2747 = LINE('',#2748,#2749);
#2748 = CARTESIAN_POINT('',(122.46,92.5,0.));
#2749 = VECTOR('',#2750,1.);
#2750 = DIRECTION('',(0.,0.,1.));
#2751 = ORIENTED_EDGE('',*,*,#2752,.T.);
#2752 = EDGE_CURVE('',#2745,#2745,#2753,.T.);
#2753 = CIRCLE('',#2754,0.5);
#2754 = AXIS2_PLACEMENT_3D('',#2755,#2756,#2757);
#2755 = CARTESIAN_POINT('',(121.96,92.5,1.62143948));
#2756 = DIRECTION('',(0.,0.,1.));
#2757 = DIRECTION('',(1.,0.,-0.));
#2758 = ORIENTED_EDGE('',*,*,#2742,.F.);
#2759 = ORIENTED_EDGE('',*,*,#2760,.F.);
#2760 = EDGE_CURVE('',#2743,#2743,#2761,.T.);
#2761 = CIRCLE('',#2762,0.5);
#2762 = AXIS2_PLACEMENT_3D('',#2763,#2764,#2765);
#2763 = CARTESIAN_POINT('',(121.96,92.5,0.));
#2764 = DIRECTION('',(0.,0.,1.));
#2765 = DIRECTION('',(1.,0.,-0.));
#2766 = CYLINDRICAL_SURFACE('',#2767,0.5);
#2767 = AXIS2_PLACEMENT_3D('',#2768,#2769,#2770);
#2768 = CARTESIAN_POINT('',(121.96,92.5,0.));
#2769 = DIRECTION('',(-0.,-0.,-1.));
#2770 = DIRECTION('',(1.,0.,-0.));
#2771 = ADVANCED_FACE('',(#2772),#2799,.F.);
#2772 = FACE_BOUND('',#2773,.T.);
#2773 = EDGE_LOOP('',(#2774,#2784,#2791,#2792));
#2774 = ORIENTED_EDGE('',*,*,#2775,.T.);
#2775 = EDGE_CURVE('',#2776,#2778,#2780,.T.);
#2776 = VERTEX_POINT('',#2777);
#2777 = CARTESIAN_POINT('',(135.16,92.5,0.));
#2778 = VERTEX_POINT('',#2779);
#2779 = CARTESIAN_POINT('',(135.16,92.5,1.62143948));
#2780 = LINE('',#2781,#2782);
#2781 = CARTESIAN_POINT('',(135.16,92.5,0.));
#2782 = VECTOR('',#2783,1.);
#2783 = DIRECTION('',(0.,0.,1.));
#2784 = ORIENTED_EDGE('',*,*,#2785,.T.);
#2785 = EDGE_CURVE('',#2778,#2778,#2786,.T.);
#2786 = CIRCLE('',#2787,0.5);
#2787 = AXIS2_PLACEMENT_3D('',#2788,#2789,#2790);
#2788 = CARTESIAN_POINT('',(134.66,92.5,1.62143948));
#2789 = DIRECTION('',(0.,0.,1.));
#2790 = DIRECTION('',(1.,0.,-0.));
#2791 = ORIENTED_EDGE('',*,*,#2775,.F.);
#2792 = ORIENTED_EDGE('',*,*,#2793,.F.);
#2793 = EDGE_CURVE('',#2776,#2776,#2794,.T.);
#2794 = CIRCLE('',#2795,0.5);
#2795 = AXIS2_PLACEMENT_3D('',#2796,#2797,#2798);
#2796 = CARTESIAN_POINT('',(134.66,92.5,0.));
#2797 = DIRECTION('',(0.,0.,1.));
#2798 = DIRECTION('',(1.,0.,-0.));
#2799 = CYLINDRICAL_SURFACE('',#2800,0.5);
#2800 = AXIS2_PLACEMENT_3D('',#2801,#2802,#2803);
#2801 = CARTESIAN_POINT('',(134.66,92.5,0.));
#2802 = DIRECTION('',(-0.,-0.,-1.));
#2803 = DIRECTION('',(1.,0.,-0.));
#2804 = ADVANCED_FACE('',(#2805),#2832,.F.);
#2805 = FACE_BOUND('',#2806,.T.);
#2806 = EDGE_LOOP('',(#2807,#2817,#2824,#2825));
#2807 = ORIENTED_EDGE('',*,*,#2808,.T.);
#2808 = EDGE_CURVE('',#2809,#2811,#2813,.T.);
#2809 = VERTEX_POINT('',#2810);
#2810 = CARTESIAN_POINT('',(127.54,92.5,0.));
#2811 = VERTEX_POINT('',#2812);
#2812 = CARTESIAN_POINT('',(127.54,92.5,1.62143948));
#2813 = LINE('',#2814,#2815);
#2814 = CARTESIAN_POINT('',(127.54,92.5,0.));
#2815 = VECTOR('',#2816,1.);
#2816 = DIRECTION('',(0.,0.,1.));
#2817 = ORIENTED_EDGE('',*,*,#2818,.T.);
#2818 = EDGE_CURVE('',#2811,#2811,#2819,.T.);
#2819 = CIRCLE('',#2820,0.5);
#2820 = AXIS2_PLACEMENT_3D('',#2821,#2822,#2823);
#2821 = CARTESIAN_POINT('',(127.04,92.5,1.62143948));
#2822 = DIRECTION('',(0.,0.,1.));
#2823 = DIRECTION('',(1.,0.,-0.));
#2824 = ORIENTED_EDGE('',*,*,#2808,.F.);
#2825 = ORIENTED_EDGE('',*,*,#2826,.F.);
#2826 = EDGE_CURVE('',#2809,#2809,#2827,.T.);
#2827 = CIRCLE('',#2828,0.5);
#2828 = AXIS2_PLACEMENT_3D('',#2829,#2830,#2831);
#2829 = CARTESIAN_POINT('',(127.04,92.5,0.));
#2830 = DIRECTION('',(0.,0.,1.));
#2831 = DIRECTION('',(1.,0.,-0.));
#2832 = CYLINDRICAL_SURFACE('',#2833,0.5);
#2833 = AXIS2_PLACEMENT_3D('',#2834,#2835,#2836);
#2834 = CARTESIAN_POINT('',(127.04,92.5,0.));
#2835 = DIRECTION('',(-0.,-0.,-1.));
#2836 = DIRECTION('',(1.,0.,-0.));
#2837 = ADVANCED_FACE('',(#2838),#2865,.F.);
#2838 = FACE_BOUND('',#2839,.T.);
#2839 = EDGE_LOOP('',(#2840,#2850,#2857,#2858));
#2840 = ORIENTED_EDGE('',*,*,#2841,.T.);
#2841 = EDGE_CURVE('',#2842,#2844,#2846,.T.);
#2842 = VERTEX_POINT('',#2843);
#2843 = CARTESIAN_POINT('',(130.08,92.5,0.));
#2844 = VERTEX_POINT('',#2845);
#2845 = CARTESIAN_POINT('',(130.08,92.5,1.62143948));
#2846 = LINE('',#2847,#2848);
#2847 = CARTESIAN_POINT('',(130.08,92.5,0.));
#2848 = VECTOR('',#2849,1.);
#2849 = DIRECTION('',(0.,0.,1.));
#2850 = ORIENTED_EDGE('',*,*,#2851,.T.);
#2851 = EDGE_CURVE('',#2844,#2844,#2852,.T.);
#2852 = CIRCLE('',#2853,0.5);
#2853 = AXIS2_PLACEMENT_3D('',#2854,#2855,#2856);
#2854 = CARTESIAN_POINT('',(129.58,92.5,1.62143948));
#2855 = DIRECTION('',(0.,0.,1.));
#2856 = DIRECTION('',(1.,0.,-0.));
#2857 = ORIENTED_EDGE('',*,*,#2841,.F.);
#2858 = ORIENTED_EDGE('',*,*,#2859,.F.);
#2859 = EDGE_CURVE('',#2842,#2842,#2860,.T.);
#2860 = CIRCLE('',#2861,0.5);
#2861 = AXIS2_PLACEMENT_3D('',#2862,#2863,#2864);
#2862 = CARTESIAN_POINT('',(129.58,92.5,0.));
#2863 = DIRECTION('',(0.,0.,1.));
#2864 = DIRECTION('',(1.,0.,-0.));
#2865 = CYLINDRICAL_SURFACE('',#2866,0.5);
#2866 = AXIS2_PLACEMENT_3D('',#2867,#2868,#2869);
#2867 = CARTESIAN_POINT('',(129.58,92.5,0.));
#2868 = DIRECTION('',(-0.,-0.,-1.));
#2869 = DIRECTION('',(1.,0.,-0.));
#2870 = ADVANCED_FACE('',(#2871),#2898,.F.);
#2871 = FACE_BOUND('',#2872,.T.);
#2872 = EDGE_LOOP('',(#2873,#2883,#2890,#2891));
#2873 = ORIENTED_EDGE('',*,*,#2874,.T.);
#2874 = EDGE_CURVE('',#2875,#2877,#2879,.T.);
#2875 = VERTEX_POINT('',#2876);
#2876 = CARTESIAN_POINT('',(124.63,98.73,0.));
#2877 = VERTEX_POINT('',#2878);
#2878 = CARTESIAN_POINT('',(124.63,98.73,1.62143948));
#2879 = LINE('',#2880,#2881);
#2880 = CARTESIAN_POINT('',(124.63,98.73,0.));
#2881 = VECTOR('',#2882,1.);
#2882 = DIRECTION('',(0.,0.,1.));
#2883 = ORIENTED_EDGE('',*,*,#2884,.T.);
#2884 = EDGE_CURVE('',#2877,#2877,#2885,.T.);
#2885 = CIRCLE('',#2886,0.5);
#2886 = AXIS2_PLACEMENT_3D('',#2887,#2888,#2889);
#2887 = CARTESIAN_POINT('',(124.13,98.73,1.62143948));
#2888 = DIRECTION('',(0.,0.,1.));
#2889 = DIRECTION('',(1.,0.,-0.));
#2890 = ORIENTED_EDGE('',*,*,#2874,.F.);
#2891 = ORIENTED_EDGE('',*,*,#2892,.F.);
#2892 = EDGE_CURVE('',#2875,#2875,#2893,.T.);
#2893 = CIRCLE('',#2894,0.5);
#2894 = AXIS2_PLACEMENT_3D('',#2895,#2896,#2897);
#2895 = CARTESIAN_POINT('',(124.13,98.73,0.));
#2896 = DIRECTION('',(0.,0.,1.));
#2897 = DIRECTION('',(1.,0.,-0.));
#2898 = CYLINDRICAL_SURFACE('',#2899,0.5);
#2899 = AXIS2_PLACEMENT_3D('',#2900,#2901,#2902);
#2900 = CARTESIAN_POINT('',(124.13,98.73,0.));
#2901 = DIRECTION('',(-0.,-0.,-1.));
#2902 = DIRECTION('',(1.,0.,-0.));
#2903 = ADVANCED_FACE('',(#2904),#2931,.F.);
#2904 = FACE_BOUND('',#2905,.T.);
#2905 = EDGE_LOOP('',(#2906,#2916,#2923,#2924));
#2906 = ORIENTED_EDGE('',*,*,#2907,.T.);
#2907 = EDGE_CURVE('',#2908,#2910,#2912,.T.);
#2908 = VERTEX_POINT('',#2909);
#2909 = CARTESIAN_POINT('',(122.09,101.27,0.));
#2910 = VERTEX_POINT('',#2911);
#2911 = CARTESIAN_POINT('',(122.09,101.27,1.62143948));
#2912 = LINE('',#2913,#2914);
#2913 = CARTESIAN_POINT('',(122.09,101.27,0.));
#2914 = VECTOR('',#2915,1.);
#2915 = DIRECTION('',(0.,0.,1.));
#2916 = ORIENTED_EDGE('',*,*,#2917,.T.);
#2917 = EDGE_CURVE('',#2910,#2910,#2918,.T.);
#2918 = CIRCLE('',#2919,0.5);
#2919 = AXIS2_PLACEMENT_3D('',#2920,#2921,#2922);
#2920 = CARTESIAN_POINT('',(121.59,101.27,1.62143948));
#2921 = DIRECTION('',(0.,0.,1.));
#2922 = DIRECTION('',(1.,0.,-0.));
#2923 = ORIENTED_EDGE('',*,*,#2907,.F.);
#2924 = ORIENTED_EDGE('',*,*,#2925,.F.);
#2925 = EDGE_CURVE('',#2908,#2908,#2926,.T.);
#2926 = CIRCLE('',#2927,0.5);
#2927 = AXIS2_PLACEMENT_3D('',#2928,#2929,#2930);
#2928 = CARTESIAN_POINT('',(121.59,101.27,0.));
#2929 = DIRECTION('',(0.,0.,1.));
#2930 = DIRECTION('',(1.,0.,-0.));
#2931 = CYLINDRICAL_SURFACE('',#2932,0.5);
#2932 = AXIS2_PLACEMENT_3D('',#2933,#2934,#2935);
#2933 = CARTESIAN_POINT('',(121.59,101.27,0.));
#2934 = DIRECTION('',(-0.,-0.,-1.));
#2935 = DIRECTION('',(1.,0.,-0.));
#2936 = ADVANCED_FACE('',(#2937),#2964,.F.);
#2937 = FACE_BOUND('',#2938,.T.);
#2938 = EDGE_LOOP('',(#2939,#2949,#2956,#2957));
#2939 = ORIENTED_EDGE('',*,*,#2940,.T.);
#2940 = EDGE_CURVE('',#2941,#2943,#2945,.T.);
#2941 = VERTEX_POINT('',#2942);
#2942 = CARTESIAN_POINT('',(124.63,101.27,0.));
#2943 = VERTEX_POINT('',#2944);
#2944 = CARTESIAN_POINT('',(124.63,101.27,1.62143948));
#2945 = LINE('',#2946,#2947);
#2946 = CARTESIAN_POINT('',(124.63,101.27,0.));
#2947 = VECTOR('',#2948,1.);
#2948 = DIRECTION('',(0.,0.,1.));
#2949 = ORIENTED_EDGE('',*,*,#2950,.T.);
#2950 = EDGE_CURVE('',#2943,#2943,#2951,.T.);
#2951 = CIRCLE('',#2952,0.5);
#2952 = AXIS2_PLACEMENT_3D('',#2953,#2954,#2955);
#2953 = CARTESIAN_POINT('',(124.13,101.27,1.62143948));
#2954 = DIRECTION('',(0.,0.,1.));
#2955 = DIRECTION('',(1.,0.,-0.));
#2956 = ORIENTED_EDGE('',*,*,#2940,.F.);
#2957 = ORIENTED_EDGE('',*,*,#2958,.F.);
#2958 = EDGE_CURVE('',#2941,#2941,#2959,.T.);
#2959 = CIRCLE('',#2960,0.5);
#2960 = AXIS2_PLACEMENT_3D('',#2961,#2962,#2963);
#2961 = CARTESIAN_POINT('',(124.13,101.27,0.));
#2962 = DIRECTION('',(0.,0.,1.));
#2963 = DIRECTION('',(1.,0.,-0.));
#2964 = CYLINDRICAL_SURFACE('',#2965,0.5);
#2965 = AXIS2_PLACEMENT_3D('',#2966,#2967,#2968);
#2966 = CARTESIAN_POINT('',(124.13,101.27,0.));
#2967 = DIRECTION('',(-0.,-0.,-1.));
#2968 = DIRECTION('',(1.,0.,-0.));
#2969 = ADVANCED_FACE('',(#2970),#2997,.F.);
#2970 = FACE_BOUND('',#2971,.T.);
#2971 = EDGE_LOOP('',(#2972,#2982,#2989,#2990));
#2972 = ORIENTED_EDGE('',*,*,#2973,.T.);
#2973 = EDGE_CURVE('',#2974,#2976,#2978,.T.);
#2974 = VERTEX_POINT('',#2975);
#2975 = CARTESIAN_POINT('',(132.62,92.5,0.));
#2976 = VERTEX_POINT('',#2977);
#2977 = CARTESIAN_POINT('',(132.62,92.5,1.62143948));
#2978 = LINE('',#2979,#2980);
#2979 = CARTESIAN_POINT('',(132.62,92.5,0.));
#2980 = VECTOR('',#2981,1.);
#2981 = DIRECTION('',(0.,0.,1.));
#2982 = ORIENTED_EDGE('',*,*,#2983,.T.);
#2983 = EDGE_CURVE('',#2976,#2976,#2984,.T.);
#2984 = CIRCLE('',#2985,0.5);
#2985 = AXIS2_PLACEMENT_3D('',#2986,#2987,#2988);
#2986 = CARTESIAN_POINT('',(132.12,92.5,1.62143948));
#2987 = DIRECTION('',(0.,0.,1.));
#2988 = DIRECTION('',(1.,0.,-0.));
#2989 = ORIENTED_EDGE('',*,*,#2973,.F.);
#2990 = ORIENTED_EDGE('',*,*,#2991,.F.);
#2991 = EDGE_CURVE('',#2974,#2974,#2992,.T.);
#2992 = CIRCLE('',#2993,0.5);
#2993 = AXIS2_PLACEMENT_3D('',#2994,#2995,#2996);
#2994 = CARTESIAN_POINT('',(132.12,92.5,0.));
#2995 = DIRECTION('',(0.,0.,1.));
#2996 = DIRECTION('',(1.,0.,-0.));
#2997 = CYLINDRICAL_SURFACE('',#2998,0.5);
#2998 = AXIS2_PLACEMENT_3D('',#2999,#3000,#3001);
#2999 = CARTESIAN_POINT('',(132.12,92.5,0.));
#3000 = DIRECTION('',(-0.,-0.,-1.));
#3001 = DIRECTION('',(1.,0.,-0.));
#3002 = ADVANCED_FACE('',(#3003),#3030,.F.);
#3003 = FACE_BOUND('',#3004,.T.);
#3004 = EDGE_LOOP('',(#3005,#3015,#3022,#3023));
#3005 = ORIENTED_EDGE('',*,*,#3006,.T.);
#3006 = EDGE_CURVE('',#3007,#3009,#3011,.T.);
#3007 = VERTEX_POINT('',#3008);
#3008 = CARTESIAN_POINT('',(130.35,100.,0.));
#3009 = VERTEX_POINT('',#3010);
#3010 = CARTESIAN_POINT('',(130.35,100.,1.62143948));
#3011 = LINE('',#3012,#3013);
#3012 = CARTESIAN_POINT('',(130.35,100.,0.));
#3013 = VECTOR('',#3014,1.);
#3014 = DIRECTION('',(0.,0.,1.));
#3015 = ORIENTED_EDGE('',*,*,#3016,.T.);
#3016 = EDGE_CURVE('',#3009,#3009,#3017,.T.);
#3017 = CIRCLE('',#3018,1.35);
#3018 = AXIS2_PLACEMENT_3D('',#3019,#3020,#3021);
#3019 = CARTESIAN_POINT('',(129.,100.,1.62143948));
#3020 = DIRECTION('',(0.,0.,1.));
#3021 = DIRECTION('',(1.,0.,-0.));
#3022 = ORIENTED_EDGE('',*,*,#3006,.F.);
#3023 = ORIENTED_EDGE('',*,*,#3024,.F.);
#3024 = EDGE_CURVE('',#3007,#3007,#3025,.T.);
#3025 = CIRCLE('',#3026,1.35);
#3026 = AXIS2_PLACEMENT_3D('',#3027,#3028,#3029);
#3027 = CARTESIAN_POINT('',(129.,100.,0.));
#3028 = DIRECTION('',(0.,0.,1.));
#3029 = DIRECTION('',(1.,0.,-0.));
#3030 = CYLINDRICAL_SURFACE('',#3031,1.35);
#3031 = AXIS2_PLACEMENT_3D('',#3032,#3033,#3034);
#3032 = CARTESIAN_POINT('',(129.,100.,0.));
#3033 = DIRECTION('',(-0.,-0.,-1.));
#3034 = DIRECTION('',(1.,0.,-0.));
#3035 = ADVANCED_FACE('',(#3036),#3063,.F.);
#3036 = FACE_BOUND('',#3037,.T.);
#3037 = EDGE_LOOP('',(#3038,#3048,#3055,#3056));
#3038 = ORIENTED_EDGE('',*,*,#3039,.T.);
#3039 = EDGE_CURVE('',#3040,#3042,#3044,.T.);
#3040 = VERTEX_POINT('',#3041);
#3041 = CARTESIAN_POINT('',(147.5,94.58,0.));
#3042 = VERTEX_POINT('',#3043);
#3043 = CARTESIAN_POINT('',(147.5,94.58,1.62143948));
#3044 = LINE('',#3045,#3046);
#3045 = CARTESIAN_POINT('',(147.5,94.58,0.));
#3046 = VECTOR('',#3047,1.);
#3047 = DIRECTION('',(0.,0.,1.));
#3048 = ORIENTED_EDGE('',*,*,#3049,.T.);
#3049 = EDGE_CURVE('',#3042,#3042,#3050,.T.);
#3050 = CIRCLE('',#3051,0.5);
#3051 = AXIS2_PLACEMENT_3D('',#3052,#3053,#3054);
#3052 = CARTESIAN_POINT('',(147.,94.58,1.62143948));
#3053 = DIRECTION('',(0.,0.,1.));
#3054 = DIRECTION('',(1.,0.,-0.));
#3055 = ORIENTED_EDGE('',*,*,#3039,.F.);
#3056 = ORIENTED_EDGE('',*,*,#3057,.F.);
#3057 = EDGE_CURVE('',#3040,#3040,#3058,.T.);
#3058 = CIRCLE('',#3059,0.5);
#3059 = AXIS2_PLACEMENT_3D('',#3060,#3061,#3062);
#3060 = CARTESIAN_POINT('',(147.,94.58,0.));
#3061 = DIRECTION('',(0.,0.,1.));
#3062 = DIRECTION('',(1.,0.,-0.));
#3063 = CYLINDRICAL_SURFACE('',#3064,0.5);
#3064 = AXIS2_PLACEMENT_3D('',#3065,#3066,#3067);
#3065 = CARTESIAN_POINT('',(147.,94.58,0.));
#3066 = DIRECTION('',(-0.,-0.,-1.));
#3067 = DIRECTION('',(1.,0.,-0.));
#3068 = ADVANCED_FACE('',(#3069,#3075,#3078,#3081,#3084,#3087,#3090,
    #3093,#3096,#3099,#3102,#3105,#3108,#3111,#3114,#3117,#3120,#3123,
    #3126,#3129,#3132,#3135,#3138,#3141,#3144,#3147,#3150,#3153,#3156,
    #3159,#3162,#3165,#3168,#3171,#3174,#3177,#3180,#3183,#3186,#3189,
    #3192,#3195,#3198,#3201,#3204,#3207,#3210,#3213,#3216,#3219,#3222,
    #3225,#3228,#3231,#3234,#3237,#3240,#3243,#3246,#3249,#3252,#3255,
    #3258,#3261,#3264,#3267,#3270,#3273,#3276,#3279,#3282,#3285,#3288,
    #3291,#3294,#3297,#3300,#3303,#3306,#3309,#3312,#3315,#3318,#3321,
    #3324,#3327,#3330,#3333),#3336,.T.);
#3069 = FACE_BOUND('',#3070,.T.);
#3070 = EDGE_LOOP('',(#3071,#3072,#3073,#3074));
#3071 = ORIENTED_EDGE('',*,*,#103,.T.);
#3072 = ORIENTED_EDGE('',*,*,#134,.T.);
#3073 = ORIENTED_EDGE('',*,*,#165,.T.);
#3074 = ORIENTED_EDGE('',*,*,#187,.T.);
#3075 = FACE_BOUND('',#3076,.T.);
#3076 = EDGE_LOOP('',(#3077));
#3077 = ORIENTED_EDGE('',*,*,#219,.T.);
#3078 = FACE_BOUND('',#3079,.T.);
#3079 = EDGE_LOOP('',(#3080));
#3080 = ORIENTED_EDGE('',*,*,#252,.T.);
#3081 = FACE_BOUND('',#3082,.T.);
#3082 = EDGE_LOOP('',(#3083));
#3083 = ORIENTED_EDGE('',*,*,#285,.T.);
#3084 = FACE_BOUND('',#3085,.T.);
#3085 = EDGE_LOOP('',(#3086));
#3086 = ORIENTED_EDGE('',*,*,#318,.T.);
#3087 = FACE_BOUND('',#3088,.T.);
#3088 = EDGE_LOOP('',(#3089));
#3089 = ORIENTED_EDGE('',*,*,#351,.T.);
#3090 = FACE_BOUND('',#3091,.T.);
#3091 = EDGE_LOOP('',(#3092));
#3092 = ORIENTED_EDGE('',*,*,#384,.T.);
#3093 = FACE_BOUND('',#3094,.T.);
#3094 = EDGE_LOOP('',(#3095));
#3095 = ORIENTED_EDGE('',*,*,#417,.T.);
#3096 = FACE_BOUND('',#3097,.T.);
#3097 = EDGE_LOOP('',(#3098));
#3098 = ORIENTED_EDGE('',*,*,#450,.T.);
#3099 = FACE_BOUND('',#3100,.T.);
#3100 = EDGE_LOOP('',(#3101));
#3101 = ORIENTED_EDGE('',*,*,#483,.T.);
#3102 = FACE_BOUND('',#3103,.T.);
#3103 = EDGE_LOOP('',(#3104));
#3104 = ORIENTED_EDGE('',*,*,#516,.T.);
#3105 = FACE_BOUND('',#3106,.T.);
#3106 = EDGE_LOOP('',(#3107));
#3107 = ORIENTED_EDGE('',*,*,#549,.T.);
#3108 = FACE_BOUND('',#3109,.T.);
#3109 = EDGE_LOOP('',(#3110));
#3110 = ORIENTED_EDGE('',*,*,#582,.T.);
#3111 = FACE_BOUND('',#3112,.T.);
#3112 = EDGE_LOOP('',(#3113));
#3113 = ORIENTED_EDGE('',*,*,#615,.T.);
#3114 = FACE_BOUND('',#3115,.T.);
#3115 = EDGE_LOOP('',(#3116));
#3116 = ORIENTED_EDGE('',*,*,#648,.T.);
#3117 = FACE_BOUND('',#3118,.T.);
#3118 = EDGE_LOOP('',(#3119));
#3119 = ORIENTED_EDGE('',*,*,#681,.T.);
#3120 = FACE_BOUND('',#3121,.T.);
#3121 = EDGE_LOOP('',(#3122));
#3122 = ORIENTED_EDGE('',*,*,#714,.T.);
#3123 = FACE_BOUND('',#3124,.T.);
#3124 = EDGE_LOOP('',(#3125));
#3125 = ORIENTED_EDGE('',*,*,#747,.T.);
#3126 = FACE_BOUND('',#3127,.T.);
#3127 = EDGE_LOOP('',(#3128));
#3128 = ORIENTED_EDGE('',*,*,#780,.T.);
#3129 = FACE_BOUND('',#3130,.T.);
#3130 = EDGE_LOOP('',(#3131));
#3131 = ORIENTED_EDGE('',*,*,#813,.T.);
#3132 = FACE_BOUND('',#3133,.T.);
#3133 = EDGE_LOOP('',(#3134));
#3134 = ORIENTED_EDGE('',*,*,#846,.T.);
#3135 = FACE_BOUND('',#3136,.T.);
#3136 = EDGE_LOOP('',(#3137));
#3137 = ORIENTED_EDGE('',*,*,#879,.T.);
#3138 = FACE_BOUND('',#3139,.T.);
#3139 = EDGE_LOOP('',(#3140));
#3140 = ORIENTED_EDGE('',*,*,#912,.T.);
#3141 = FACE_BOUND('',#3142,.T.);
#3142 = EDGE_LOOP('',(#3143));
#3143 = ORIENTED_EDGE('',*,*,#945,.T.);
#3144 = FACE_BOUND('',#3145,.T.);
#3145 = EDGE_LOOP('',(#3146));
#3146 = ORIENTED_EDGE('',*,*,#978,.T.);
#3147 = FACE_BOUND('',#3148,.T.);
#3148 = EDGE_LOOP('',(#3149));
#3149 = ORIENTED_EDGE('',*,*,#1011,.T.);
#3150 = FACE_BOUND('',#3151,.T.);
#3151 = EDGE_LOOP('',(#3152));
#3152 = ORIENTED_EDGE('',*,*,#1044,.T.);
#3153 = FACE_BOUND('',#3154,.T.);
#3154 = EDGE_LOOP('',(#3155));
#3155 = ORIENTED_EDGE('',*,*,#1077,.T.);
#3156 = FACE_BOUND('',#3157,.T.);
#3157 = EDGE_LOOP('',(#3158));
#3158 = ORIENTED_EDGE('',*,*,#1110,.T.);
#3159 = FACE_BOUND('',#3160,.T.);
#3160 = EDGE_LOOP('',(#3161));
#3161 = ORIENTED_EDGE('',*,*,#1143,.T.);
#3162 = FACE_BOUND('',#3163,.T.);
#3163 = EDGE_LOOP('',(#3164));
#3164 = ORIENTED_EDGE('',*,*,#1176,.T.);
#3165 = FACE_BOUND('',#3166,.T.);
#3166 = EDGE_LOOP('',(#3167));
#3167 = ORIENTED_EDGE('',*,*,#1209,.T.);
#3168 = FACE_BOUND('',#3169,.T.);
#3169 = EDGE_LOOP('',(#3170));
#3170 = ORIENTED_EDGE('',*,*,#1242,.T.);
#3171 = FACE_BOUND('',#3172,.T.);
#3172 = EDGE_LOOP('',(#3173));
#3173 = ORIENTED_EDGE('',*,*,#1275,.T.);
#3174 = FACE_BOUND('',#3175,.T.);
#3175 = EDGE_LOOP('',(#3176));
#3176 = ORIENTED_EDGE('',*,*,#1308,.T.);
#3177 = FACE_BOUND('',#3178,.T.);
#3178 = EDGE_LOOP('',(#3179));
#3179 = ORIENTED_EDGE('',*,*,#1341,.T.);
#3180 = FACE_BOUND('',#3181,.T.);
#3181 = EDGE_LOOP('',(#3182));
#3182 = ORIENTED_EDGE('',*,*,#1374,.T.);
#3183 = FACE_BOUND('',#3184,.T.);
#3184 = EDGE_LOOP('',(#3185));
#3185 = ORIENTED_EDGE('',*,*,#1407,.T.);
#3186 = FACE_BOUND('',#3187,.T.);
#3187 = EDGE_LOOP('',(#3188));
#3188 = ORIENTED_EDGE('',*,*,#1440,.T.);
#3189 = FACE_BOUND('',#3190,.T.);
#3190 = EDGE_LOOP('',(#3191));
#3191 = ORIENTED_EDGE('',*,*,#1473,.T.);
#3192 = FACE_BOUND('',#3193,.T.);
#3193 = EDGE_LOOP('',(#3194));
#3194 = ORIENTED_EDGE('',*,*,#1506,.T.);
#3195 = FACE_BOUND('',#3196,.T.);
#3196 = EDGE_LOOP('',(#3197));
#3197 = ORIENTED_EDGE('',*,*,#1539,.T.);
#3198 = FACE_BOUND('',#3199,.T.);
#3199 = EDGE_LOOP('',(#3200));
#3200 = ORIENTED_EDGE('',*,*,#1572,.T.);
#3201 = FACE_BOUND('',#3202,.T.);
#3202 = EDGE_LOOP('',(#3203));
#3203 = ORIENTED_EDGE('',*,*,#1605,.T.);
#3204 = FACE_BOUND('',#3205,.T.);
#3205 = EDGE_LOOP('',(#3206));
#3206 = ORIENTED_EDGE('',*,*,#1638,.T.);
#3207 = FACE_BOUND('',#3208,.T.);
#3208 = EDGE_LOOP('',(#3209));
#3209 = ORIENTED_EDGE('',*,*,#1671,.T.);
#3210 = FACE_BOUND('',#3211,.T.);
#3211 = EDGE_LOOP('',(#3212));
#3212 = ORIENTED_EDGE('',*,*,#1704,.T.);
#3213 = FACE_BOUND('',#3214,.T.);
#3214 = EDGE_LOOP('',(#3215));
#3215 = ORIENTED_EDGE('',*,*,#1737,.T.);
#3216 = FACE_BOUND('',#3217,.T.);
#3217 = EDGE_LOOP('',(#3218));
#3218 = ORIENTED_EDGE('',*,*,#1770,.T.);
#3219 = FACE_BOUND('',#3220,.T.);
#3220 = EDGE_LOOP('',(#3221));
#3221 = ORIENTED_EDGE('',*,*,#1803,.T.);
#3222 = FACE_BOUND('',#3223,.T.);
#3223 = EDGE_LOOP('',(#3224));
#3224 = ORIENTED_EDGE('',*,*,#1836,.T.);
#3225 = FACE_BOUND('',#3226,.T.);
#3226 = EDGE_LOOP('',(#3227));
#3227 = ORIENTED_EDGE('',*,*,#1869,.T.);
#3228 = FACE_BOUND('',#3229,.T.);
#3229 = EDGE_LOOP('',(#3230));
#3230 = ORIENTED_EDGE('',*,*,#1902,.T.);
#3231 = FACE_BOUND('',#3232,.T.);
#3232 = EDGE_LOOP('',(#3233));
#3233 = ORIENTED_EDGE('',*,*,#1935,.T.);
#3234 = FACE_BOUND('',#3235,.T.);
#3235 = EDGE_LOOP('',(#3236));
#3236 = ORIENTED_EDGE('',*,*,#1968,.T.);
#3237 = FACE_BOUND('',#3238,.T.);
#3238 = EDGE_LOOP('',(#3239));
#3239 = ORIENTED_EDGE('',*,*,#2001,.T.);
#3240 = FACE_BOUND('',#3241,.T.);
#3241 = EDGE_LOOP('',(#3242));
#3242 = ORIENTED_EDGE('',*,*,#2034,.T.);
#3243 = FACE_BOUND('',#3244,.T.);
#3244 = EDGE_LOOP('',(#3245));
#3245 = ORIENTED_EDGE('',*,*,#2067,.T.);
#3246 = FACE_BOUND('',#3247,.T.);
#3247 = EDGE_LOOP('',(#3248));
#3248 = ORIENTED_EDGE('',*,*,#2100,.T.);
#3249 = FACE_BOUND('',#3250,.T.);
#3250 = EDGE_LOOP('',(#3251));
#3251 = ORIENTED_EDGE('',*,*,#2133,.T.);
#3252 = FACE_BOUND('',#3253,.T.);
#3253 = EDGE_LOOP('',(#3254));
#3254 = ORIENTED_EDGE('',*,*,#2166,.T.);
#3255 = FACE_BOUND('',#3256,.T.);
#3256 = EDGE_LOOP('',(#3257));
#3257 = ORIENTED_EDGE('',*,*,#2199,.T.);
#3258 = FACE_BOUND('',#3259,.T.);
#3259 = EDGE_LOOP('',(#3260));
#3260 = ORIENTED_EDGE('',*,*,#2232,.T.);
#3261 = FACE_BOUND('',#3262,.T.);
#3262 = EDGE_LOOP('',(#3263));
#3263 = ORIENTED_EDGE('',*,*,#2265,.T.);
#3264 = FACE_BOUND('',#3265,.T.);
#3265 = EDGE_LOOP('',(#3266));
#3266 = ORIENTED_EDGE('',*,*,#2298,.T.);
#3267 = FACE_BOUND('',#3268,.T.);
#3268 = EDGE_LOOP('',(#3269));
#3269 = ORIENTED_EDGE('',*,*,#2331,.T.);
#3270 = FACE_BOUND('',#3271,.T.);
#3271 = EDGE_LOOP('',(#3272));
#3272 = ORIENTED_EDGE('',*,*,#2364,.T.);
#3273 = FACE_BOUND('',#3274,.T.);
#3274 = EDGE_LOOP('',(#3275));
#3275 = ORIENTED_EDGE('',*,*,#2397,.T.);
#3276 = FACE_BOUND('',#3277,.T.);
#3277 = EDGE_LOOP('',(#3278));
#3278 = ORIENTED_EDGE('',*,*,#2430,.T.);
#3279 = FACE_BOUND('',#3280,.T.);
#3280 = EDGE_LOOP('',(#3281));
#3281 = ORIENTED_EDGE('',*,*,#2463,.T.);
#3282 = FACE_BOUND('',#3283,.T.);
#3283 = EDGE_LOOP('',(#3284));
#3284 = ORIENTED_EDGE('',*,*,#2496,.T.);
#3285 = FACE_BOUND('',#3286,.T.);
#3286 = EDGE_LOOP('',(#3287));
#3287 = ORIENTED_EDGE('',*,*,#2529,.T.);
#3288 = FACE_BOUND('',#3289,.T.);
#3289 = EDGE_LOOP('',(#3290));
#3290 = ORIENTED_EDGE('',*,*,#2562,.T.);
#3291 = FACE_BOUND('',#3292,.T.);
#3292 = EDGE_LOOP('',(#3293));
#3293 = ORIENTED_EDGE('',*,*,#2595,.T.);
#3294 = FACE_BOUND('',#3295,.T.);
#3295 = EDGE_LOOP('',(#3296));
#3296 = ORIENTED_EDGE('',*,*,#2628,.T.);
#3297 = FACE_BOUND('',#3298,.T.);
#3298 = EDGE_LOOP('',(#3299));
#3299 = ORIENTED_EDGE('',*,*,#2661,.T.);
#3300 = FACE_BOUND('',#3301,.T.);
#3301 = EDGE_LOOP('',(#3302));
#3302 = ORIENTED_EDGE('',*,*,#2694,.T.);
#3303 = FACE_BOUND('',#3304,.T.);
#3304 = EDGE_LOOP('',(#3305));
#3305 = ORIENTED_EDGE('',*,*,#2727,.T.);
#3306 = FACE_BOUND('',#3307,.T.);
#3307 = EDGE_LOOP('',(#3308));
#3308 = ORIENTED_EDGE('',*,*,#2760,.T.);
#3309 = FACE_BOUND('',#3310,.T.);
#3310 = EDGE_LOOP('',(#3311));
#3311 = ORIENTED_EDGE('',*,*,#2793,.T.);
#3312 = FACE_BOUND('',#3313,.T.);
#3313 = EDGE_LOOP('',(#3314));
#3314 = ORIENTED_EDGE('',*,*,#2826,.T.);
#3315 = FACE_BOUND('',#3316,.T.);
#3316 = EDGE_LOOP('',(#3317));
#3317 = ORIENTED_EDGE('',*,*,#2859,.T.);
#3318 = FACE_BOUND('',#3319,.T.);
#3319 = EDGE_LOOP('',(#3320));
#3320 = ORIENTED_EDGE('',*,*,#2892,.T.);
#3321 = FACE_BOUND('',#3322,.T.);
#3322 = EDGE_LOOP('',(#3323));
#3323 = ORIENTED_EDGE('',*,*,#2925,.T.);
#3324 = FACE_BOUND('',#3325,.T.);
#3325 = EDGE_LOOP('',(#3326));
#3326 = ORIENTED_EDGE('',*,*,#2958,.T.);
#3327 = FACE_BOUND('',#3328,.T.);
#3328 = EDGE_LOOP('',(#3329));
#3329 = ORIENTED_EDGE('',*,*,#2991,.T.);
#3330 = FACE_BOUND('',#3331,.T.);
#3331 = EDGE_LOOP('',(#3332));
#3332 = ORIENTED_EDGE('',*,*,#3024,.T.);
#3333 = FACE_BOUND('',#3334,.T.);
#3334 = EDGE_LOOP('',(#3335));
#3335 = ORIENTED_EDGE('',*,*,#3057,.T.);
#3336 = PLANE('',#3337);
#3337 = AXIS2_PLACEMENT_3D('',#3338,#3339,#3340);
#3338 = CARTESIAN_POINT('',(110.,75.5,0.));
#3339 = DIRECTION('',(-0.,-0.,-1.));
#3340 = DIRECTION('',(-1.,0.,0.));
#3341 = ADVANCED_FACE('',(#3342,#3348,#3351,#3354,#3357,#3360,#3363,
    #3366,#3369,#3372,#3375,#3378,#3381,#3384,#3387,#3390,#3393,#3396,
    #3399,#3402,#3405,#3408,#3411,#3414,#3417,#3420,#3423,#3426,#3429,
    #3432,#3435,#3438,#3441,#3444,#3447,#3450,#3453,#3456,#3459,#3462,
    #3465,#3468,#3471,#3474,#3477,#3480,#3483,#3486,#3489,#3492,#3495,
    #3498,#3501,#3504,#3507,#3510,#3513,#3516,#3519,#3522,#3525,#3528,
    #3531,#3534,#3537,#3540,#3543,#3546,#3549,#3552,#3555,#3558,#3561,
    #3564,#3567,#3570,#3573,#3576,#3579,#3582,#3585,#3588,#3591,#3594,
    #3597,#3600,#3603,#3606),#3609,.F.);
#3342 = FACE_BOUND('',#3343,.F.);
#3343 = EDGE_LOOP('',(#3344,#3345,#3346,#3347));
#3344 = ORIENTED_EDGE('',*,*,#87,.T.);
#3345 = ORIENTED_EDGE('',*,*,#118,.T.);
#3346 = ORIENTED_EDGE('',*,*,#149,.T.);
#3347 = ORIENTED_EDGE('',*,*,#180,.T.);
#3348 = FACE_BOUND('',#3349,.F.);
#3349 = EDGE_LOOP('',(#3350));
#3350 = ORIENTED_EDGE('',*,*,#211,.T.);
#3351 = FACE_BOUND('',#3352,.F.);
#3352 = EDGE_LOOP('',(#3353));
#3353 = ORIENTED_EDGE('',*,*,#244,.T.);
#3354 = FACE_BOUND('',#3355,.F.);
#3355 = EDGE_LOOP('',(#3356));
#3356 = ORIENTED_EDGE('',*,*,#277,.T.);
#3357 = FACE_BOUND('',#3358,.F.);
#3358 = EDGE_LOOP('',(#3359));
#3359 = ORIENTED_EDGE('',*,*,#310,.T.);
#3360 = FACE_BOUND('',#3361,.F.);
#3361 = EDGE_LOOP('',(#3362));
#3362 = ORIENTED_EDGE('',*,*,#343,.T.);
#3363 = FACE_BOUND('',#3364,.F.);
#3364 = EDGE_LOOP('',(#3365));
#3365 = ORIENTED_EDGE('',*,*,#376,.T.);
#3366 = FACE_BOUND('',#3367,.F.);
#3367 = EDGE_LOOP('',(#3368));
#3368 = ORIENTED_EDGE('',*,*,#409,.T.);
#3369 = FACE_BOUND('',#3370,.F.);
#3370 = EDGE_LOOP('',(#3371));
#3371 = ORIENTED_EDGE('',*,*,#442,.T.);
#3372 = FACE_BOUND('',#3373,.F.);
#3373 = EDGE_LOOP('',(#3374));
#3374 = ORIENTED_EDGE('',*,*,#475,.T.);
#3375 = FACE_BOUND('',#3376,.F.);
#3376 = EDGE_LOOP('',(#3377));
#3377 = ORIENTED_EDGE('',*,*,#508,.T.);
#3378 = FACE_BOUND('',#3379,.F.);
#3379 = EDGE_LOOP('',(#3380));
#3380 = ORIENTED_EDGE('',*,*,#541,.T.);
#3381 = FACE_BOUND('',#3382,.F.);
#3382 = EDGE_LOOP('',(#3383));
#3383 = ORIENTED_EDGE('',*,*,#574,.T.);
#3384 = FACE_BOUND('',#3385,.F.);
#3385 = EDGE_LOOP('',(#3386));
#3386 = ORIENTED_EDGE('',*,*,#607,.T.);
#3387 = FACE_BOUND('',#3388,.F.);
#3388 = EDGE_LOOP('',(#3389));
#3389 = ORIENTED_EDGE('',*,*,#640,.T.);
#3390 = FACE_BOUND('',#3391,.F.);
#3391 = EDGE_LOOP('',(#3392));
#3392 = ORIENTED_EDGE('',*,*,#673,.T.);
#3393 = FACE_BOUND('',#3394,.F.);
#3394 = EDGE_LOOP('',(#3395));
#3395 = ORIENTED_EDGE('',*,*,#706,.T.);
#3396 = FACE_BOUND('',#3397,.F.);
#3397 = EDGE_LOOP('',(#3398));
#3398 = ORIENTED_EDGE('',*,*,#739,.T.);
#3399 = FACE_BOUND('',#3400,.F.);
#3400 = EDGE_LOOP('',(#3401));
#3401 = ORIENTED_EDGE('',*,*,#772,.T.);
#3402 = FACE_BOUND('',#3403,.F.);
#3403 = EDGE_LOOP('',(#3404));
#3404 = ORIENTED_EDGE('',*,*,#805,.T.);
#3405 = FACE_BOUND('',#3406,.F.);
#3406 = EDGE_LOOP('',(#3407));
#3407 = ORIENTED_EDGE('',*,*,#838,.T.);
#3408 = FACE_BOUND('',#3409,.F.);
#3409 = EDGE_LOOP('',(#3410));
#3410 = ORIENTED_EDGE('',*,*,#871,.T.);
#3411 = FACE_BOUND('',#3412,.F.);
#3412 = EDGE_LOOP('',(#3413));
#3413 = ORIENTED_EDGE('',*,*,#904,.T.);
#3414 = FACE_BOUND('',#3415,.F.);
#3415 = EDGE_LOOP('',(#3416));
#3416 = ORIENTED_EDGE('',*,*,#937,.T.);
#3417 = FACE_BOUND('',#3418,.F.);
#3418 = EDGE_LOOP('',(#3419));
#3419 = ORIENTED_EDGE('',*,*,#970,.T.);
#3420 = FACE_BOUND('',#3421,.F.);
#3421 = EDGE_LOOP('',(#3422));
#3422 = ORIENTED_EDGE('',*,*,#1003,.T.);
#3423 = FACE_BOUND('',#3424,.F.);
#3424 = EDGE_LOOP('',(#3425));
#3425 = ORIENTED_EDGE('',*,*,#1036,.T.);
#3426 = FACE_BOUND('',#3427,.F.);
#3427 = EDGE_LOOP('',(#3428));
#3428 = ORIENTED_EDGE('',*,*,#1069,.T.);
#3429 = FACE_BOUND('',#3430,.F.);
#3430 = EDGE_LOOP('',(#3431));
#3431 = ORIENTED_EDGE('',*,*,#1102,.T.);
#3432 = FACE_BOUND('',#3433,.F.);
#3433 = EDGE_LOOP('',(#3434));
#3434 = ORIENTED_EDGE('',*,*,#1135,.T.);
#3435 = FACE_BOUND('',#3436,.F.);
#3436 = EDGE_LOOP('',(#3437));
#3437 = ORIENTED_EDGE('',*,*,#1168,.T.);
#3438 = FACE_BOUND('',#3439,.F.);
#3439 = EDGE_LOOP('',(#3440));
#3440 = ORIENTED_EDGE('',*,*,#1201,.T.);
#3441 = FACE_BOUND('',#3442,.F.);
#3442 = EDGE_LOOP('',(#3443));
#3443 = ORIENTED_EDGE('',*,*,#1234,.T.);
#3444 = FACE_BOUND('',#3445,.F.);
#3445 = EDGE_LOOP('',(#3446));
#3446 = ORIENTED_EDGE('',*,*,#1267,.T.);
#3447 = FACE_BOUND('',#3448,.F.);
#3448 = EDGE_LOOP('',(#3449));
#3449 = ORIENTED_EDGE('',*,*,#1300,.T.);
#3450 = FACE_BOUND('',#3451,.F.);
#3451 = EDGE_LOOP('',(#3452));
#3452 = ORIENTED_EDGE('',*,*,#1333,.T.);
#3453 = FACE_BOUND('',#3454,.F.);
#3454 = EDGE_LOOP('',(#3455));
#3455 = ORIENTED_EDGE('',*,*,#1366,.T.);
#3456 = FACE_BOUND('',#3457,.F.);
#3457 = EDGE_LOOP('',(#3458));
#3458 = ORIENTED_EDGE('',*,*,#1399,.T.);
#3459 = FACE_BOUND('',#3460,.F.);
#3460 = EDGE_LOOP('',(#3461));
#3461 = ORIENTED_EDGE('',*,*,#1432,.T.);
#3462 = FACE_BOUND('',#3463,.F.);
#3463 = EDGE_LOOP('',(#3464));
#3464 = ORIENTED_EDGE('',*,*,#1465,.T.);
#3465 = FACE_BOUND('',#3466,.F.);
#3466 = EDGE_LOOP('',(#3467));
#3467 = ORIENTED_EDGE('',*,*,#1498,.T.);
#3468 = FACE_BOUND('',#3469,.F.);
#3469 = EDGE_LOOP('',(#3470));
#3470 = ORIENTED_EDGE('',*,*,#1531,.T.);
#3471 = FACE_BOUND('',#3472,.F.);
#3472 = EDGE_LOOP('',(#3473));
#3473 = ORIENTED_EDGE('',*,*,#1564,.T.);
#3474 = FACE_BOUND('',#3475,.F.);
#3475 = EDGE_LOOP('',(#3476));
#3476 = ORIENTED_EDGE('',*,*,#1597,.T.);
#3477 = FACE_BOUND('',#3478,.F.);
#3478 = EDGE_LOOP('',(#3479));
#3479 = ORIENTED_EDGE('',*,*,#1630,.T.);
#3480 = FACE_BOUND('',#3481,.F.);
#3481 = EDGE_LOOP('',(#3482));
#3482 = ORIENTED_EDGE('',*,*,#1663,.T.);
#3483 = FACE_BOUND('',#3484,.F.);
#3484 = EDGE_LOOP('',(#3485));
#3485 = ORIENTED_EDGE('',*,*,#1696,.T.);
#3486 = FACE_BOUND('',#3487,.F.);
#3487 = EDGE_LOOP('',(#3488));
#3488 = ORIENTED_EDGE('',*,*,#1729,.T.);
#3489 = FACE_BOUND('',#3490,.F.);
#3490 = EDGE_LOOP('',(#3491));
#3491 = ORIENTED_EDGE('',*,*,#1762,.T.);
#3492 = FACE_BOUND('',#3493,.F.);
#3493 = EDGE_LOOP('',(#3494));
#3494 = ORIENTED_EDGE('',*,*,#1795,.T.);
#3495 = FACE_BOUND('',#3496,.F.);
#3496 = EDGE_LOOP('',(#3497));
#3497 = ORIENTED_EDGE('',*,*,#1828,.T.);
#3498 = FACE_BOUND('',#3499,.F.);
#3499 = EDGE_LOOP('',(#3500));
#3500 = ORIENTED_EDGE('',*,*,#1861,.T.);
#3501 = FACE_BOUND('',#3502,.F.);
#3502 = EDGE_LOOP('',(#3503));
#3503 = ORIENTED_EDGE('',*,*,#1894,.T.);
#3504 = FACE_BOUND('',#3505,.F.);
#3505 = EDGE_LOOP('',(#3506));
#3506 = ORIENTED_EDGE('',*,*,#1927,.T.);
#3507 = FACE_BOUND('',#3508,.F.);
#3508 = EDGE_LOOP('',(#3509));
#3509 = ORIENTED_EDGE('',*,*,#1960,.T.);
#3510 = FACE_BOUND('',#3511,.F.);
#3511 = EDGE_LOOP('',(#3512));
#3512 = ORIENTED_EDGE('',*,*,#1993,.T.);
#3513 = FACE_BOUND('',#3514,.F.);
#3514 = EDGE_LOOP('',(#3515));
#3515 = ORIENTED_EDGE('',*,*,#2026,.T.);
#3516 = FACE_BOUND('',#3517,.F.);
#3517 = EDGE_LOOP('',(#3518));
#3518 = ORIENTED_EDGE('',*,*,#2059,.T.);
#3519 = FACE_BOUND('',#3520,.F.);
#3520 = EDGE_LOOP('',(#3521));
#3521 = ORIENTED_EDGE('',*,*,#2092,.T.);
#3522 = FACE_BOUND('',#3523,.F.);
#3523 = EDGE_LOOP('',(#3524));
#3524 = ORIENTED_EDGE('',*,*,#2125,.T.);
#3525 = FACE_BOUND('',#3526,.F.);
#3526 = EDGE_LOOP('',(#3527));
#3527 = ORIENTED_EDGE('',*,*,#2158,.T.);
#3528 = FACE_BOUND('',#3529,.F.);
#3529 = EDGE_LOOP('',(#3530));
#3530 = ORIENTED_EDGE('',*,*,#2191,.T.);
#3531 = FACE_BOUND('',#3532,.F.);
#3532 = EDGE_LOOP('',(#3533));
#3533 = ORIENTED_EDGE('',*,*,#2224,.T.);
#3534 = FACE_BOUND('',#3535,.F.);
#3535 = EDGE_LOOP('',(#3536));
#3536 = ORIENTED_EDGE('',*,*,#2257,.T.);
#3537 = FACE_BOUND('',#3538,.F.);
#3538 = EDGE_LOOP('',(#3539));
#3539 = ORIENTED_EDGE('',*,*,#2290,.T.);
#3540 = FACE_BOUND('',#3541,.F.);
#3541 = EDGE_LOOP('',(#3542));
#3542 = ORIENTED_EDGE('',*,*,#2323,.T.);
#3543 = FACE_BOUND('',#3544,.F.);
#3544 = EDGE_LOOP('',(#3545));
#3545 = ORIENTED_EDGE('',*,*,#2356,.T.);
#3546 = FACE_BOUND('',#3547,.F.);
#3547 = EDGE_LOOP('',(#3548));
#3548 = ORIENTED_EDGE('',*,*,#2389,.T.);
#3549 = FACE_BOUND('',#3550,.F.);
#3550 = EDGE_LOOP('',(#3551));
#3551 = ORIENTED_EDGE('',*,*,#2422,.T.);
#3552 = FACE_BOUND('',#3553,.F.);
#3553 = EDGE_LOOP('',(#3554));
#3554 = ORIENTED_EDGE('',*,*,#2455,.T.);
#3555 = FACE_BOUND('',#3556,.F.);
#3556 = EDGE_LOOP('',(#3557));
#3557 = ORIENTED_EDGE('',*,*,#2488,.T.);
#3558 = FACE_BOUND('',#3559,.F.);
#3559 = EDGE_LOOP('',(#3560));
#3560 = ORIENTED_EDGE('',*,*,#2521,.T.);
#3561 = FACE_BOUND('',#3562,.F.);
#3562 = EDGE_LOOP('',(#3563));
#3563 = ORIENTED_EDGE('',*,*,#2554,.T.);
#3564 = FACE_BOUND('',#3565,.F.);
#3565 = EDGE_LOOP('',(#3566));
#3566 = ORIENTED_EDGE('',*,*,#2587,.T.);
#3567 = FACE_BOUND('',#3568,.F.);
#3568 = EDGE_LOOP('',(#3569));
#3569 = ORIENTED_EDGE('',*,*,#2620,.T.);
#3570 = FACE_BOUND('',#3571,.F.);
#3571 = EDGE_LOOP('',(#3572));
#3572 = ORIENTED_EDGE('',*,*,#2653,.T.);
#3573 = FACE_BOUND('',#3574,.F.);
#3574 = EDGE_LOOP('',(#3575));
#3575 = ORIENTED_EDGE('',*,*,#2686,.T.);
#3576 = FACE_BOUND('',#3577,.F.);
#3577 = EDGE_LOOP('',(#3578));
#3578 = ORIENTED_EDGE('',*,*,#2719,.T.);
#3579 = FACE_BOUND('',#3580,.F.);
#3580 = EDGE_LOOP('',(#3581));
#3581 = ORIENTED_EDGE('',*,*,#2752,.T.);
#3582 = FACE_BOUND('',#3583,.F.);
#3583 = EDGE_LOOP('',(#3584));
#3584 = ORIENTED_EDGE('',*,*,#2785,.T.);
#3585 = FACE_BOUND('',#3586,.F.);
#3586 = EDGE_LOOP('',(#3587));
#3587 = ORIENTED_EDGE('',*,*,#2818,.T.);
#3588 = FACE_BOUND('',#3589,.F.);
#3589 = EDGE_LOOP('',(#3590));
#3590 = ORIENTED_EDGE('',*,*,#2851,.T.);
#3591 = FACE_BOUND('',#3592,.F.);
#3592 = EDGE_LOOP('',(#3593));
#3593 = ORIENTED_EDGE('',*,*,#2884,.T.);
#3594 = FACE_BOUND('',#3595,.F.);
#3595 = EDGE_LOOP('',(#3596));
#3596 = ORIENTED_EDGE('',*,*,#2917,.T.);
#3597 = FACE_BOUND('',#3598,.F.);
#3598 = EDGE_LOOP('',(#3599));
#3599 = ORIENTED_EDGE('',*,*,#2950,.T.);
#3600 = FACE_BOUND('',#3601,.F.);
#3601 = EDGE_LOOP('',(#3602));
#3602 = ORIENTED_EDGE('',*,*,#2983,.T.);
#3603 = FACE_BOUND('',#3604,.F.);
#3604 = EDGE_LOOP('',(#3605));
#3605 = ORIENTED_EDGE('',*,*,#3016,.T.);
#3606 = FACE_BOUND('',#3607,.F.);
#3607 = EDGE_LOOP('',(#3608));
#3608 = ORIENTED_EDGE('',*,*,#3049,.T.);
#3609 = PLANE('',#3610);
#3610 = AXIS2_PLACEMENT_3D('',#3611,#3612,#3613);
#3611 = CARTESIAN_POINT('',(110.,75.5,1.62143948));
#3612 = DIRECTION('',(-0.,-0.,-1.));
#3613 = DIRECTION('',(-1.,0.,0.));
#3614 = ( GEOMETRIC_REPRESENTATION_CONTEXT(3) 
GLOBAL_UNCERTAINTY_ASSIGNED_CONTEXT((#3618)) 
GLOBAL_UNIT_ASSIGNED_CONTEXT((#3615,#3616,#3617)) REPRESENTATION_CONTEXT
('Context #1','3D Context with UNIT and UNCERTAINTY') );
#3615 = ( LENGTH_UNIT() NAMED_UNIT(*) SI_UNIT(.MILLI.,.METRE.) );
#3616 = ( NAMED_UNIT(*) PLANE_ANGLE_UNIT() SI_UNIT($,.RADIAN.) );
#3617 = ( NAMED_UNIT(*) SI_UNIT($,.STERADIAN.) SOLID_ANGLE_UNIT() );
#3618 = UNCERTAINTY_MEASURE_WITH_UNIT(LENGTH_MEASURE(1.E-07),#3615,
  'distance_accuracy_value','confusion accuracy');
#3619 = SHAPE_DEFINITION_REPRESENTATION(#3620,#70);
#3620 = PRODUCT_DEFINITION_SHAPE('','',#3621);
#3621 = PRODUCT_DEFINITION('design','',#3622,#3625);
#3622 = PRODUCT_DEFINITION_FORMATION('','',#3623);
#3623 = PRODUCT('Open CASCADE STEP translator 7.5 1.1.1',
  'Open CASCADE STEP translator 7.5 1.1.1','',(#3624));
#3624 = PRODUCT_CONTEXT('',#2,'mechanical');
#3625 = PRODUCT_DEFINITION_CONTEXT('part definition',#2,'design');
#3626 = CONTEXT_DEPENDENT_SHAPE_REPRESENTATION(#3627,#3629);
#3627 = ( REPRESENTATION_RELATIONSHIP('','',#70,#60) 
REPRESENTATION_RELATIONSHIP_WITH_TRANSFORMATION(#3628) 
SHAPE_REPRESENTATION_RELATIONSHIP() );
#3628 = ITEM_DEFINED_TRANSFORMATION('','',#11,#61);
#3629 = PRODUCT_DEFINITION_SHAPE('Placement','Placement of an item',
  #3630);
#3630 = NEXT_ASSEMBLY_USAGE_OCCURRENCE('1','','',#55,#3621,$);
#3631 = PRODUCT_RELATED_PRODUCT_CATEGORY('part',$,(#3623));
#3632 = CONTEXT_DEPENDENT_SHAPE_REPRESENTATION(#3633,#3635);
#3633 = ( REPRESENTATION_RELATIONSHIP('','',#60,#10) 
REPRESENTATION_RELATIONSHIP_WITH_TRANSFORMATION(#3634) 
SHAPE_REPRESENTATION_RELATIONSHIP() );
#3634 = ITEM_DEFINED_TRANSFORMATION('','',#11,#15);
#3635 = PRODUCT_DEFINITION_SHAPE('Placement','Placement of an item',
  #3636);
#3636 = NEXT_ASSEMBLY_USAGE_OCCURRENCE('2','','',#5,#55,$);
#3637 = PRODUCT_RELATED_PRODUCT_CATEGORY('part',$,(#57));
#3638 = SHAPE_DEFINITION_REPRESENTATION(#3639,#3645);
#3639 = PRODUCT_DEFINITION_SHAPE('','',#3640);
#3640 = PRODUCT_DEFINITION('design','',#3641,#3644);
#3641 = PRODUCT_DEFINITION_FORMATION('','',#3642);
#3642 = PRODUCT('R3','R3','',(#3643));
#3643 = PRODUCT_CONTEXT('',#2,'mechanical');
#3644 = PRODUCT_DEFINITION_CONTEXT('part definition',#2,'design');
#3645 = SHAPE_REPRESENTATION('',(#11,#3646),#3650);
#3646 = AXIS2_PLACEMENT_3D('',#3647,#3648,#3649);
#3647 = CARTESIAN_POINT('',(113.5,57.,0.));
#3648 = DIRECTION('',(1.,4.371138828674E-08,-4.371140912996E-08));
#3649 = DIRECTION('',(-4.371138828674E-08,1.,1.840849544066E-31));
#3650 = ( GEOMETRIC_REPRESENTATION_CONTEXT(3) 
GLOBAL_UNCERTAINTY_ASSIGNED_CONTEXT((#3654)) 
GLOBAL_UNIT_ASSIGNED_CONTEXT((#3651,#3652,#3653)) REPRESENTATION_CONTEXT
('Context #1','3D Context with UNIT and UNCERTAINTY') );
#3651 = ( LENGTH_UNIT() NAMED_UNIT(*) SI_UNIT(.MILLI.,.METRE.) );
#3652 = ( NAMED_UNIT(*) PLANE_ANGLE_UNIT() SI_UNIT($,.RADIAN.) );
#3653 = ( NAMED_UNIT(*) SI_UNIT($,.STERADIAN.) SOLID_ANGLE_UNIT() );
#3654 = UNCERTAINTY_MEASURE_WITH_UNIT(LENGTH_MEASURE(1.E-07),#3651,
  'distance_accuracy_value','confusion accuracy');
#3655 = SHAPE_REPRESENTATION('',(#11,#3656,#4356,#4546),#4736);
#3656 = MANIFOLD_SOLID_BREP('',#3657);
#3657 = CLOSED_SHELL('',(#3658,#3702,#3746,#3790,#3834,#3878,#3922,#3954
    ,#3976,#4004,#4038,#4066,#4088,#4120,#4136,#4154,#4178,#4196,#4208,
    #4226,#4250,#4274,#4284,#4296,#4308,#4320,#4332,#4344));
#3658 = ADVANCED_FACE('',(#3659),#3697,.F.);
#3659 = FACE_BOUND('',#3660,.F.);
#3660 = EDGE_LOOP('',(#3661,#3672,#3681,#3690));
#3661 = ORIENTED_EDGE('',*,*,#3662,.T.);
#3662 = EDGE_CURVE('',#3663,#3665,#3667,.T.);
#3663 = VERTEX_POINT('',#3664);
#3664 = CARTESIAN_POINT('',(-1.603867513459,1.2,0.7875));
#3665 = VERTEX_POINT('',#3666);
#3666 = CARTESIAN_POINT('',(-1.517264973081,1.2,0.7375));
#3667 = CIRCLE('',#3668,0.1);
#3668 = AXIS2_PLACEMENT_3D('',#3669,#3670,#3671);
#3669 = CARTESIAN_POINT('',(-1.517264973081,1.2,0.8375));
#3670 = DIRECTION('',(0.,-1.,0.));
#3671 = DIRECTION('',(0.,0.,-1.));
#3672 = ORIENTED_EDGE('',*,*,#3673,.T.);
#3673 = EDGE_CURVE('',#3665,#3674,#3676,.T.);
#3674 = VERTEX_POINT('',#3675);
#3675 = CARTESIAN_POINT('',(-1.517264973081,1.2,-0.7375));
#3676 = CIRCLE('',#3677,0.7375);
#3677 = AXIS2_PLACEMENT_3D('',#3678,#3679,#3680);
#3678 = CARTESIAN_POINT('',(-1.517264973081,1.2,0.));
#3679 = DIRECTION('',(1.,0.,-0.));
#3680 = DIRECTION('',(0.,0.,1.));
#3681 = ORIENTED_EDGE('',*,*,#3682,.F.);
#3682 = EDGE_CURVE('',#3683,#3674,#3685,.T.);
#3683 = VERTEX_POINT('',#3684);
#3684 = CARTESIAN_POINT('',(-1.603867513459,1.2,-0.7875));
#3685 = CIRCLE('',#3686,0.1);
#3686 = AXIS2_PLACEMENT_3D('',#3687,#3688,#3689);
#3687 = CARTESIAN_POINT('',(-1.517264973081,1.2,-0.8375));
#3688 = DIRECTION('',(-0.,1.,1.224646799147E-16));
#3689 = DIRECTION('',(0.,-1.224646799147E-16,1.));
#3690 = ORIENTED_EDGE('',*,*,#3691,.T.);
#3691 = EDGE_CURVE('',#3683,#3663,#3692,.T.);
#3692 = CIRCLE('',#3693,0.7875);
#3693 = AXIS2_PLACEMENT_3D('',#3694,#3695,#3696);
#3694 = CARTESIAN_POINT('',(-1.603867513459,1.2,0.));
#3695 = DIRECTION('',(-1.,0.,-0.));
#3696 = DIRECTION('',(-0.,0.,1.));
#3697 = TOROIDAL_SURFACE('',#3698,0.8375,0.1);
#3698 = AXIS2_PLACEMENT_3D('',#3699,#3700,#3701);
#3699 = CARTESIAN_POINT('',(-1.517264973081,1.2,0.));
#3700 = DIRECTION('',(-1.,-0.,-0.));
#3701 = DIRECTION('',(-0.,0.,1.));
#3702 = ADVANCED_FACE('',(#3703),#3741,.T.);
#3703 = FACE_BOUND('',#3704,.T.);
#3704 = EDGE_LOOP('',(#3705,#3716,#3725,#3734));
#3705 = ORIENTED_EDGE('',*,*,#3706,.F.);
#3706 = EDGE_CURVE('',#3707,#3709,#3711,.T.);
#3707 = VERTEX_POINT('',#3708);
#3708 = CARTESIAN_POINT('',(-1.899759526419,1.2,1.2));
#3709 = VERTEX_POINT('',#3710);
#3710 = CARTESIAN_POINT('',(-1.899759526419,1.2,-1.2));
#3711 = CIRCLE('',#3712,1.2);
#3712 = AXIS2_PLACEMENT_3D('',#3713,#3714,#3715);
#3713 = CARTESIAN_POINT('',(-1.899759526419,1.2,0.));
#3714 = DIRECTION('',(-1.,-0.,-0.));
#3715 = DIRECTION('',(0.,0.,-1.));
#3716 = ORIENTED_EDGE('',*,*,#3717,.T.);
#3717 = EDGE_CURVE('',#3707,#3718,#3720,.T.);
#3718 = VERTEX_POINT('',#3719);
#3719 = CARTESIAN_POINT('',(-1.813156986041,1.2,1.15));
#3720 = CIRCLE('',#3721,0.1);
#3721 = AXIS2_PLACEMENT_3D('',#3722,#3723,#3724);
#3722 = CARTESIAN_POINT('',(-1.899759526419,1.2,1.1));
#3723 = DIRECTION('',(0.,1.,-1.224646799147E-16));
#3724 = DIRECTION('',(0.,1.224646799147E-16,1.));
#3725 = ORIENTED_EDGE('',*,*,#3726,.F.);
#3726 = EDGE_CURVE('',#3727,#3718,#3729,.T.);
#3727 = VERTEX_POINT('',#3728);
#3728 = CARTESIAN_POINT('',(-1.813156986041,1.2,-1.15));
#3729 = CIRCLE('',#3730,1.15);
#3730 = AXIS2_PLACEMENT_3D('',#3731,#3732,#3733);
#3731 = CARTESIAN_POINT('',(-1.813156986041,1.2,0.));
#3732 = DIRECTION('',(1.,0.,0.));
#3733 = DIRECTION('',(0.,0.,-1.));
#3734 = ORIENTED_EDGE('',*,*,#3735,.F.);
#3735 = EDGE_CURVE('',#3709,#3727,#3736,.T.);
#3736 = CIRCLE('',#3737,0.1);
#3737 = AXIS2_PLACEMENT_3D('',#3738,#3739,#3740);
#3738 = CARTESIAN_POINT('',(-1.899759526419,1.2,-1.1));
#3739 = DIRECTION('',(0.,-1.,0.));
#3740 = DIRECTION('',(0.,0.,-1.));
#3741 = TOROIDAL_SURFACE('',#3742,1.1,0.1);
#3742 = AXIS2_PLACEMENT_3D('',#3743,#3744,#3745);
#3743 = CARTESIAN_POINT('',(-1.899759526419,1.2,0.));
#3744 = DIRECTION('',(1.,0.,0.));
#3745 = DIRECTION('',(0.,0.,-1.));
#3746 = ADVANCED_FACE('',(#3747),#3785,.T.);
#3747 = FACE_BOUND('',#3748,.T.);
#3748 = EDGE_LOOP('',(#3749,#3760,#3769,#3778));
#3749 = ORIENTED_EDGE('',*,*,#3750,.F.);
#3750 = EDGE_CURVE('',#3751,#3753,#3755,.T.);
#3751 = VERTEX_POINT('',#3752);
#3752 = CARTESIAN_POINT('',(-2.837276041561,1.2,1.134202014333));
#3753 = VERTEX_POINT('',#3754);
#3754 = CARTESIAN_POINT('',(-2.837276041561,1.2,-1.134202014333));
#3755 = CIRCLE('',#3756,1.134202014333);
#3756 = AXIS2_PLACEMENT_3D('',#3757,#3758,#3759);
#3757 = CARTESIAN_POINT('',(-2.837276041561,1.2,0.));
#3758 = DIRECTION('',(-1.,0.,-0.));
#3759 = DIRECTION('',(-0.,0.,1.));
#3760 = ORIENTED_EDGE('',*,*,#3761,.T.);
#3761 = EDGE_CURVE('',#3751,#3762,#3764,.T.);
#3762 = VERTEX_POINT('',#3763);
#3763 = CARTESIAN_POINT('',(-2.743306779483,1.2,1.2));
#3764 = CIRCLE('',#3765,0.1);
#3765 = AXIS2_PLACEMENT_3D('',#3766,#3767,#3768);
#3766 = CARTESIAN_POINT('',(-2.743306779483,1.2,1.1));
#3767 = DIRECTION('',(0.,1.,-1.224646799147E-16));
#3768 = DIRECTION('',(0.,1.224646799147E-16,1.));
#3769 = ORIENTED_EDGE('',*,*,#3770,.F.);
#3770 = EDGE_CURVE('',#3771,#3762,#3773,.T.);
#3771 = VERTEX_POINT('',#3772);
#3772 = CARTESIAN_POINT('',(-2.743306779483,1.2,-1.2));
#3773 = CIRCLE('',#3774,1.2);
#3774 = AXIS2_PLACEMENT_3D('',#3775,#3776,#3777);
#3775 = CARTESIAN_POINT('',(-2.743306779483,1.2,0.));
#3776 = DIRECTION('',(1.,0.,0.));
#3777 = DIRECTION('',(0.,0.,-1.));
#3778 = ORIENTED_EDGE('',*,*,#3779,.F.);
#3779 = EDGE_CURVE('',#3753,#3771,#3780,.T.);
#3780 = CIRCLE('',#3781,0.1);
#3781 = AXIS2_PLACEMENT_3D('',#3782,#3783,#3784);
#3782 = CARTESIAN_POINT('',(-2.743306779483,1.2,-1.1));
#3783 = DIRECTION('',(0.,-1.,0.));
#3784 = DIRECTION('',(0.,0.,-1.));
#3785 = TOROIDAL_SURFACE('',#3786,1.1,0.1);
#3786 = AXIS2_PLACEMENT_3D('',#3787,#3788,#3789);
#3787 = CARTESIAN_POINT('',(-2.743306779483,1.2,0.));
#3788 = DIRECTION('',(1.,0.,0.));
#3789 = DIRECTION('',(0.,0.,-1.));
#3790 = ADVANCED_FACE('',(#3791),#3829,.T.);
#3791 = FACE_BOUND('',#3792,.T.);
#3792 = EDGE_LOOP('',(#3793,#3804,#3813,#3822));
#3793 = ORIENTED_EDGE('',*,*,#3794,.F.);
#3794 = EDGE_CURVE('',#3795,#3797,#3799,.T.);
#3795 = VERTEX_POINT('',#3796);
#3796 = CARTESIAN_POINT('',(1.813156986041,1.2,1.15));
#3797 = VERTEX_POINT('',#3798);
#3798 = CARTESIAN_POINT('',(1.813156986041,1.2,-1.15));
#3799 = CIRCLE('',#3800,1.15);
#3800 = AXIS2_PLACEMENT_3D('',#3801,#3802,#3803);
#3801 = CARTESIAN_POINT('',(1.813156986041,1.2,0.));
#3802 = DIRECTION('',(-1.,0.,-0.));
#3803 = DIRECTION('',(-0.,0.,1.));
#3804 = ORIENTED_EDGE('',*,*,#3805,.T.);
#3805 = EDGE_CURVE('',#3795,#3806,#3808,.T.);
#3806 = VERTEX_POINT('',#3807);
#3807 = CARTESIAN_POINT('',(1.899759526419,1.2,1.2));
#3808 = CIRCLE('',#3809,0.1);
#3809 = AXIS2_PLACEMENT_3D('',#3810,#3811,#3812);
#3810 = CARTESIAN_POINT('',(1.899759526419,1.2,1.1));
#3811 = DIRECTION('',(0.,1.,-1.224646799147E-16));
#3812 = DIRECTION('',(0.,1.224646799147E-16,1.));
#3813 = ORIENTED_EDGE('',*,*,#3814,.F.);
#3814 = EDGE_CURVE('',#3815,#3806,#3817,.T.);
#3815 = VERTEX_POINT('',#3816);
#3816 = CARTESIAN_POINT('',(1.899759526419,1.2,-1.2));
#3817 = CIRCLE('',#3818,1.2);
#3818 = AXIS2_PLACEMENT_3D('',#3819,#3820,#3821);
#3819 = CARTESIAN_POINT('',(1.899759526419,1.2,0.));
#3820 = DIRECTION('',(1.,0.,0.));
#3821 = DIRECTION('',(0.,0.,-1.));
#3822 = ORIENTED_EDGE('',*,*,#3823,.F.);
#3823 = EDGE_CURVE('',#3797,#3815,#3824,.T.);
#3824 = CIRCLE('',#3825,0.1);
#3825 = AXIS2_PLACEMENT_3D('',#3826,#3827,#3828);
#3826 = CARTESIAN_POINT('',(1.899759526419,1.2,-1.1));
#3827 = DIRECTION('',(0.,-1.,0.));
#3828 = DIRECTION('',(0.,0.,-1.));
#3829 = TOROIDAL_SURFACE('',#3830,1.1,0.1);
#3830 = AXIS2_PLACEMENT_3D('',#3831,#3832,#3833);
#3831 = CARTESIAN_POINT('',(1.899759526419,1.2,0.));
#3832 = DIRECTION('',(1.,0.,0.));
#3833 = DIRECTION('',(0.,0.,-1.));
#3834 = ADVANCED_FACE('',(#3835),#3873,.F.);
#3835 = FACE_BOUND('',#3836,.F.);
#3836 = EDGE_LOOP('',(#3837,#3848,#3857,#3866));
#3837 = ORIENTED_EDGE('',*,*,#3838,.T.);
#3838 = EDGE_CURVE('',#3839,#3841,#3843,.T.);
#3839 = VERTEX_POINT('',#3840);
#3840 = CARTESIAN_POINT('',(1.517264973081,1.2,0.7375));
#3841 = VERTEX_POINT('',#3842);
#3842 = CARTESIAN_POINT('',(1.603867513459,1.2,0.7875));
#3843 = CIRCLE('',#3844,0.1);
#3844 = AXIS2_PLACEMENT_3D('',#3845,#3846,#3847);
#3845 = CARTESIAN_POINT('',(1.517264973081,1.2,0.8375));
#3846 = DIRECTION('',(0.,-1.,0.));
#3847 = DIRECTION('',(0.,0.,-1.));
#3848 = ORIENTED_EDGE('',*,*,#3849,.T.);
#3849 = EDGE_CURVE('',#3841,#3850,#3852,.T.);
#3850 = VERTEX_POINT('',#3851);
#3851 = CARTESIAN_POINT('',(1.603867513459,1.2,-0.7875));
#3852 = CIRCLE('',#3853,0.7875);
#3853 = AXIS2_PLACEMENT_3D('',#3854,#3855,#3856);
#3854 = CARTESIAN_POINT('',(1.603867513459,1.2,0.));
#3855 = DIRECTION('',(1.,0.,0.));
#3856 = DIRECTION('',(0.,0.,-1.));
#3857 = ORIENTED_EDGE('',*,*,#3858,.F.);
#3858 = EDGE_CURVE('',#3859,#3850,#3861,.T.);
#3859 = VERTEX_POINT('',#3860);
#3860 = CARTESIAN_POINT('',(1.517264973081,1.2,-0.7375));
#3861 = CIRCLE('',#3862,0.1);
#3862 = AXIS2_PLACEMENT_3D('',#3863,#3864,#3865);
#3863 = CARTESIAN_POINT('',(1.517264973081,1.2,-0.8375));
#3864 = DIRECTION('',(-0.,1.,1.224646799147E-16));
#3865 = DIRECTION('',(0.,-1.224646799147E-16,1.));
#3866 = ORIENTED_EDGE('',*,*,#3867,.T.);
#3867 = EDGE_CURVE('',#3859,#3839,#3868,.T.);
#3868 = CIRCLE('',#3869,0.7375);
#3869 = AXIS2_PLACEMENT_3D('',#3870,#3871,#3872);
#3870 = CARTESIAN_POINT('',(1.517264973081,1.2,0.));
#3871 = DIRECTION('',(-1.,0.,-0.));
#3872 = DIRECTION('',(-0.,0.,1.));
#3873 = TOROIDAL_SURFACE('',#3874,0.8375,0.1);
#3874 = AXIS2_PLACEMENT_3D('',#3875,#3876,#3877);
#3875 = CARTESIAN_POINT('',(1.517264973081,1.2,0.));
#3876 = DIRECTION('',(-1.,-0.,-0.));
#3877 = DIRECTION('',(-0.,0.,1.));
#3878 = ADVANCED_FACE('',(#3879),#3917,.T.);
#3879 = FACE_BOUND('',#3880,.T.);
#3880 = EDGE_LOOP('',(#3881,#3892,#3901,#3910));
#3881 = ORIENTED_EDGE('',*,*,#3882,.F.);
#3882 = EDGE_CURVE('',#3883,#3885,#3887,.T.);
#3883 = VERTEX_POINT('',#3884);
#3884 = CARTESIAN_POINT('',(2.743306779483,1.2,1.2));
#3885 = VERTEX_POINT('',#3886);
#3886 = CARTESIAN_POINT('',(2.743306779483,1.2,-1.2));
#3887 = CIRCLE('',#3888,1.2);
#3888 = AXIS2_PLACEMENT_3D('',#3889,#3890,#3891);
#3889 = CARTESIAN_POINT('',(2.743306779483,1.2,0.));
#3890 = DIRECTION('',(-1.,-0.,-0.));
#3891 = DIRECTION('',(0.,0.,-1.));
#3892 = ORIENTED_EDGE('',*,*,#3893,.T.);
#3893 = EDGE_CURVE('',#3883,#3894,#3896,.T.);
#3894 = VERTEX_POINT('',#3895);
#3895 = CARTESIAN_POINT('',(2.837276041561,1.2,1.134202014333));
#3896 = CIRCLE('',#3897,0.1);
#3897 = AXIS2_PLACEMENT_3D('',#3898,#3899,#3900);
#3898 = CARTESIAN_POINT('',(2.743306779483,1.2,1.1));
#3899 = DIRECTION('',(0.,1.,-1.224646799147E-16));
#3900 = DIRECTION('',(0.,1.224646799147E-16,1.));
#3901 = ORIENTED_EDGE('',*,*,#3902,.F.);
#3902 = EDGE_CURVE('',#3903,#3894,#3905,.T.);
#3903 = VERTEX_POINT('',#3904);
#3904 = CARTESIAN_POINT('',(2.837276041561,1.2,-1.134202014333));
#3905 = CIRCLE('',#3906,1.134202014333);
#3906 = AXIS2_PLACEMENT_3D('',#3907,#3908,#3909);
#3907 = CARTESIAN_POINT('',(2.837276041561,1.2,0.));
#3908 = DIRECTION('',(1.,0.,0.));
#3909 = DIRECTION('',(0.,0.,-1.));
#3910 = ORIENTED_EDGE('',*,*,#3911,.F.);
#3911 = EDGE_CURVE('',#3885,#3903,#3912,.T.);
#3912 = CIRCLE('',#3913,0.1);
#3913 = AXIS2_PLACEMENT_3D('',#3914,#3915,#3916);
#3914 = CARTESIAN_POINT('',(2.743306779483,1.2,-1.1));
#3915 = DIRECTION('',(0.,-1.,0.));
#3916 = DIRECTION('',(0.,0.,-1.));
#3917 = TOROIDAL_SURFACE('',#3918,1.1,0.1);
#3918 = AXIS2_PLACEMENT_3D('',#3919,#3920,#3921);
#3919 = CARTESIAN_POINT('',(2.743306779483,1.2,0.));
#3920 = DIRECTION('',(1.,0.,0.));
#3921 = DIRECTION('',(0.,0.,-1.));
#3922 = ADVANCED_FACE('',(#3923),#3949,.T.);
#3923 = FACE_BOUND('',#3924,.T.);
#3924 = EDGE_LOOP('',(#3925,#3936,#3942,#3943));
#3925 = ORIENTED_EDGE('',*,*,#3926,.T.);
#3926 = EDGE_CURVE('',#3927,#3929,#3931,.T.);
#3927 = VERTEX_POINT('',#3928);
#3928 = CARTESIAN_POINT('',(3.15,1.2,0.275));
#3929 = VERTEX_POINT('',#3930);
#3930 = CARTESIAN_POINT('',(3.15,1.2,-0.275));
#3931 = CIRCLE('',#3932,0.275);
#3932 = AXIS2_PLACEMENT_3D('',#3933,#3934,#3935);
#3933 = CARTESIAN_POINT('',(3.15,1.2,0.));
#3934 = DIRECTION('',(-1.,0.,-0.));
#3935 = DIRECTION('',(-0.,0.,1.));
#3936 = ORIENTED_EDGE('',*,*,#3937,.T.);
#3937 = EDGE_CURVE('',#3929,#3903,#3938,.T.);
#3938 = LINE('',#3939,#3940);
#3939 = CARTESIAN_POINT('',(3.15,1.2,-0.275));
#3940 = VECTOR('',#3941,1.);
#3941 = DIRECTION('',(-0.342020143326,1.150791560228E-16,-0.939692620786
    ));
#3942 = ORIENTED_EDGE('',*,*,#3902,.T.);
#3943 = ORIENTED_EDGE('',*,*,#3944,.F.);
#3944 = EDGE_CURVE('',#3927,#3894,#3945,.T.);
#3945 = LINE('',#3946,#3947);
#3946 = CARTESIAN_POINT('',(3.15,1.2,0.275));
#3947 = VECTOR('',#3948,1.);
#3948 = DIRECTION('',(-0.342020143326,0.,0.939692620786));
#3949 = CONICAL_SURFACE('',#3950,0.275,1.221730476396);
#3950 = AXIS2_PLACEMENT_3D('',#3951,#3952,#3953);
#3951 = CARTESIAN_POINT('',(3.15,1.2,0.));
#3952 = DIRECTION('',(-1.,-0.,-0.));
#3953 = DIRECTION('',(-0.,0.,1.));
#3954 = ADVANCED_FACE('',(#3955),#3971,.T.);
#3955 = FACE_BOUND('',#3956,.T.);
#3956 = EDGE_LOOP('',(#3957,#3958,#3964,#3965));
#3957 = ORIENTED_EDGE('',*,*,#3882,.T.);
#3958 = ORIENTED_EDGE('',*,*,#3959,.T.);
#3959 = EDGE_CURVE('',#3885,#3815,#3960,.T.);
#3960 = LINE('',#3961,#3962);
#3961 = CARTESIAN_POINT('',(-3.15,1.2,-1.2));
#3962 = VECTOR('',#3963,1.);
#3963 = DIRECTION('',(-1.,-0.,-0.));
#3964 = ORIENTED_EDGE('',*,*,#3814,.T.);
#3965 = ORIENTED_EDGE('',*,*,#3966,.F.);
#3966 = EDGE_CURVE('',#3883,#3806,#3967,.T.);
#3967 = LINE('',#3968,#3969);
#3968 = CARTESIAN_POINT('',(-3.15,1.2,1.2));
#3969 = VECTOR('',#3970,1.);
#3970 = DIRECTION('',(-1.,-0.,-0.));
#3971 = CYLINDRICAL_SURFACE('',#3972,1.2);
#3972 = AXIS2_PLACEMENT_3D('',#3973,#3974,#3975);
#3973 = CARTESIAN_POINT('',(-3.15,1.2,0.));
#3974 = DIRECTION('',(-1.,-0.,-0.));
#3975 = DIRECTION('',(-0.,0.,1.));
#3976 = ADVANCED_FACE('',(#3977),#3999,.T.);
#3977 = FACE_BOUND('',#3978,.T.);
#3978 = EDGE_LOOP('',(#3979,#3986,#3992,#3993));
#3979 = ORIENTED_EDGE('',*,*,#3980,.T.);
#3980 = EDGE_CURVE('',#3850,#3841,#3981,.T.);
#3981 = CIRCLE('',#3982,0.7875);
#3982 = AXIS2_PLACEMENT_3D('',#3983,#3984,#3985);
#3983 = CARTESIAN_POINT('',(1.603867513459,1.2,0.));
#3984 = DIRECTION('',(1.,0.,0.));
#3985 = DIRECTION('',(0.,0.,-1.));
#3986 = ORIENTED_EDGE('',*,*,#3987,.T.);
#3987 = EDGE_CURVE('',#3841,#3795,#3988,.T.);
#3988 = LINE('',#3989,#3990);
#3989 = CARTESIAN_POINT('',(1.8420244995,1.2,1.2));
#3990 = VECTOR('',#3991,1.);
#3991 = DIRECTION('',(0.5,1.060575238725E-16,0.866025403784));
#3992 = ORIENTED_EDGE('',*,*,#3794,.T.);
#3993 = ORIENTED_EDGE('',*,*,#3994,.F.);
#3994 = EDGE_CURVE('',#3850,#3797,#3995,.T.);
#3995 = LINE('',#3996,#3997);
#3996 = CARTESIAN_POINT('',(1.8420244995,1.2,-1.2));
#3997 = VECTOR('',#3998,1.);
#3998 = DIRECTION('',(0.5,0.,-0.866025403784));
#3999 = CONICAL_SURFACE('',#4000,1.2,1.047197551197);
#4000 = AXIS2_PLACEMENT_3D('',#4001,#4002,#4003);
#4001 = CARTESIAN_POINT('',(1.8420244995,1.2,0.));
#4002 = DIRECTION('',(1.,0.,0.));
#4003 = DIRECTION('',(0.,0.,-1.));
#4004 = ADVANCED_FACE('',(#4005),#4033,.T.);
#4005 = FACE_BOUND('',#4006,.T.);
#4006 = EDGE_LOOP('',(#4007,#4014,#4020,#4027));
#4007 = ORIENTED_EDGE('',*,*,#4008,.T.);
#4008 = EDGE_CURVE('',#3839,#3859,#4009,.T.);
#4009 = CIRCLE('',#4010,0.7375);
#4010 = AXIS2_PLACEMENT_3D('',#4011,#4012,#4013);
#4011 = CARTESIAN_POINT('',(1.517264973081,1.2,0.));
#4012 = DIRECTION('',(-1.,0.,-0.));
#4013 = DIRECTION('',(-0.,0.,1.));
#4014 = ORIENTED_EDGE('',*,*,#4015,.T.);
#4015 = EDGE_CURVE('',#3859,#3674,#4016,.T.);
#4016 = LINE('',#4017,#4018);
#4017 = CARTESIAN_POINT('',(-3.15,1.2,-0.7375));
#4018 = VECTOR('',#4019,1.);
#4019 = DIRECTION('',(-1.,-0.,-0.));
#4020 = ORIENTED_EDGE('',*,*,#4021,.T.);
#4021 = EDGE_CURVE('',#3674,#3665,#4022,.T.);
#4022 = CIRCLE('',#4023,0.7375);
#4023 = AXIS2_PLACEMENT_3D('',#4024,#4025,#4026);
#4024 = CARTESIAN_POINT('',(-1.517264973081,1.2,0.));
#4025 = DIRECTION('',(1.,0.,-0.));
#4026 = DIRECTION('',(0.,0.,1.));
#4027 = ORIENTED_EDGE('',*,*,#4028,.F.);
#4028 = EDGE_CURVE('',#3839,#3665,#4029,.T.);
#4029 = LINE('',#4030,#4031);
#4030 = CARTESIAN_POINT('',(-3.15,1.2,0.7375));
#4031 = VECTOR('',#4032,1.);
#4032 = DIRECTION('',(-1.,-0.,-0.));
#4033 = CYLINDRICAL_SURFACE('',#4034,0.7375);
#4034 = AXIS2_PLACEMENT_3D('',#4035,#4036,#4037);
#4035 = CARTESIAN_POINT('',(-3.15,1.2,0.));
#4036 = DIRECTION('',(-1.,-0.,-0.));
#4037 = DIRECTION('',(-0.,0.,1.));
#4038 = ADVANCED_FACE('',(#4039),#4061,.T.);
#4039 = FACE_BOUND('',#4040,.T.);
#4040 = EDGE_LOOP('',(#4041,#4048,#4054,#4055));
#4041 = ORIENTED_EDGE('',*,*,#4042,.T.);
#4042 = EDGE_CURVE('',#3663,#3683,#4043,.T.);
#4043 = CIRCLE('',#4044,0.7875);
#4044 = AXIS2_PLACEMENT_3D('',#4045,#4046,#4047);
#4045 = CARTESIAN_POINT('',(-1.603867513459,1.2,0.));
#4046 = DIRECTION('',(-1.,0.,-0.));
#4047 = DIRECTION('',(-0.,0.,1.));
#4048 = ORIENTED_EDGE('',*,*,#4049,.T.);
#4049 = EDGE_CURVE('',#3683,#3727,#4050,.T.);
#4050 = LINE('',#4051,#4052);
#4051 = CARTESIAN_POINT('',(-1.575,1.2,-0.7375));
#4052 = VECTOR('',#4053,1.);
#4053 = DIRECTION('',(-0.5,1.060575238725E-16,-0.866025403784));
#4054 = ORIENTED_EDGE('',*,*,#3726,.T.);
#4055 = ORIENTED_EDGE('',*,*,#4056,.F.);
#4056 = EDGE_CURVE('',#3663,#3718,#4057,.T.);
#4057 = LINE('',#4058,#4059);
#4058 = CARTESIAN_POINT('',(-1.575,1.2,0.7375));
#4059 = VECTOR('',#4060,1.);
#4060 = DIRECTION('',(-0.5,0.,0.866025403784));
#4061 = CONICAL_SURFACE('',#4062,0.7375,1.047197551197);
#4062 = AXIS2_PLACEMENT_3D('',#4063,#4064,#4065);
#4063 = CARTESIAN_POINT('',(-1.575,1.2,0.));
#4064 = DIRECTION('',(-1.,-0.,-0.));
#4065 = DIRECTION('',(-0.,0.,1.));
#4066 = ADVANCED_FACE('',(#4067),#4083,.T.);
#4067 = FACE_BOUND('',#4068,.T.);
#4068 = EDGE_LOOP('',(#4069,#4070,#4076,#4077));
#4069 = ORIENTED_EDGE('',*,*,#3706,.T.);
#4070 = ORIENTED_EDGE('',*,*,#4071,.T.);
#4071 = EDGE_CURVE('',#3709,#3771,#4072,.T.);
#4072 = LINE('',#4073,#4074);
#4073 = CARTESIAN_POINT('',(-3.15,1.2,-1.2));
#4074 = VECTOR('',#4075,1.);
#4075 = DIRECTION('',(-1.,-0.,-0.));
#4076 = ORIENTED_EDGE('',*,*,#3770,.T.);
#4077 = ORIENTED_EDGE('',*,*,#4078,.F.);
#4078 = EDGE_CURVE('',#3707,#3762,#4079,.T.);
#4079 = LINE('',#4080,#4081);
#4080 = CARTESIAN_POINT('',(-3.15,1.2,1.2));
#4081 = VECTOR('',#4082,1.);
#4082 = DIRECTION('',(-1.,-0.,-0.));
#4083 = CYLINDRICAL_SURFACE('',#4084,1.2);
#4084 = AXIS2_PLACEMENT_3D('',#4085,#4086,#4087);
#4085 = CARTESIAN_POINT('',(-3.15,1.2,0.));
#4086 = DIRECTION('',(-1.,-0.,-0.));
#4087 = DIRECTION('',(-0.,0.,1.));
#4088 = ADVANCED_FACE('',(#4089),#4115,.T.);
#4089 = FACE_BOUND('',#4090,.T.);
#4090 = EDGE_LOOP('',(#4091,#4102,#4108,#4109));
#4091 = ORIENTED_EDGE('',*,*,#4092,.F.);
#4092 = EDGE_CURVE('',#4093,#4095,#4097,.T.);
#4093 = VERTEX_POINT('',#4094);
#4094 = CARTESIAN_POINT('',(-3.15,1.2,0.275));
#4095 = VERTEX_POINT('',#4096);
#4096 = CARTESIAN_POINT('',(-3.15,1.2,-0.275));
#4097 = CIRCLE('',#4098,0.275);
#4098 = AXIS2_PLACEMENT_3D('',#4099,#4100,#4101);
#4099 = CARTESIAN_POINT('',(-3.15,1.2,0.));
#4100 = DIRECTION('',(-1.,0.,-0.));
#4101 = DIRECTION('',(-0.,0.,1.));
#4102 = ORIENTED_EDGE('',*,*,#4103,.T.);
#4103 = EDGE_CURVE('',#4093,#3751,#4104,.T.);
#4104 = LINE('',#4105,#4106);
#4105 = CARTESIAN_POINT('',(-2.813327533304,1.2,1.2));
#4106 = VECTOR('',#4107,1.);
#4107 = DIRECTION('',(0.342020143326,1.150791560228E-16,0.939692620786)
  );
#4108 = ORIENTED_EDGE('',*,*,#3750,.T.);
#4109 = ORIENTED_EDGE('',*,*,#4110,.F.);
#4110 = EDGE_CURVE('',#4095,#3753,#4111,.T.);
#4111 = LINE('',#4112,#4113);
#4112 = CARTESIAN_POINT('',(-2.813327533304,1.2,-1.2));
#4113 = VECTOR('',#4114,1.);
#4114 = DIRECTION('',(0.342020143326,0.,-0.939692620786));
#4115 = CONICAL_SURFACE('',#4116,1.2,1.221730476396);
#4116 = AXIS2_PLACEMENT_3D('',#4117,#4118,#4119);
#4117 = CARTESIAN_POINT('',(-2.813327533304,1.2,0.));
#4118 = DIRECTION('',(1.,0.,0.));
#4119 = DIRECTION('',(0.,0.,-1.));
#4120 = ADVANCED_FACE('',(#4121),#4131,.F.);
#4121 = FACE_BOUND('',#4122,.T.);
#4122 = EDGE_LOOP('',(#4123,#4130));
#4123 = ORIENTED_EDGE('',*,*,#4124,.T.);
#4124 = EDGE_CURVE('',#4095,#4093,#4125,.T.);
#4125 = CIRCLE('',#4126,0.275);
#4126 = AXIS2_PLACEMENT_3D('',#4127,#4128,#4129);
#4127 = CARTESIAN_POINT('',(-3.15,1.2,0.));
#4128 = DIRECTION('',(-1.,0.,-0.));
#4129 = DIRECTION('',(-0.,0.,1.));
#4130 = ORIENTED_EDGE('',*,*,#4092,.T.);
#4131 = PLANE('',#4132);
#4132 = AXIS2_PLACEMENT_3D('',#4133,#4134,#4135);
#4133 = CARTESIAN_POINT('',(-3.15,1.475,0.));
#4134 = DIRECTION('',(1.,0.,0.));
#4135 = DIRECTION('',(0.,0.,-1.));
#4136 = ADVANCED_FACE('',(#4137),#4149,.T.);
#4137 = FACE_BOUND('',#4138,.T.);
#4138 = EDGE_LOOP('',(#4139,#4140,#4141,#4142));
#4139 = ORIENTED_EDGE('',*,*,#4103,.F.);
#4140 = ORIENTED_EDGE('',*,*,#4124,.F.);
#4141 = ORIENTED_EDGE('',*,*,#4110,.T.);
#4142 = ORIENTED_EDGE('',*,*,#4143,.T.);
#4143 = EDGE_CURVE('',#3753,#3751,#4144,.T.);
#4144 = CIRCLE('',#4145,1.134202014333);
#4145 = AXIS2_PLACEMENT_3D('',#4146,#4147,#4148);
#4146 = CARTESIAN_POINT('',(-2.837276041561,1.2,0.));
#4147 = DIRECTION('',(-1.,0.,-0.));
#4148 = DIRECTION('',(-0.,0.,1.));
#4149 = CONICAL_SURFACE('',#4150,1.2,1.221730476396);
#4150 = AXIS2_PLACEMENT_3D('',#4151,#4152,#4153);
#4151 = CARTESIAN_POINT('',(-2.813327533304,1.2,0.));
#4152 = DIRECTION('',(1.,0.,0.));
#4153 = DIRECTION('',(0.,0.,-1.));
#4154 = ADVANCED_FACE('',(#4155),#4173,.T.);
#4155 = FACE_BOUND('',#4156,.T.);
#4156 = EDGE_LOOP('',(#4157,#4158,#4165,#4166));
#4157 = ORIENTED_EDGE('',*,*,#4071,.F.);
#4158 = ORIENTED_EDGE('',*,*,#4159,.T.);
#4159 = EDGE_CURVE('',#3709,#3707,#4160,.T.);
#4160 = CIRCLE('',#4161,1.2);
#4161 = AXIS2_PLACEMENT_3D('',#4162,#4163,#4164);
#4162 = CARTESIAN_POINT('',(-1.899759526419,1.2,0.));
#4163 = DIRECTION('',(-1.,-0.,-0.));
#4164 = DIRECTION('',(0.,0.,-1.));
#4165 = ORIENTED_EDGE('',*,*,#4078,.T.);
#4166 = ORIENTED_EDGE('',*,*,#4167,.T.);
#4167 = EDGE_CURVE('',#3762,#3771,#4168,.T.);
#4168 = CIRCLE('',#4169,1.2);
#4169 = AXIS2_PLACEMENT_3D('',#4170,#4171,#4172);
#4170 = CARTESIAN_POINT('',(-2.743306779483,1.2,0.));
#4171 = DIRECTION('',(1.,0.,0.));
#4172 = DIRECTION('',(0.,0.,-1.));
#4173 = CYLINDRICAL_SURFACE('',#4174,1.2);
#4174 = AXIS2_PLACEMENT_3D('',#4175,#4176,#4177);
#4175 = CARTESIAN_POINT('',(-3.15,1.2,0.));
#4176 = DIRECTION('',(-1.,-0.,-0.));
#4177 = DIRECTION('',(-0.,0.,1.));
#4178 = ADVANCED_FACE('',(#4179),#4191,.T.);
#4179 = FACE_BOUND('',#4180,.T.);
#4180 = EDGE_LOOP('',(#4181,#4182,#4183,#4184));
#4181 = ORIENTED_EDGE('',*,*,#4049,.F.);
#4182 = ORIENTED_EDGE('',*,*,#3691,.T.);
#4183 = ORIENTED_EDGE('',*,*,#4056,.T.);
#4184 = ORIENTED_EDGE('',*,*,#4185,.T.);
#4185 = EDGE_CURVE('',#3718,#3727,#4186,.T.);
#4186 = CIRCLE('',#4187,1.15);
#4187 = AXIS2_PLACEMENT_3D('',#4188,#4189,#4190);
#4188 = CARTESIAN_POINT('',(-1.813156986041,1.2,0.));
#4189 = DIRECTION('',(1.,0.,0.));
#4190 = DIRECTION('',(0.,0.,-1.));
#4191 = CONICAL_SURFACE('',#4192,0.7375,1.047197551197);
#4192 = AXIS2_PLACEMENT_3D('',#4193,#4194,#4195);
#4193 = CARTESIAN_POINT('',(-1.575,1.2,0.));
#4194 = DIRECTION('',(-1.,-0.,-0.));
#4195 = DIRECTION('',(-0.,0.,1.));
#4196 = ADVANCED_FACE('',(#4197),#4203,.T.);
#4197 = FACE_BOUND('',#4198,.T.);
#4198 = EDGE_LOOP('',(#4199,#4200,#4201,#4202));
#4199 = ORIENTED_EDGE('',*,*,#4015,.F.);
#4200 = ORIENTED_EDGE('',*,*,#3867,.T.);
#4201 = ORIENTED_EDGE('',*,*,#4028,.T.);
#4202 = ORIENTED_EDGE('',*,*,#3673,.T.);
#4203 = CYLINDRICAL_SURFACE('',#4204,0.7375);
#4204 = AXIS2_PLACEMENT_3D('',#4205,#4206,#4207);
#4205 = CARTESIAN_POINT('',(-3.15,1.2,0.));
#4206 = DIRECTION('',(-1.,-0.,-0.));
#4207 = DIRECTION('',(-0.,0.,1.));
#4208 = ADVANCED_FACE('',(#4209),#4221,.T.);
#4209 = FACE_BOUND('',#4210,.T.);
#4210 = EDGE_LOOP('',(#4211,#4212,#4213,#4214));
#4211 = ORIENTED_EDGE('',*,*,#3987,.F.);
#4212 = ORIENTED_EDGE('',*,*,#3849,.T.);
#4213 = ORIENTED_EDGE('',*,*,#3994,.T.);
#4214 = ORIENTED_EDGE('',*,*,#4215,.T.);
#4215 = EDGE_CURVE('',#3797,#3795,#4216,.T.);
#4216 = CIRCLE('',#4217,1.15);
#4217 = AXIS2_PLACEMENT_3D('',#4218,#4219,#4220);
#4218 = CARTESIAN_POINT('',(1.813156986041,1.2,0.));
#4219 = DIRECTION('',(-1.,0.,-0.));
#4220 = DIRECTION('',(-0.,0.,1.));
#4221 = CONICAL_SURFACE('',#4222,1.2,1.047197551197);
#4222 = AXIS2_PLACEMENT_3D('',#4223,#4224,#4225);
#4223 = CARTESIAN_POINT('',(1.8420244995,1.2,0.));
#4224 = DIRECTION('',(1.,0.,0.));
#4225 = DIRECTION('',(0.,0.,-1.));
#4226 = ADVANCED_FACE('',(#4227),#4245,.T.);
#4227 = FACE_BOUND('',#4228,.T.);
#4228 = EDGE_LOOP('',(#4229,#4230,#4237,#4238));
#4229 = ORIENTED_EDGE('',*,*,#3959,.F.);
#4230 = ORIENTED_EDGE('',*,*,#4231,.T.);
#4231 = EDGE_CURVE('',#3885,#3883,#4232,.T.);
#4232 = CIRCLE('',#4233,1.2);
#4233 = AXIS2_PLACEMENT_3D('',#4234,#4235,#4236);
#4234 = CARTESIAN_POINT('',(2.743306779483,1.2,0.));
#4235 = DIRECTION('',(-1.,-0.,-0.));
#4236 = DIRECTION('',(0.,0.,-1.));
#4237 = ORIENTED_EDGE('',*,*,#3966,.T.);
#4238 = ORIENTED_EDGE('',*,*,#4239,.T.);
#4239 = EDGE_CURVE('',#3806,#3815,#4240,.T.);
#4240 = CIRCLE('',#4241,1.2);
#4241 = AXIS2_PLACEMENT_3D('',#4242,#4243,#4244);
#4242 = CARTESIAN_POINT('',(1.899759526419,1.2,0.));
#4243 = DIRECTION('',(1.,0.,0.));
#4244 = DIRECTION('',(0.,0.,-1.));
#4245 = CYLINDRICAL_SURFACE('',#4246,1.2);
#4246 = AXIS2_PLACEMENT_3D('',#4247,#4248,#4249);
#4247 = CARTESIAN_POINT('',(-3.15,1.2,0.));
#4248 = DIRECTION('',(-1.,-0.,-0.));
#4249 = DIRECTION('',(-0.,0.,1.));
#4250 = ADVANCED_FACE('',(#4251),#4269,.T.);
#4251 = FACE_BOUND('',#4252,.T.);
#4252 = EDGE_LOOP('',(#4253,#4254,#4261,#4262));
#4253 = ORIENTED_EDGE('',*,*,#3937,.F.);
#4254 = ORIENTED_EDGE('',*,*,#4255,.T.);
#4255 = EDGE_CURVE('',#3929,#3927,#4256,.T.);
#4256 = CIRCLE('',#4257,0.275);
#4257 = AXIS2_PLACEMENT_3D('',#4258,#4259,#4260);
#4258 = CARTESIAN_POINT('',(3.15,1.2,0.));
#4259 = DIRECTION('',(-1.,0.,-0.));
#4260 = DIRECTION('',(-0.,0.,1.));
#4261 = ORIENTED_EDGE('',*,*,#3944,.T.);
#4262 = ORIENTED_EDGE('',*,*,#4263,.T.);
#4263 = EDGE_CURVE('',#3894,#3903,#4264,.T.);
#4264 = CIRCLE('',#4265,1.134202014333);
#4265 = AXIS2_PLACEMENT_3D('',#4266,#4267,#4268);
#4266 = CARTESIAN_POINT('',(2.837276041561,1.2,0.));
#4267 = DIRECTION('',(1.,0.,0.));
#4268 = DIRECTION('',(0.,0.,-1.));
#4269 = CONICAL_SURFACE('',#4270,0.275,1.221730476396);
#4270 = AXIS2_PLACEMENT_3D('',#4271,#4272,#4273);
#4271 = CARTESIAN_POINT('',(3.15,1.2,0.));
#4272 = DIRECTION('',(-1.,-0.,-0.));
#4273 = DIRECTION('',(-0.,0.,1.));
#4274 = ADVANCED_FACE('',(#4275),#4279,.F.);
#4275 = FACE_BOUND('',#4276,.T.);
#4276 = EDGE_LOOP('',(#4277,#4278));
#4277 = ORIENTED_EDGE('',*,*,#3926,.F.);
#4278 = ORIENTED_EDGE('',*,*,#4255,.F.);
#4279 = PLANE('',#4280);
#4280 = AXIS2_PLACEMENT_3D('',#4281,#4282,#4283);
#4281 = CARTESIAN_POINT('',(3.15,1.475,0.));
#4282 = DIRECTION('',(-1.,0.,-0.));
#4283 = DIRECTION('',(0.,0.,1.));
#4284 = ADVANCED_FACE('',(#4285),#4291,.T.);
#4285 = FACE_BOUND('',#4286,.T.);
#4286 = EDGE_LOOP('',(#4287,#4288,#4289,#4290));
#4287 = ORIENTED_EDGE('',*,*,#3893,.F.);
#4288 = ORIENTED_EDGE('',*,*,#4231,.F.);
#4289 = ORIENTED_EDGE('',*,*,#3911,.T.);
#4290 = ORIENTED_EDGE('',*,*,#4263,.F.);
#4291 = TOROIDAL_SURFACE('',#4292,1.1,0.1);
#4292 = AXIS2_PLACEMENT_3D('',#4293,#4294,#4295);
#4293 = CARTESIAN_POINT('',(2.743306779483,1.2,0.));
#4294 = DIRECTION('',(1.,0.,0.));
#4295 = DIRECTION('',(0.,0.,-1.));
#4296 = ADVANCED_FACE('',(#4297),#4303,.F.);
#4297 = FACE_BOUND('',#4298,.F.);
#4298 = EDGE_LOOP('',(#4299,#4300,#4301,#4302));
#4299 = ORIENTED_EDGE('',*,*,#3980,.T.);
#4300 = ORIENTED_EDGE('',*,*,#3838,.F.);
#4301 = ORIENTED_EDGE('',*,*,#4008,.T.);
#4302 = ORIENTED_EDGE('',*,*,#3858,.T.);
#4303 = TOROIDAL_SURFACE('',#4304,0.8375,0.1);
#4304 = AXIS2_PLACEMENT_3D('',#4305,#4306,#4307);
#4305 = CARTESIAN_POINT('',(1.517264973081,1.2,0.));
#4306 = DIRECTION('',(-1.,-0.,-0.));
#4307 = DIRECTION('',(-0.,0.,1.));
#4308 = ADVANCED_FACE('',(#4309),#4315,.T.);
#4309 = FACE_BOUND('',#4310,.T.);
#4310 = EDGE_LOOP('',(#4311,#4312,#4313,#4314));
#4311 = ORIENTED_EDGE('',*,*,#3805,.F.);
#4312 = ORIENTED_EDGE('',*,*,#4215,.F.);
#4313 = ORIENTED_EDGE('',*,*,#3823,.T.);
#4314 = ORIENTED_EDGE('',*,*,#4239,.F.);
#4315 = TOROIDAL_SURFACE('',#4316,1.1,0.1);
#4316 = AXIS2_PLACEMENT_3D('',#4317,#4318,#4319);
#4317 = CARTESIAN_POINT('',(1.899759526419,1.2,0.));
#4318 = DIRECTION('',(1.,0.,0.));
#4319 = DIRECTION('',(0.,0.,-1.));
#4320 = ADVANCED_FACE('',(#4321),#4327,.T.);
#4321 = FACE_BOUND('',#4322,.T.);
#4322 = EDGE_LOOP('',(#4323,#4324,#4325,#4326));
#4323 = ORIENTED_EDGE('',*,*,#3761,.F.);
#4324 = ORIENTED_EDGE('',*,*,#4143,.F.);
#4325 = ORIENTED_EDGE('',*,*,#3779,.T.);
#4326 = ORIENTED_EDGE('',*,*,#4167,.F.);
#4327 = TOROIDAL_SURFACE('',#4328,1.1,0.1);
#4328 = AXIS2_PLACEMENT_3D('',#4329,#4330,#4331);
#4329 = CARTESIAN_POINT('',(-2.743306779483,1.2,0.));
#4330 = DIRECTION('',(1.,0.,0.));
#4331 = DIRECTION('',(0.,0.,-1.));
#4332 = ADVANCED_FACE('',(#4333),#4339,.T.);
#4333 = FACE_BOUND('',#4334,.T.);
#4334 = EDGE_LOOP('',(#4335,#4336,#4337,#4338));
#4335 = ORIENTED_EDGE('',*,*,#3717,.F.);
#4336 = ORIENTED_EDGE('',*,*,#4159,.F.);
#4337 = ORIENTED_EDGE('',*,*,#3735,.T.);
#4338 = ORIENTED_EDGE('',*,*,#4185,.F.);
#4339 = TOROIDAL_SURFACE('',#4340,1.1,0.1);
#4340 = AXIS2_PLACEMENT_3D('',#4341,#4342,#4343);
#4341 = CARTESIAN_POINT('',(-1.899759526419,1.2,0.));
#4342 = DIRECTION('',(1.,0.,0.));
#4343 = DIRECTION('',(0.,0.,-1.));
#4344 = ADVANCED_FACE('',(#4345),#4351,.F.);
#4345 = FACE_BOUND('',#4346,.F.);
#4346 = EDGE_LOOP('',(#4347,#4348,#4349,#4350));
#4347 = ORIENTED_EDGE('',*,*,#4021,.T.);
#4348 = ORIENTED_EDGE('',*,*,#3662,.F.);
#4349 = ORIENTED_EDGE('',*,*,#4042,.T.);
#4350 = ORIENTED_EDGE('',*,*,#3682,.T.);
#4351 = TOROIDAL_SURFACE('',#4352,0.8375,0.1);
#4352 = AXIS2_PLACEMENT_3D('',#4353,#4354,#4355);
#4353 = CARTESIAN_POINT('',(-1.517264973081,1.2,0.));
#4354 = DIRECTION('',(-1.,-0.,-0.));
#4355 = DIRECTION('',(-0.,0.,1.));
#4356 = MANIFOLD_SOLID_BREP('',#4357);
#4357 = CLOSED_SHELL('',(#4358,#4402,#4434,#4466,#4490,#4508,#4526,#4536
    ));
#4358 = ADVANCED_FACE('',(#4359),#4397,.T.);
#4359 = FACE_BOUND('',#4360,.T.);
#4360 = EDGE_LOOP('',(#4361,#4372,#4381,#4390));
#4361 = ORIENTED_EDGE('',*,*,#4362,.T.);
#4362 = EDGE_CURVE('',#4363,#4365,#4367,.T.);
#4363 = VERTEX_POINT('',#4364);
#4364 = CARTESIAN_POINT('',(-4.325,0.925,0.));
#4365 = VERTEX_POINT('',#4366);
#4366 = CARTESIAN_POINT('',(-4.325,1.475,3.367778697655E-17));
#4367 = CIRCLE('',#4368,0.275);
#4368 = AXIS2_PLACEMENT_3D('',#4369,#4370,#4371);
#4369 = CARTESIAN_POINT('',(-4.325,1.2,0.));
#4370 = DIRECTION('',(-1.,0.,0.));
#4371 = DIRECTION('',(0.,0.,1.));
#4372 = ORIENTED_EDGE('',*,*,#4373,.T.);
#4373 = EDGE_CURVE('',#4365,#4374,#4376,.T.);
#4374 = VERTEX_POINT('',#4375);
#4375 = CARTESIAN_POINT('',(-5.775,2.5E-02,3.367778697655E-17));
#4376 = CIRCLE('',#4377,1.45);
#4377 = AXIS2_PLACEMENT_3D('',#4378,#4379,#4380);
#4378 = CARTESIAN_POINT('',(-4.325,2.5E-02,0.));
#4379 = DIRECTION('',(0.,0.,1.));
#4380 = DIRECTION('',(1.,0.,-0.));
#4381 = ORIENTED_EDGE('',*,*,#4382,.F.);
#4382 = EDGE_CURVE('',#4383,#4374,#4385,.T.);
#4383 = VERTEX_POINT('',#4384);
#4384 = CARTESIAN_POINT('',(-5.225,2.5E-02,0.));
#4385 = CIRCLE('',#4386,0.275);
#4386 = AXIS2_PLACEMENT_3D('',#4387,#4388,#4389);
#4387 = CARTESIAN_POINT('',(-5.5,2.5E-02,0.));
#4388 = DIRECTION('',(-3.690901012717E-16,-1.,0.));
#4389 = DIRECTION('',(0.,0.,1.));
#4390 = ORIENTED_EDGE('',*,*,#4391,.F.);
#4391 = EDGE_CURVE('',#4363,#4383,#4392,.T.);
#4392 = CIRCLE('',#4393,0.9);
#4393 = AXIS2_PLACEMENT_3D('',#4394,#4395,#4396);
#4394 = CARTESIAN_POINT('',(-4.325,2.5E-02,-3.367778697655E-17));
#4395 = DIRECTION('',(0.,0.,1.));
#4396 = DIRECTION('',(1.,0.,-0.));
#4397 = TOROIDAL_SURFACE('',#4398,1.175,0.275);
#4398 = AXIS2_PLACEMENT_3D('',#4399,#4400,#4401);
#4399 = CARTESIAN_POINT('',(-4.325,2.5E-02,0.));
#4400 = DIRECTION('',(0.,0.,1.));
#4401 = DIRECTION('',(1.,0.,-0.));
#4402 = ADVANCED_FACE('',(#4403),#4429,.T.);
#4403 = FACE_BOUND('',#4404,.T.);
#4404 = EDGE_LOOP('',(#4405,#4406,#4414,#4423));
#4405 = ORIENTED_EDGE('',*,*,#4382,.T.);
#4406 = ORIENTED_EDGE('',*,*,#4407,.T.);
#4407 = EDGE_CURVE('',#4374,#4408,#4410,.T.);
#4408 = VERTEX_POINT('',#4409);
#4409 = CARTESIAN_POINT('',(-5.775,-26.95431431601,3.367778697655E-17));
#4410 = LINE('',#4411,#4412);
#4411 = CARTESIAN_POINT('',(-5.775,2.5E-02,3.367778697655E-17));
#4412 = VECTOR('',#4413,1.);
#4413 = DIRECTION('',(1.28596557767E-16,-1.,0.));
#4414 = ORIENTED_EDGE('',*,*,#4415,.F.);
#4415 = EDGE_CURVE('',#4416,#4408,#4418,.T.);
#4416 = VERTEX_POINT('',#4417);
#4417 = CARTESIAN_POINT('',(-5.225,-26.95431431601,0.));
#4418 = CIRCLE('',#4419,0.275);
#4419 = AXIS2_PLACEMENT_3D('',#4420,#4421,#4422);
#4420 = CARTESIAN_POINT('',(-5.5,-26.95431431601,0.));
#4421 = DIRECTION('',(-2.404935435047E-16,-1.,0.));
#4422 = DIRECTION('',(0.,0.,1.));
#4423 = ORIENTED_EDGE('',*,*,#4424,.F.);
#4424 = EDGE_CURVE('',#4383,#4416,#4425,.T.);
#4425 = LINE('',#4426,#4427);
#4426 = CARTESIAN_POINT('',(-5.225,2.5E-02,0.));
#4427 = VECTOR('',#4428,1.);
#4428 = DIRECTION('',(1.28596557767E-16,-1.,0.));
#4429 = CYLINDRICAL_SURFACE('',#4430,0.275);
#4430 = AXIS2_PLACEMENT_3D('',#4431,#4432,#4433);
#4431 = CARTESIAN_POINT('',(-5.5,2.5E-02,0.));
#4432 = DIRECTION('',(1.28596557767E-16,-1.,0.));
#4433 = DIRECTION('',(1.,1.28596557767E-16,0.));
#4434 = ADVANCED_FACE('',(#4435),#4461,.T.);
#4435 = FACE_BOUND('',#4436,.T.);
#4436 = EDGE_LOOP('',(#4437,#4448,#4454,#4455));
#4437 = ORIENTED_EDGE('',*,*,#4438,.T.);
#4438 = EDGE_CURVE('',#4439,#4441,#4443,.T.);
#4439 = VERTEX_POINT('',#4440);
#4440 = CARTESIAN_POINT('',(-3.15,0.925,0.));
#4441 = VERTEX_POINT('',#4442);
#4442 = CARTESIAN_POINT('',(-3.15,1.475,3.367778697655E-17));
#4443 = CIRCLE('',#4444,0.275);
#4444 = AXIS2_PLACEMENT_3D('',#4445,#4446,#4447);
#4445 = CARTESIAN_POINT('',(-3.15,1.2,0.));
#4446 = DIRECTION('',(-1.,0.,0.));
#4447 = DIRECTION('',(0.,0.,1.));
#4448 = ORIENTED_EDGE('',*,*,#4449,.T.);
#4449 = EDGE_CURVE('',#4441,#4365,#4450,.T.);
#4450 = LINE('',#4451,#4452);
#4451 = CARTESIAN_POINT('',(-3.15,1.475,3.367778697655E-17));
#4452 = VECTOR('',#4453,1.);
#4453 = DIRECTION('',(-1.,-3.690901012717E-16,0.));
#4454 = ORIENTED_EDGE('',*,*,#4362,.F.);
#4455 = ORIENTED_EDGE('',*,*,#4456,.F.);
#4456 = EDGE_CURVE('',#4439,#4363,#4457,.T.);
#4457 = LINE('',#4458,#4459);
#4458 = CARTESIAN_POINT('',(-3.15,0.925,0.));
#4459 = VECTOR('',#4460,1.);
#4460 = DIRECTION('',(-1.,-3.690901012717E-16,0.));
#4461 = CYLINDRICAL_SURFACE('',#4462,0.275);
#4462 = AXIS2_PLACEMENT_3D('',#4463,#4464,#4465);
#4463 = CARTESIAN_POINT('',(-3.15,1.2,0.));
#4464 = DIRECTION('',(-1.,-3.690901012717E-16,0.));
#4465 = DIRECTION('',(3.690901012717E-16,-1.,0.));
#4466 = ADVANCED_FACE('',(#4467),#4485,.T.);
#4467 = FACE_BOUND('',#4468,.T.);
#4468 = EDGE_LOOP('',(#4469,#4470,#4477,#4478));
#4469 = ORIENTED_EDGE('',*,*,#4407,.F.);
#4470 = ORIENTED_EDGE('',*,*,#4471,.T.);
#4471 = EDGE_CURVE('',#4374,#4383,#4472,.T.);
#4472 = CIRCLE('',#4473,0.275);
#4473 = AXIS2_PLACEMENT_3D('',#4474,#4475,#4476);
#4474 = CARTESIAN_POINT('',(-5.5,2.5E-02,0.));
#4475 = DIRECTION('',(-3.690901012717E-16,-1.,0.));
#4476 = DIRECTION('',(0.,0.,1.));
#4477 = ORIENTED_EDGE('',*,*,#4424,.T.);
#4478 = ORIENTED_EDGE('',*,*,#4479,.F.);
#4479 = EDGE_CURVE('',#4408,#4416,#4480,.T.);
#4480 = CIRCLE('',#4481,0.275);
#4481 = AXIS2_PLACEMENT_3D('',#4482,#4483,#4484);
#4482 = CARTESIAN_POINT('',(-5.5,-26.95431431601,0.));
#4483 = DIRECTION('',(-2.404935435047E-16,-1.,0.));
#4484 = DIRECTION('',(0.,0.,1.));
#4485 = CYLINDRICAL_SURFACE('',#4486,0.275);
#4486 = AXIS2_PLACEMENT_3D('',#4487,#4488,#4489);
#4487 = CARTESIAN_POINT('',(-5.5,2.5E-02,0.));
#4488 = DIRECTION('',(1.28596557767E-16,-1.,0.));
#4489 = DIRECTION('',(1.,1.28596557767E-16,0.));
#4490 = ADVANCED_FACE('',(#4491),#4503,.T.);
#4491 = FACE_BOUND('',#4492,.T.);
#4492 = EDGE_LOOP('',(#4493,#4494,#4501,#4502));
#4493 = ORIENTED_EDGE('',*,*,#4373,.F.);
#4494 = ORIENTED_EDGE('',*,*,#4495,.T.);
#4495 = EDGE_CURVE('',#4365,#4363,#4496,.T.);
#4496 = CIRCLE('',#4497,0.275);
#4497 = AXIS2_PLACEMENT_3D('',#4498,#4499,#4500);
#4498 = CARTESIAN_POINT('',(-4.325,1.2,0.));
#4499 = DIRECTION('',(-1.,0.,0.));
#4500 = DIRECTION('',(0.,0.,1.));
#4501 = ORIENTED_EDGE('',*,*,#4391,.T.);
#4502 = ORIENTED_EDGE('',*,*,#4471,.F.);
#4503 = TOROIDAL_SURFACE('',#4504,1.175,0.275);
#4504 = AXIS2_PLACEMENT_3D('',#4505,#4506,#4507);
#4505 = CARTESIAN_POINT('',(-4.325,2.5E-02,0.));
#4506 = DIRECTION('',(0.,0.,1.));
#4507 = DIRECTION('',(1.,0.,-0.));
#4508 = ADVANCED_FACE('',(#4509),#4521,.T.);
#4509 = FACE_BOUND('',#4510,.T.);
#4510 = EDGE_LOOP('',(#4511,#4512,#4519,#4520));
#4511 = ORIENTED_EDGE('',*,*,#4449,.F.);
#4512 = ORIENTED_EDGE('',*,*,#4513,.T.);
#4513 = EDGE_CURVE('',#4441,#4439,#4514,.T.);
#4514 = CIRCLE('',#4515,0.275);
#4515 = AXIS2_PLACEMENT_3D('',#4516,#4517,#4518);
#4516 = CARTESIAN_POINT('',(-3.15,1.2,0.));
#4517 = DIRECTION('',(-1.,0.,0.));
#4518 = DIRECTION('',(0.,0.,1.));
#4519 = ORIENTED_EDGE('',*,*,#4456,.T.);
#4520 = ORIENTED_EDGE('',*,*,#4495,.F.);
#4521 = CYLINDRICAL_SURFACE('',#4522,0.275);
#4522 = AXIS2_PLACEMENT_3D('',#4523,#4524,#4525);
#4523 = CARTESIAN_POINT('',(-3.15,1.2,0.));
#4524 = DIRECTION('',(-1.,-3.690901012717E-16,0.));
#4525 = DIRECTION('',(3.690901012717E-16,-1.,0.));
#4526 = ADVANCED_FACE('',(#4527),#4531,.T.);
#4527 = FACE_BOUND('',#4528,.T.);
#4528 = EDGE_LOOP('',(#4529,#4530));
#4529 = ORIENTED_EDGE('',*,*,#4415,.T.);
#4530 = ORIENTED_EDGE('',*,*,#4479,.T.);
#4531 = PLANE('',#4532);
#4532 = AXIS2_PLACEMENT_3D('',#4533,#4534,#4535);
#4533 = CARTESIAN_POINT('',(-5.5,-26.95431431601,0.));
#4534 = DIRECTION('',(-2.404935435047E-16,-1.,0.));
#4535 = DIRECTION('',(0.,0.,1.));
#4536 = ADVANCED_FACE('',(#4537),#4541,.F.);
#4537 = FACE_BOUND('',#4538,.T.);
#4538 = EDGE_LOOP('',(#4539,#4540));
#4539 = ORIENTED_EDGE('',*,*,#4438,.F.);
#4540 = ORIENTED_EDGE('',*,*,#4513,.F.);
#4541 = PLANE('',#4542);
#4542 = AXIS2_PLACEMENT_3D('',#4543,#4544,#4545);
#4543 = CARTESIAN_POINT('',(-3.15,1.2,0.));
#4544 = DIRECTION('',(-1.,0.,0.));
#4545 = DIRECTION('',(0.,0.,1.));
#4546 = MANIFOLD_SOLID_BREP('',#4547);
#4547 = CLOSED_SHELL('',(#4548,#4592,#4630,#4668,#4684,#4700,#4712,#4724
    ));
#4548 = ADVANCED_FACE('',(#4549),#4587,.T.);
#4549 = FACE_BOUND('',#4550,.T.);
#4550 = EDGE_LOOP('',(#4551,#4562,#4571,#4580));
#4551 = ORIENTED_EDGE('',*,*,#4552,.T.);
#4552 = EDGE_CURVE('',#4553,#4555,#4557,.T.);
#4553 = VERTEX_POINT('',#4554);
#4554 = CARTESIAN_POINT('',(5.225,2.5E-02,0.));
#4555 = VERTEX_POINT('',#4556);
#4556 = CARTESIAN_POINT('',(5.775,2.5E-02,-3.367778697655E-17));
#4557 = CIRCLE('',#4558,0.275);
#4558 = AXIS2_PLACEMENT_3D('',#4559,#4560,#4561);
#4559 = CARTESIAN_POINT('',(5.5,2.5E-02,0.));
#4560 = DIRECTION('',(-3.690901012717E-16,1.,0.));
#4561 = DIRECTION('',(0.,0.,1.));
#4562 = ORIENTED_EDGE('',*,*,#4563,.T.);
#4563 = EDGE_CURVE('',#4555,#4564,#4566,.T.);
#4564 = VERTEX_POINT('',#4565);
#4565 = CARTESIAN_POINT('',(4.325,1.475,-3.367778697655E-17));
#4566 = CIRCLE('',#4567,1.45);
#4567 = AXIS2_PLACEMENT_3D('',#4568,#4569,#4570);
#4568 = CARTESIAN_POINT('',(4.325,2.5E-02,0.));
#4569 = DIRECTION('',(0.,0.,1.));
#4570 = DIRECTION('',(1.,0.,-0.));
#4571 = ORIENTED_EDGE('',*,*,#4572,.F.);
#4572 = EDGE_CURVE('',#4573,#4564,#4575,.T.);
#4573 = VERTEX_POINT('',#4574);
#4574 = CARTESIAN_POINT('',(4.325,0.925,0.));
#4575 = CIRCLE('',#4576,0.275);
#4576 = AXIS2_PLACEMENT_3D('',#4577,#4578,#4579);
#4577 = CARTESIAN_POINT('',(4.325,1.2,0.));
#4578 = DIRECTION('',(-1.,0.,-0.));
#4579 = DIRECTION('',(-0.,0.,1.));
#4580 = ORIENTED_EDGE('',*,*,#4581,.F.);
#4581 = EDGE_CURVE('',#4553,#4573,#4582,.T.);
#4582 = CIRCLE('',#4583,0.9);
#4583 = AXIS2_PLACEMENT_3D('',#4584,#4585,#4586);
#4584 = CARTESIAN_POINT('',(4.325,2.5E-02,-3.367778697655E-17));
#4585 = DIRECTION('',(0.,0.,1.));
#4586 = DIRECTION('',(1.,0.,-0.));
#4587 = TOROIDAL_SURFACE('',#4588,1.175,0.275);
#4588 = AXIS2_PLACEMENT_3D('',#4589,#4590,#4591);
#4589 = CARTESIAN_POINT('',(4.325,2.5E-02,0.));
#4590 = DIRECTION('',(0.,0.,1.));
#4591 = DIRECTION('',(-1.,0.,0.));
#4592 = ADVANCED_FACE('',(#4593),#4625,.T.);
#4593 = FACE_BOUND('',#4594,.T.);
#4594 = EDGE_LOOP('',(#4595,#4602,#4610,#4619));
#4595 = ORIENTED_EDGE('',*,*,#4596,.F.);
#4596 = EDGE_CURVE('',#4555,#4553,#4597,.T.);
#4597 = CIRCLE('',#4598,0.275);
#4598 = AXIS2_PLACEMENT_3D('',#4599,#4600,#4601);
#4599 = CARTESIAN_POINT('',(5.5,2.5E-02,0.));
#4600 = DIRECTION('',(-3.690901012717E-16,1.,0.));
#4601 = DIRECTION('',(0.,0.,1.));
#4602 = ORIENTED_EDGE('',*,*,#4603,.T.);
#4603 = EDGE_CURVE('',#4555,#4604,#4606,.T.);
#4604 = VERTEX_POINT('',#4605);
#4605 = CARTESIAN_POINT('',(5.775,-26.95431431601,-3.367778697655E-17));
#4606 = LINE('',#4607,#4608);
#4607 = CARTESIAN_POINT('',(5.775,2.5E-02,-3.367778697655E-17));
#4608 = VECTOR('',#4609,1.);
#4609 = DIRECTION('',(-1.28596557767E-16,-1.,0.));
#4610 = ORIENTED_EDGE('',*,*,#4611,.T.);
#4611 = EDGE_CURVE('',#4604,#4612,#4614,.T.);
#4612 = VERTEX_POINT('',#4613);
#4613 = CARTESIAN_POINT('',(5.225,-26.95431431601,0.));
#4614 = CIRCLE('',#4615,0.275);
#4615 = AXIS2_PLACEMENT_3D('',#4616,#4617,#4618);
#4616 = CARTESIAN_POINT('',(5.5,-26.95431431601,0.));
#4617 = DIRECTION('',(-2.404935435047E-16,1.,0.));
#4618 = DIRECTION('',(0.,0.,1.));
#4619 = ORIENTED_EDGE('',*,*,#4620,.F.);
#4620 = EDGE_CURVE('',#4553,#4612,#4621,.T.);
#4621 = LINE('',#4622,#4623);
#4622 = CARTESIAN_POINT('',(5.225,2.5E-02,0.));
#4623 = VECTOR('',#4624,1.);
#4624 = DIRECTION('',(-1.28596557767E-16,-1.,0.));
#4625 = CYLINDRICAL_SURFACE('',#4626,0.275);
#4626 = AXIS2_PLACEMENT_3D('',#4627,#4628,#4629);
#4627 = CARTESIAN_POINT('',(5.5,2.5E-02,0.));
#4628 = DIRECTION('',(-1.28596557767E-16,-1.,0.));
#4629 = DIRECTION('',(-1.,1.28596557767E-16,0.));
#4630 = ADVANCED_FACE('',(#4631),#4663,.T.);
#4631 = FACE_BOUND('',#4632,.T.);
#4632 = EDGE_LOOP('',(#4633,#4644,#4650,#4657));
#4633 = ORIENTED_EDGE('',*,*,#4634,.F.);
#4634 = EDGE_CURVE('',#4635,#4637,#4639,.T.);
#4635 = VERTEX_POINT('',#4636);
#4636 = CARTESIAN_POINT('',(3.15,1.475,-3.367778697655E-17));
#4637 = VERTEX_POINT('',#4638);
#4638 = CARTESIAN_POINT('',(3.15,0.925,0.));
#4639 = CIRCLE('',#4640,0.275);
#4640 = AXIS2_PLACEMENT_3D('',#4641,#4642,#4643);
#4641 = CARTESIAN_POINT('',(3.15,1.2,0.));
#4642 = DIRECTION('',(-1.,0.,-0.));
#4643 = DIRECTION('',(-0.,0.,1.));
#4644 = ORIENTED_EDGE('',*,*,#4645,.T.);
#4645 = EDGE_CURVE('',#4635,#4564,#4646,.T.);
#4646 = LINE('',#4647,#4648);
#4647 = CARTESIAN_POINT('',(3.15,1.475,-3.367778697655E-17));
#4648 = VECTOR('',#4649,1.);
#4649 = DIRECTION('',(1.,-3.690901012717E-16,0.));
#4650 = ORIENTED_EDGE('',*,*,#4651,.T.);
#4651 = EDGE_CURVE('',#4564,#4573,#4652,.T.);
#4652 = CIRCLE('',#4653,0.275);
#4653 = AXIS2_PLACEMENT_3D('',#4654,#4655,#4656);
#4654 = CARTESIAN_POINT('',(4.325,1.2,0.));
#4655 = DIRECTION('',(-1.,0.,-0.));
#4656 = DIRECTION('',(-0.,0.,1.));
#4657 = ORIENTED_EDGE('',*,*,#4658,.F.);
#4658 = EDGE_CURVE('',#4637,#4573,#4659,.T.);
#4659 = LINE('',#4660,#4661);
#4660 = CARTESIAN_POINT('',(3.15,0.925,0.));
#4661 = VECTOR('',#4662,1.);
#4662 = DIRECTION('',(1.,-3.690901012717E-16,0.));
#4663 = CYLINDRICAL_SURFACE('',#4664,0.275);
#4664 = AXIS2_PLACEMENT_3D('',#4665,#4666,#4667);
#4665 = CARTESIAN_POINT('',(3.15,1.2,0.));
#4666 = DIRECTION('',(1.,-3.690901012717E-16,0.));
#4667 = DIRECTION('',(-3.690901012717E-16,-1.,0.));
#4668 = ADVANCED_FACE('',(#4669),#4679,.F.);
#4669 = FACE_BOUND('',#4670,.T.);
#4670 = EDGE_LOOP('',(#4671,#4678));
#4671 = ORIENTED_EDGE('',*,*,#4672,.T.);
#4672 = EDGE_CURVE('',#4637,#4635,#4673,.T.);
#4673 = CIRCLE('',#4674,0.275);
#4674 = AXIS2_PLACEMENT_3D('',#4675,#4676,#4677);
#4675 = CARTESIAN_POINT('',(3.15,1.2,0.));
#4676 = DIRECTION('',(-1.,0.,-0.));
#4677 = DIRECTION('',(-0.,0.,1.));
#4678 = ORIENTED_EDGE('',*,*,#4634,.T.);
#4679 = PLANE('',#4680);
#4680 = AXIS2_PLACEMENT_3D('',#4681,#4682,#4683);
#4681 = CARTESIAN_POINT('',(3.15,1.2,0.));
#4682 = DIRECTION('',(1.,0.,-0.));
#4683 = DIRECTION('',(0.,0.,1.));
#4684 = ADVANCED_FACE('',(#4685),#4695,.T.);
#4685 = FACE_BOUND('',#4686,.T.);
#4686 = EDGE_LOOP('',(#4687,#4694));
#4687 = ORIENTED_EDGE('',*,*,#4688,.F.);
#4688 = EDGE_CURVE('',#4612,#4604,#4689,.T.);
#4689 = CIRCLE('',#4690,0.275);
#4690 = AXIS2_PLACEMENT_3D('',#4691,#4692,#4693);
#4691 = CARTESIAN_POINT('',(5.5,-26.95431431601,0.));
#4692 = DIRECTION('',(-2.404935435047E-16,1.,0.));
#4693 = DIRECTION('',(0.,0.,1.));
#4694 = ORIENTED_EDGE('',*,*,#4611,.F.);
#4695 = PLANE('',#4696);
#4696 = AXIS2_PLACEMENT_3D('',#4697,#4698,#4699);
#4697 = CARTESIAN_POINT('',(5.5,-26.95431431601,0.));
#4698 = DIRECTION('',(2.404935435047E-16,-1.,0.));
#4699 = DIRECTION('',(0.,0.,1.));
#4700 = ADVANCED_FACE('',(#4701),#4707,.T.);
#4701 = FACE_BOUND('',#4702,.T.);
#4702 = EDGE_LOOP('',(#4703,#4704,#4705,#4706));
#4703 = ORIENTED_EDGE('',*,*,#4645,.F.);
#4704 = ORIENTED_EDGE('',*,*,#4672,.F.);
#4705 = ORIENTED_EDGE('',*,*,#4658,.T.);
#4706 = ORIENTED_EDGE('',*,*,#4572,.T.);
#4707 = CYLINDRICAL_SURFACE('',#4708,0.275);
#4708 = AXIS2_PLACEMENT_3D('',#4709,#4710,#4711);
#4709 = CARTESIAN_POINT('',(3.15,1.2,0.));
#4710 = DIRECTION('',(1.,-3.690901012717E-16,0.));
#4711 = DIRECTION('',(-3.690901012717E-16,-1.,0.));
#4712 = ADVANCED_FACE('',(#4713),#4719,.T.);
#4713 = FACE_BOUND('',#4714,.T.);
#4714 = EDGE_LOOP('',(#4715,#4716,#4717,#4718));
#4715 = ORIENTED_EDGE('',*,*,#4563,.F.);
#4716 = ORIENTED_EDGE('',*,*,#4596,.T.);
#4717 = ORIENTED_EDGE('',*,*,#4581,.T.);
#4718 = ORIENTED_EDGE('',*,*,#4651,.F.);
#4719 = TOROIDAL_SURFACE('',#4720,1.175,0.275);
#4720 = AXIS2_PLACEMENT_3D('',#4721,#4722,#4723);
#4721 = CARTESIAN_POINT('',(4.325,2.5E-02,0.));
#4722 = DIRECTION('',(0.,0.,1.));
#4723 = DIRECTION('',(-1.,0.,0.));
#4724 = ADVANCED_FACE('',(#4725),#4731,.T.);
#4725 = FACE_BOUND('',#4726,.T.);
#4726 = EDGE_LOOP('',(#4727,#4728,#4729,#4730));
#4727 = ORIENTED_EDGE('',*,*,#4603,.F.);
#4728 = ORIENTED_EDGE('',*,*,#4552,.F.);
#4729 = ORIENTED_EDGE('',*,*,#4620,.T.);
#4730 = ORIENTED_EDGE('',*,*,#4688,.T.);
#4731 = CYLINDRICAL_SURFACE('',#4732,0.275);
#4732 = AXIS2_PLACEMENT_3D('',#4733,#4734,#4735);
#4733 = CARTESIAN_POINT('',(5.5,2.5E-02,0.));
#4734 = DIRECTION('',(-1.28596557767E-16,-1.,0.));
#4735 = DIRECTION('',(-1.,1.28596557767E-16,0.));
#4736 = ( GEOMETRIC_REPRESENTATION_CONTEXT(3) 
GLOBAL_UNCERTAINTY_ASSIGNED_CONTEXT((#4740)) 
GLOBAL_UNIT_ASSIGNED_CONTEXT((#4737,#4738,#4739)) REPRESENTATION_CONTEXT
('Context #1','3D Context with UNIT and UNCERTAINTY') );
#4737 = ( LENGTH_UNIT() NAMED_UNIT(*) SI_UNIT(.MILLI.,.METRE.) );
#4738 = ( NAMED_UNIT(*) PLANE_ANGLE_UNIT() SI_UNIT($,.RADIAN.) );
#4739 = ( NAMED_UNIT(*) SI_UNIT($,.STERADIAN.) SOLID_ANGLE_UNIT() );
#4740 = UNCERTAINTY_MEASURE_WITH_UNIT(LENGTH_MEASURE(1.E-07),#4737,
  'distance_accuracy_value','confusion accuracy');
#4741 = SHAPE_DEFINITION_REPRESENTATION(#4742,#3655);
#4742 = PRODUCT_DEFINITION_SHAPE('','',#4743);
#4743 = PRODUCT_DEFINITION('design','',#4744,#4747);
#4744 = PRODUCT_DEFINITION_FORMATION('','',#4745);
#4745 = PRODUCT('7973159632','7973159632','',(#4746));
#4746 = PRODUCT_CONTEXT('',#2,'mechanical');
#4747 = PRODUCT_DEFINITION_CONTEXT('part definition',#2,'design');
#4748 = CONTEXT_DEPENDENT_SHAPE_REPRESENTATION(#4749,#4751);
#4749 = ( REPRESENTATION_RELATIONSHIP('','',#3655,#3645) 
REPRESENTATION_RELATIONSHIP_WITH_TRANSFORMATION(#4750) 
SHAPE_REPRESENTATION_RELATIONSHIP() );
#4750 = ITEM_DEFINED_TRANSFORMATION('','',#11,#3646);
#4751 = PRODUCT_DEFINITION_SHAPE('Placement','Placement of an item',
  #4752);
#4752 = NEXT_ASSEMBLY_USAGE_OCCURRENCE('3','','',#3640,#4743,$);
#4753 = PRODUCT_RELATED_PRODUCT_CATEGORY('part',$,(#4745));
#4754 = CONTEXT_DEPENDENT_SHAPE_REPRESENTATION(#4755,#4757);
#4755 = ( REPRESENTATION_RELATIONSHIP('','',#3645,#10) 
REPRESENTATION_RELATIONSHIP_WITH_TRANSFORMATION(#4756) 
SHAPE_REPRESENTATION_RELATIONSHIP() );
#4756 = ITEM_DEFINED_TRANSFORMATION('','',#11,#19);
#4757 = PRODUCT_DEFINITION_SHAPE('Placement','Placement of an item',
  #4758);
#4758 = NEXT_ASSEMBLY_USAGE_OCCURRENCE('4','','',#5,#3640,$);
#4759 = PRODUCT_RELATED_PRODUCT_CATEGORY('part',$,(#3642));
#4760 = SHAPE_DEFINITION_REPRESENTATION(#4761,#4767);
#4761 = PRODUCT_DEFINITION_SHAPE('','',#4762);
#4762 = PRODUCT_DEFINITION('design','',#4763,#4766);
#4763 = PRODUCT_DEFINITION_FORMATION('','',#4764);
#4764 = PRODUCT('R2','R2','',(#4765));
#4765 = PRODUCT_CONTEXT('',#2,'mechanical');
#4766 = PRODUCT_DEFINITION_CONTEXT('part definition',#2,'design');
#4767 = SHAPE_REPRESENTATION('',(#11,#4768),#4772);
#4768 = AXIS2_PLACEMENT_3D('',#4769,#4770,#4771);
#4769 = CARTESIAN_POINT('',(108.,57.,0.));
#4770 = DIRECTION('',(1.,4.371138828674E-08,-4.371140912996E-08));
#4771 = DIRECTION('',(-4.371138828674E-08,1.,1.840849544066E-31));
#4772 = ( GEOMETRIC_REPRESENTATION_CONTEXT(3) 
GLOBAL_UNCERTAINTY_ASSIGNED_CONTEXT((#4776)) 
GLOBAL_UNIT_ASSIGNED_CONTEXT((#4773,#4774,#4775)) REPRESENTATION_CONTEXT
('Context #1','3D Context with UNIT and UNCERTAINTY') );
#4773 = ( LENGTH_UNIT() NAMED_UNIT(*) SI_UNIT(.MILLI.,.METRE.) );
#4774 = ( NAMED_UNIT(*) PLANE_ANGLE_UNIT() SI_UNIT($,.RADIAN.) );
#4775 = ( NAMED_UNIT(*) SI_UNIT($,.STERADIAN.) SOLID_ANGLE_UNIT() );
#4776 = UNCERTAINTY_MEASURE_WITH_UNIT(LENGTH_MEASURE(1.E-07),#4773,
  'distance_accuracy_value','confusion accuracy');
#4777 = CONTEXT_DEPENDENT_SHAPE_REPRESENTATION(#4778,#4780);
#4778 = ( REPRESENTATION_RELATIONSHIP('','',#3655,#4767) 
REPRESENTATION_RELATIONSHIP_WITH_TRANSFORMATION(#4779) 
SHAPE_REPRESENTATION_RELATIONSHIP() );
#4779 = ITEM_DEFINED_TRANSFORMATION('','',#11,#4768);
#4780 = PRODUCT_DEFINITION_SHAPE('Placement','Placement of an item',
  #4781);
#4781 = NEXT_ASSEMBLY_USAGE_OCCURRENCE('5','','',#4762,#4743,$);
#4782 = CONTEXT_DEPENDENT_SHAPE_REPRESENTATION(#4783,#4785);
#4783 = ( REPRESENTATION_RELATIONSHIP('','',#4767,#10) 
REPRESENTATION_RELATIONSHIP_WITH_TRANSFORMATION(#4784) 
SHAPE_REPRESENTATION_RELATIONSHIP() );
#4784 = ITEM_DEFINED_TRANSFORMATION('','',#11,#23);
#4785 = PRODUCT_DEFINITION_SHAPE('Placement','Placement of an item',
  #4786);
#4786 = NEXT_ASSEMBLY_USAGE_OCCURRENCE('6','','',#5,#4762,$);
#4787 = PRODUCT_RELATED_PRODUCT_CATEGORY('part',$,(#4764));
#4788 = SHAPE_DEFINITION_REPRESENTATION(#4789,#4795);
#4789 = PRODUCT_DEFINITION_SHAPE('','',#4790);
#4790 = PRODUCT_DEFINITION('design','',#4791,#4794);
#4791 = PRODUCT_DEFINITION_FORMATION('','',#4792);
#4792 = PRODUCT('R1','R1','',(#4793));
#4793 = PRODUCT_CONTEXT('',#2,'mechanical');
#4794 = PRODUCT_DEFINITION_CONTEXT('part definition',#2,'design');
#4795 = SHAPE_REPRESENTATION('',(#11,#4796),#4800);
#4796 = AXIS2_PLACEMENT_3D('',#4797,#4798,#4799);
#4797 = CARTESIAN_POINT('',(102.5,57.,0.));
#4798 = DIRECTION('',(1.,4.371138828674E-08,-4.371140912996E-08));
#4799 = DIRECTION('',(-4.371138828674E-08,1.,1.840849544066E-31));
#4800 = ( GEOMETRIC_REPRESENTATION_CONTEXT(3) 
GLOBAL_UNCERTAINTY_ASSIGNED_CONTEXT((#4804)) 
GLOBAL_UNIT_ASSIGNED_CONTEXT((#4801,#4802,#4803)) REPRESENTATION_CONTEXT
('Context #1','3D Context with UNIT and UNCERTAINTY') );
#4801 = ( LENGTH_UNIT() NAMED_UNIT(*) SI_UNIT(.MILLI.,.METRE.) );
#4802 = ( NAMED_UNIT(*) PLANE_ANGLE_UNIT() SI_UNIT($,.RADIAN.) );
#4803 = ( NAMED_UNIT(*) SI_UNIT($,.STERADIAN.) SOLID_ANGLE_UNIT() );
#4804 = UNCERTAINTY_MEASURE_WITH_UNIT(LENGTH_MEASURE(1.E-07),#4801,
  'distance_accuracy_value','confusion accuracy');
#4805 = CONTEXT_DEPENDENT_SHAPE_REPRESENTATION(#4806,#4808);
#4806 = ( REPRESENTATION_RELATIONSHIP('','',#3655,#4795) 
REPRESENTATION_RELATIONSHIP_WITH_TRANSFORMATION(#4807) 
SHAPE_REPRESENTATION_RELATIONSHIP() );
#4807 = ITEM_DEFINED_TRANSFORMATION('','',#11,#4796);
#4808 = PRODUCT_DEFINITION_SHAPE('Placement','Placement of an item',
  #4809);
#4809 = NEXT_ASSEMBLY_USAGE_OCCURRENCE('7','','',#4790,#4743,$);
#4810 = CONTEXT_DEPENDENT_SHAPE_REPRESENTATION(#4811,#4813);
#4811 = ( REPRESENTATION_RELATIONSHIP('','',#4795,#10) 
REPRESENTATION_RELATIONSHIP_WITH_TRANSFORMATION(#4812) 
SHAPE_REPRESENTATION_RELATIONSHIP() );
#4812 = ITEM_DEFINED_TRANSFORMATION('','',#11,#27);
#4813 = PRODUCT_DEFINITION_SHAPE('Placement','Placement of an item',
  #4814);
#4814 = NEXT_ASSEMBLY_USAGE_OCCURRENCE('8','','',#5,#4790,$);
#4815 = PRODUCT_RELATED_PRODUCT_CATEGORY('part',$,(#4792));
#4816 = SHAPE_DEFINITION_REPRESENTATION(#4817,#4823);
#4817 = PRODUCT_DEFINITION_SHAPE('','',#4818);
#4818 = PRODUCT_DEFINITION('design','',#4819,#4822);
#4819 = PRODUCT_DEFINITION_FORMATION('','',#4820);
#4820 = PRODUCT('J1','J1','',(#4821));
#4821 = PRODUCT_CONTEXT('',#2,'mechanical');
#4822 = PRODUCT_DEFINITION_CONTEXT('part definition',#2,'design');
#4823 = SHAPE_REPRESENTATION('',(#11,#4824),#4828);
#4824 = AXIS2_PLACEMENT_3D('',#4825,#4826,#4827);
#4825 = CARTESIAN_POINT('',(100.,100.,-10.09999465942));
#4826 = DIRECTION('',(0.,0.,1.));
#4827 = DIRECTION('',(1.,0.,0.));
#4828 = ( GEOMETRIC_REPRESENTATION_CONTEXT(3) 
GLOBAL_UNCERTAINTY_ASSIGNED_CONTEXT((#4832)) 
GLOBAL_UNIT_ASSIGNED_CONTEXT((#4829,#4830,#4831)) REPRESENTATION_CONTEXT
('Context #1','3D Context with UNIT and UNCERTAINTY') );
#4829 = ( LENGTH_UNIT() NAMED_UNIT(*) SI_UNIT(.MILLI.,.METRE.) );
#4830 = ( NAMED_UNIT(*) PLANE_ANGLE_UNIT() SI_UNIT($,.RADIAN.) );
#4831 = ( NAMED_UNIT(*) SI_UNIT($,.STERADIAN.) SOLID_ANGLE_UNIT() );
#4832 = UNCERTAINTY_MEASURE_WITH_UNIT(LENGTH_MEASURE(1.E-07),#4829,
  'distance_accuracy_value','confusion accuracy');
#4833 = SHAPE_DEFINITION_REPRESENTATION(#4834,#4840);
#4834 = PRODUCT_DEFINITION_SHAPE('','',#4835);
#4835 = PRODUCT_DEFINITION('design','',#4836,#4839);
#4836 = PRODUCT_DEFINITION_FORMATION('','',#4837);
#4837 = PRODUCT('8950112464','8950112464','',(#4838));
#4838 = PRODUCT_CONTEXT('',#2,'mechanical');
#4839 = PRODUCT_DEFINITION_CONTEXT('part definition',#2,'design');
#4840 = SHAPE_REPRESENTATION('',(#11,#4841),#4845);
#4841 = AXIS2_PLACEMENT_3D('',#4842,#4843,#4844);
#4842 = CARTESIAN_POINT('',(0.,0.,0.));
#4843 = DIRECTION('',(0.,0.,1.));
#4844 = DIRECTION('',(1.,0.,0.));
#4845 = ( GEOMETRIC_REPRESENTATION_CONTEXT(3) 
GLOBAL_UNCERTAINTY_ASSIGNED_CONTEXT((#4849)) 
GLOBAL_UNIT_ASSIGNED_CONTEXT((#4846,#4847,#4848)) REPRESENTATION_CONTEXT
('Context #1','3D Context with UNIT and UNCERTAINTY') );
#4846 = ( LENGTH_UNIT() NAMED_UNIT(*) SI_UNIT(.MILLI.,.METRE.) );
#4847 = ( NAMED_UNIT(*) PLANE_ANGLE_UNIT() SI_UNIT($,.RADIAN.) );
#4848 = ( NAMED_UNIT(*) SI_UNIT($,.STERADIAN.) SOLID_ANGLE_UNIT() );
#4849 = UNCERTAINTY_MEASURE_WITH_UNIT(LENGTH_MEASURE(1.E-07),#4846,
  'distance_accuracy_value','confusion accuracy');
#4850 = ADVANCED_BREP_SHAPE_REPRESENTATION('',(#11,#4851),#5001);
#4851 = MANIFOLD_SOLID_BREP('',#4852);
#4852 = CLOSED_SHELL('',(#4853,#4893,#4924,#4955,#4977,#4989));
#4853 = ADVANCED_FACE('',(#4854),#4888,.F.);
#4854 = FACE_BOUND('',#4855,.F.);
#4855 = EDGE_LOOP('',(#4856,#4866,#4874,#4882));
#4856 = ORIENTED_EDGE('',*,*,#4857,.T.);
#4857 = EDGE_CURVE('',#4858,#4860,#4862,.T.);
#4858 = VERTEX_POINT('',#4859);
#4859 = CARTESIAN_POINT('',(-25.4,2.54,0.));
#4860 = VERTEX_POINT('',#4861);
#4861 = CARTESIAN_POINT('',(-25.4,2.54,8.50000078));
#4862 = LINE('',#4863,#4864);
#4863 = CARTESIAN_POINT('',(-25.4,2.54,0.));
#4864 = VECTOR('',#4865,1.);
#4865 = DIRECTION('',(0.,0.,1.));
#4866 = ORIENTED_EDGE('',*,*,#4867,.T.);
#4867 = EDGE_CURVE('',#4860,#4868,#4870,.T.);
#4868 = VERTEX_POINT('',#4869);
#4869 = CARTESIAN_POINT('',(-25.4,-2.54,8.50000078));
#4870 = LINE('',#4871,#4872);
#4871 = CARTESIAN_POINT('',(-25.4,2.54,8.50000078));
#4872 = VECTOR('',#4873,1.);
#4873 = DIRECTION('',(0.,-1.,0.));
#4874 = ORIENTED_EDGE('',*,*,#4875,.F.);
#4875 = EDGE_CURVE('',#4876,#4868,#4878,.T.);
#4876 = VERTEX_POINT('',#4877);
#4877 = CARTESIAN_POINT('',(-25.4,-2.54,0.));
#4878 = LINE('',#4879,#4880);
#4879 = CARTESIAN_POINT('',(-25.4,-2.54,0.));
#4880 = VECTOR('',#4881,1.);
#4881 = DIRECTION('',(0.,0.,1.));
#4882 = ORIENTED_EDGE('',*,*,#4883,.F.);
#4883 = EDGE_CURVE('',#4858,#4876,#4884,.T.);
#4884 = LINE('',#4885,#4886);
#4885 = CARTESIAN_POINT('',(-25.4,2.54,0.));
#4886 = VECTOR('',#4887,1.);
#4887 = DIRECTION('',(0.,-1.,0.));
#4888 = PLANE('',#4889);
#4889 = AXIS2_PLACEMENT_3D('',#4890,#4891,#4892);
#4890 = CARTESIAN_POINT('',(-25.4,2.54,0.));
#4891 = DIRECTION('',(1.,0.,-0.));
#4892 = DIRECTION('',(0.,-1.,0.));
#4893 = ADVANCED_FACE('',(#4894),#4919,.F.);
#4894 = FACE_BOUND('',#4895,.F.);
#4895 = EDGE_LOOP('',(#4896,#4897,#4905,#4913));
#4896 = ORIENTED_EDGE('',*,*,#4875,.T.);
#4897 = ORIENTED_EDGE('',*,*,#4898,.T.);
#4898 = EDGE_CURVE('',#4868,#4899,#4901,.T.);
#4899 = VERTEX_POINT('',#4900);
#4900 = CARTESIAN_POINT('',(25.4,-2.54,8.50000078));
#4901 = LINE('',#4902,#4903);
#4902 = CARTESIAN_POINT('',(-25.4,-2.54,8.50000078));
#4903 = VECTOR('',#4904,1.);
#4904 = DIRECTION('',(1.,0.,0.));
#4905 = ORIENTED_EDGE('',*,*,#4906,.F.);
#4906 = EDGE_CURVE('',#4907,#4899,#4909,.T.);
#4907 = VERTEX_POINT('',#4908);
#4908 = CARTESIAN_POINT('',(25.4,-2.54,0.));
#4909 = LINE('',#4910,#4911);
#4910 = CARTESIAN_POINT('',(25.4,-2.54,0.));
#4911 = VECTOR('',#4912,1.);
#4912 = DIRECTION('',(0.,0.,1.));
#4913 = ORIENTED_EDGE('',*,*,#4914,.F.);
#4914 = EDGE_CURVE('',#4876,#4907,#4915,.T.);
#4915 = LINE('',#4916,#4917);
#4916 = CARTESIAN_POINT('',(-25.4,-2.54,0.));
#4917 = VECTOR('',#4918,1.);
#4918 = DIRECTION('',(1.,0.,0.));
#4919 = PLANE('',#4920);
#4920 = AXIS2_PLACEMENT_3D('',#4921,#4922,#4923);
#4921 = CARTESIAN_POINT('',(-25.4,-2.54,0.));
#4922 = DIRECTION('',(0.,1.,0.));
#4923 = DIRECTION('',(1.,0.,0.));
#4924 = ADVANCED_FACE('',(#4925),#4950,.F.);
#4925 = FACE_BOUND('',#4926,.F.);
#4926 = EDGE_LOOP('',(#4927,#4928,#4936,#4944));
#4927 = ORIENTED_EDGE('',*,*,#4906,.T.);
#4928 = ORIENTED_EDGE('',*,*,#4929,.T.);
#4929 = EDGE_CURVE('',#4899,#4930,#4932,.T.);
#4930 = VERTEX_POINT('',#4931);
#4931 = CARTESIAN_POINT('',(25.4,2.54,8.50000078));
#4932 = LINE('',#4933,#4934);
#4933 = CARTESIAN_POINT('',(25.4,-2.54,8.50000078));
#4934 = VECTOR('',#4935,1.);
#4935 = DIRECTION('',(0.,1.,0.));
#4936 = ORIENTED_EDGE('',*,*,#4937,.F.);
#4937 = EDGE_CURVE('',#4938,#4930,#4940,.T.);
#4938 = VERTEX_POINT('',#4939);
#4939 = CARTESIAN_POINT('',(25.4,2.54,0.));
#4940 = LINE('',#4941,#4942);
#4941 = CARTESIAN_POINT('',(25.4,2.54,0.));
#4942 = VECTOR('',#4943,1.);
#4943 = DIRECTION('',(0.,0.,1.));
#4944 = ORIENTED_EDGE('',*,*,#4945,.F.);
#4945 = EDGE_CURVE('',#4907,#4938,#4946,.T.);
#4946 = LINE('',#4947,#4948);
#4947 = CARTESIAN_POINT('',(25.4,-2.54,0.));
#4948 = VECTOR('',#4949,1.);
#4949 = DIRECTION('',(0.,1.,0.));
#4950 = PLANE('',#4951);
#4951 = AXIS2_PLACEMENT_3D('',#4952,#4953,#4954);
#4952 = CARTESIAN_POINT('',(25.4,-2.54,0.));
#4953 = DIRECTION('',(-1.,0.,0.));
#4954 = DIRECTION('',(0.,1.,0.));
#4955 = ADVANCED_FACE('',(#4956),#4972,.F.);
#4956 = FACE_BOUND('',#4957,.F.);
#4957 = EDGE_LOOP('',(#4958,#4959,#4965,#4966));
#4958 = ORIENTED_EDGE('',*,*,#4937,.T.);
#4959 = ORIENTED_EDGE('',*,*,#4960,.T.);
#4960 = EDGE_CURVE('',#4930,#4860,#4961,.T.);
#4961 = LINE('',#4962,#4963);
#4962 = CARTESIAN_POINT('',(25.4,2.54,8.50000078));
#4963 = VECTOR('',#4964,1.);
#4964 = DIRECTION('',(-1.,0.,0.));
#4965 = ORIENTED_EDGE('',*,*,#4857,.F.);
#4966 = ORIENTED_EDGE('',*,*,#4967,.F.);
#4967 = EDGE_CURVE('',#4938,#4858,#4968,.T.);
#4968 = LINE('',#4969,#4970);
#4969 = CARTESIAN_POINT('',(25.4,2.54,0.));
#4970 = VECTOR('',#4971,1.);
#4971 = DIRECTION('',(-1.,0.,0.));
#4972 = PLANE('',#4973);
#4973 = AXIS2_PLACEMENT_3D('',#4974,#4975,#4976);
#4974 = CARTESIAN_POINT('',(25.4,2.54,0.));
#4975 = DIRECTION('',(0.,-1.,0.));
#4976 = DIRECTION('',(-1.,0.,0.));
#4977 = ADVANCED_FACE('',(#4978),#4984,.F.);
#4978 = FACE_BOUND('',#4979,.F.);
#4979 = EDGE_LOOP('',(#4980,#4981,#4982,#4983));
#4980 = ORIENTED_EDGE('',*,*,#4883,.T.);
#4981 = ORIENTED_EDGE('',*,*,#4914,.T.);
#4982 = ORIENTED_EDGE('',*,*,#4945,.T.);
#4983 = ORIENTED_EDGE('',*,*,#4967,.T.);
#4984 = PLANE('',#4985);
#4985 = AXIS2_PLACEMENT_3D('',#4986,#4987,#4988);
#4986 = CARTESIAN_POINT('',(0.,0.,0.));
#4987 = DIRECTION('',(0.,0.,1.));
#4988 = DIRECTION('',(1.,0.,-0.));
#4989 = ADVANCED_FACE('',(#4990),#4996,.T.);
#4990 = FACE_BOUND('',#4991,.T.);
#4991 = EDGE_LOOP('',(#4992,#4993,#4994,#4995));
#4992 = ORIENTED_EDGE('',*,*,#4867,.T.);
#4993 = ORIENTED_EDGE('',*,*,#4898,.T.);
#4994 = ORIENTED_EDGE('',*,*,#4929,.T.);
#4995 = ORIENTED_EDGE('',*,*,#4960,.T.);
#4996 = PLANE('',#4997);
#4997 = AXIS2_PLACEMENT_3D('',#4998,#4999,#5000);
#4998 = CARTESIAN_POINT('',(0.,0.,8.50000078));
#4999 = DIRECTION('',(0.,0.,1.));
#5000 = DIRECTION('',(1.,0.,-0.));
#5001 = ( GEOMETRIC_REPRESENTATION_CONTEXT(3) 
GLOBAL_UNCERTAINTY_ASSIGNED_CONTEXT((#5005)) 
GLOBAL_UNIT_ASSIGNED_CONTEXT((#5002,#5003,#5004)) REPRESENTATION_CONTEXT
('Context #1','3D Context with UNIT and UNCERTAINTY') );
#5002 = ( LENGTH_UNIT() NAMED_UNIT(*) SI_UNIT(.MILLI.,.METRE.) );
#5003 = ( NAMED_UNIT(*) PLANE_ANGLE_UNIT() SI_UNIT($,.RADIAN.) );
#5004 = ( NAMED_UNIT(*) SI_UNIT($,.STERADIAN.) SOLID_ANGLE_UNIT() );
#5005 = UNCERTAINTY_MEASURE_WITH_UNIT(LENGTH_MEASURE(1.E-07),#5002,
  'distance_accuracy_value','confusion accuracy');
#5006 = SHAPE_DEFINITION_REPRESENTATION(#5007,#4850);
#5007 = PRODUCT_DEFINITION_SHAPE('','',#5008);
#5008 = PRODUCT_DEFINITION('design','',#5009,#5012);
#5009 = PRODUCT_DEFINITION_FORMATION('','',#5010);
#5010 = PRODUCT('Extruded','Extruded','',(#5011));
#5011 = PRODUCT_CONTEXT('',#2,'mechanical');
#5012 = PRODUCT_DEFINITION_CONTEXT('part definition',#2,'design');
#5013 = CONTEXT_DEPENDENT_SHAPE_REPRESENTATION(#5014,#5016);
#5014 = ( REPRESENTATION_RELATIONSHIP('','',#4850,#4840) 
REPRESENTATION_RELATIONSHIP_WITH_TRANSFORMATION(#5015) 
SHAPE_REPRESENTATION_RELATIONSHIP() );
#5015 = ITEM_DEFINED_TRANSFORMATION('','',#11,#4841);
#5016 = PRODUCT_DEFINITION_SHAPE('Placement','Placement of an item',
  #5017);
#5017 = NEXT_ASSEMBLY_USAGE_OCCURRENCE('9','3','',#4835,#5008,$);
#5018 = PRODUCT_RELATED_PRODUCT_CATEGORY('part',$,(#5010));
#5019 = CONTEXT_DEPENDENT_SHAPE_REPRESENTATION(#5020,#5022);
#5020 = ( REPRESENTATION_RELATIONSHIP('','',#4840,#4823) 
REPRESENTATION_RELATIONSHIP_WITH_TRANSFORMATION(#5021) 
SHAPE_REPRESENTATION_RELATIONSHIP() );
#5021 = ITEM_DEFINED_TRANSFORMATION('','',#11,#4824);
#5022 = PRODUCT_DEFINITION_SHAPE('Placement','Placement of an item',
  #5023);
#5023 = NEXT_ASSEMBLY_USAGE_OCCURRENCE('10','','',#4818,#4835,$);
#5024 = PRODUCT_RELATED_PRODUCT_CATEGORY('part',$,(#4837));
#5025 = CONTEXT_DEPENDENT_SHAPE_REPRESENTATION(#5026,#5028);
#5026 = ( REPRESENTATION_RELATIONSHIP('','',#4823,#10) 
REPRESENTATION_RELATIONSHIP_WITH_TRANSFORMATION(#5027) 
SHAPE_REPRESENTATION_RELATIONSHIP() );
#5027 = ITEM_DEFINED_TRANSFORMATION('','',#11,#31);
#5028 = PRODUCT_DEFINITION_SHAPE('Placement','Placement of an item',
  #5029);
#5029 = NEXT_ASSEMBLY_USAGE_OCCURRENCE('11','','',#5,#4818,$);
#5030 = PRODUCT_RELATED_PRODUCT_CATEGORY('part',$,(#4820));
#5031 = SHAPE_DEFINITION_REPRESENTATION(#5032,#5038);
#5032 = PRODUCT_DEFINITION_SHAPE('','',#5033);
#5033 = PRODUCT_DEFINITION('design','',#5034,#5037);
#5034 = PRODUCT_DEFINITION_FORMATION('','',#5035);
#5035 = PRODUCT('D3','D3','',(#5036));
#5036 = PRODUCT_CONTEXT('',#2,'mechanical');
#5037 = PRODUCT_DEFINITION_CONTEXT('part definition',#2,'design');
#5038 = SHAPE_REPRESENTATION('',(#11,#5039),#5043);
#5039 = AXIS2_PLACEMENT_3D('',#5040,#5041,#5042);
#5040 = CARTESIAN_POINT('',(142.5,59.,0.));
#5041 = DIRECTION('',(-1.,-1.19248806385E-08,-4.371140912996E-08));
#5042 = DIRECTION('',(1.19248806385E-08,-1.,1.381291085557E-31));
#5043 = ( GEOMETRIC_REPRESENTATION_CONTEXT(3) 
GLOBAL_UNCERTAINTY_ASSIGNED_CONTEXT((#5047)) 
GLOBAL_UNIT_ASSIGNED_CONTEXT((#5044,#5045,#5046)) REPRESENTATION_CONTEXT
('Context #1','3D Context with UNIT and UNCERTAINTY') );
#5044 = ( LENGTH_UNIT() NAMED_UNIT(*) SI_UNIT(.MILLI.,.METRE.) );
#5045 = ( NAMED_UNIT(*) PLANE_ANGLE_UNIT() SI_UNIT($,.RADIAN.) );
#5046 = ( NAMED_UNIT(*) SI_UNIT($,.STERADIAN.) SOLID_ANGLE_UNIT() );
#5047 = UNCERTAINTY_MEASURE_WITH_UNIT(LENGTH_MEASURE(5.E-05),#5044,
  'distance_accuracy_value','confusion accuracy');
#5048 = SHAPE_DEFINITION_REPRESENTATION(#5049,#5055);
#5049 = PRODUCT_DEFINITION_SHAPE('','',#5050);
#5050 = PRODUCT_DEFINITION('design','',#5051,#5054);
#5051 = PRODUCT_DEFINITION_FORMATION('','',#5052);
#5052 = PRODUCT('9153843280','9153843280','',(#5053));
#5053 = PRODUCT_CONTEXT('',#2,'mechanical');
#5054 = PRODUCT_DEFINITION_CONTEXT('part definition',#2,'design');
#5055 = SHAPE_REPRESENTATION('',(#11,#5056),#5060);
#5056 = AXIS2_PLACEMENT_3D('',#5057,#5058,#5059);
#5057 = CARTESIAN_POINT('',(0.,1.,0.));
#5058 = DIRECTION('',(0.,0.,1.));
#5059 = DIRECTION('',(1.,0.,0.));
#5060 = ( GEOMETRIC_REPRESENTATION_CONTEXT(3) 
GLOBAL_UNCERTAINTY_ASSIGNED_CONTEXT((#5064)) 
GLOBAL_UNIT_ASSIGNED_CONTEXT((#5061,#5062,#5063)) REPRESENTATION_CONTEXT
('Context #1','3D Context with UNIT and UNCERTAINTY') );
#5061 = ( LENGTH_UNIT() NAMED_UNIT(*) SI_UNIT(.MILLI.,.METRE.) );
#5062 = ( NAMED_UNIT(*) PLANE_ANGLE_UNIT() SI_UNIT($,.RADIAN.) );
#5063 = ( NAMED_UNIT(*) SI_UNIT($,.STERADIAN.) SOLID_ANGLE_UNIT() );
#5064 = UNCERTAINTY_MEASURE_WITH_UNIT(LENGTH_MEASURE(5.E-05),#5061,
  'distance_accuracy_value','confusion accuracy');
#5065 = SHAPE_REPRESENTATION('',(#11,#5066,#5365,#5821,#6235,#6691),
  #7105);
#5066 = MANIFOLD_SOLID_BREP('',#5067);
#5067 = CLOSED_SHELL('',(#5068,#5112,#5153,#5195,#5228,#5253,#5278,#5320
    ,#5340,#5352));
#5068 = ADVANCED_FACE('',(#5069),#5107,.T.);
#5069 = FACE_BOUND('',#5070,.T.);
#5070 = EDGE_LOOP('',(#5071,#5082,#5091,#5100));
#5071 = ORIENTED_EDGE('',*,*,#5072,.F.);
#5072 = EDGE_CURVE('',#5073,#5075,#5077,.T.);
#5073 = VERTEX_POINT('',#5074);
#5074 = CARTESIAN_POINT('',(-1.530808498934E-16,8.6,0.));
#5075 = VERTEX_POINT('',#5076);
#5076 = CARTESIAN_POINT('',(-2.5,6.1,0.));
#5077 = CIRCLE('',#5078,2.5);
#5078 = AXIS2_PLACEMENT_3D('',#5079,#5080,#5081);
#5079 = CARTESIAN_POINT('',(0.,6.1,0.));
#5080 = DIRECTION('',(-0.,0.,1.));
#5081 = DIRECTION('',(1.,0.,0.));
#5082 = ORIENTED_EDGE('',*,*,#5083,.T.);
#5083 = EDGE_CURVE('',#5073,#5084,#5086,.T.);
#5084 = VERTEX_POINT('',#5085);
#5085 = CARTESIAN_POINT('',(2.5,6.1,-3.061616997868E-16));
#5086 = CIRCLE('',#5087,2.5);
#5087 = AXIS2_PLACEMENT_3D('',#5088,#5089,#5090);
#5088 = CARTESIAN_POINT('',(0.,6.1,0.));
#5089 = DIRECTION('',(-1.224646799147E-16,0.,-1.));
#5090 = DIRECTION('',(-1.,0.,1.224646799147E-16));
#5091 = ORIENTED_EDGE('',*,*,#5092,.F.);
#5092 = EDGE_CURVE('',#5093,#5084,#5095,.T.);
#5093 = VERTEX_POINT('',#5094);
#5094 = CARTESIAN_POINT('',(0.,6.1,-2.5));
#5095 = CIRCLE('',#5096,2.5);
#5096 = AXIS2_PLACEMENT_3D('',#5097,#5098,#5099);
#5097 = CARTESIAN_POINT('',(0.,6.1,0.));
#5098 = DIRECTION('',(0.,-1.,-0.));
#5099 = DIRECTION('',(0.,0.,-1.));
#5100 = ORIENTED_EDGE('',*,*,#5101,.F.);
#5101 = EDGE_CURVE('',#5075,#5093,#5102,.T.);
#5102 = CIRCLE('',#5103,2.5);
#5103 = AXIS2_PLACEMENT_3D('',#5104,#5105,#5106);
#5104 = CARTESIAN_POINT('',(0.,6.1,0.));
#5105 = DIRECTION('',(0.,-1.,-0.));
#5106 = DIRECTION('',(0.,0.,-1.));
#5107 = SPHERICAL_SURFACE('',#5108,2.5);
#5108 = AXIS2_PLACEMENT_3D('',#5109,#5110,#5111);
#5109 = CARTESIAN_POINT('',(0.,6.1,0.));
#5110 = DIRECTION('',(-0.,-0.,-1.));
#5111 = DIRECTION('',(-1.,0.,0.));
#5112 = ADVANCED_FACE('',(#5113),#5148,.T.);
#5113 = FACE_BOUND('',#5114,.T.);
#5114 = EDGE_LOOP('',(#5115,#5116,#5125,#5133,#5142));
#5115 = ORIENTED_EDGE('',*,*,#5092,.T.);
#5116 = ORIENTED_EDGE('',*,*,#5117,.T.);
#5117 = EDGE_CURVE('',#5084,#5118,#5120,.T.);
#5118 = VERTEX_POINT('',#5119);
#5119 = CARTESIAN_POINT('',(3.061616997868E-16,6.1,2.5));
#5120 = CIRCLE('',#5121,2.5);
#5121 = AXIS2_PLACEMENT_3D('',#5122,#5123,#5124);
#5122 = CARTESIAN_POINT('',(0.,6.1,0.));
#5123 = DIRECTION('',(0.,-1.,-0.));
#5124 = DIRECTION('',(0.,0.,-1.));
#5125 = ORIENTED_EDGE('',*,*,#5126,.T.);
#5126 = EDGE_CURVE('',#5118,#5127,#5129,.T.);
#5127 = VERTEX_POINT('',#5128);
#5128 = CARTESIAN_POINT('',(3.061616997868E-16,1.,2.5));
#5129 = LINE('',#5130,#5131);
#5130 = CARTESIAN_POINT('',(3.061616997868E-16,0.,2.5));
#5131 = VECTOR('',#5132,1.);
#5132 = DIRECTION('',(-0.,-1.,-0.));
#5133 = ORIENTED_EDGE('',*,*,#5134,.F.);
#5134 = EDGE_CURVE('',#5135,#5127,#5137,.T.);
#5135 = VERTEX_POINT('',#5136);
#5136 = CARTESIAN_POINT('',(0.,1.,-2.5));
#5137 = CIRCLE('',#5138,2.5);
#5138 = AXIS2_PLACEMENT_3D('',#5139,#5140,#5141);
#5139 = CARTESIAN_POINT('',(0.,1.,0.));
#5140 = DIRECTION('',(0.,-1.,-0.));
#5141 = DIRECTION('',(0.,0.,-1.));
#5142 = ORIENTED_EDGE('',*,*,#5143,.F.);
#5143 = EDGE_CURVE('',#5093,#5135,#5144,.T.);
#5144 = LINE('',#5145,#5146);
#5145 = CARTESIAN_POINT('',(0.,0.,-2.5));
#5146 = VECTOR('',#5147,1.);
#5147 = DIRECTION('',(-0.,-1.,-0.));
#5148 = CYLINDRICAL_SURFACE('',#5149,2.5);
#5149 = AXIS2_PLACEMENT_3D('',#5150,#5151,#5152);
#5150 = CARTESIAN_POINT('',(0.,0.,0.));
#5151 = DIRECTION('',(-0.,-1.,-0.));
#5152 = DIRECTION('',(0.,0.,-1.));
#5153 = ADVANCED_FACE('',(#5154),#5190,.T.);
#5154 = FACE_BOUND('',#5155,.T.);
#5155 = EDGE_LOOP('',(#5156,#5167,#5175,#5184));
#5156 = ORIENTED_EDGE('',*,*,#5157,.T.);
#5157 = EDGE_CURVE('',#5158,#5160,#5162,.T.);
#5158 = VERTEX_POINT('',#5159);
#5159 = CARTESIAN_POINT('',(0.,1.,-2.95));
#5160 = VERTEX_POINT('',#5161);
#5161 = CARTESIAN_POINT('',(3.612708057485E-16,1.,2.95));
#5162 = CIRCLE('',#5163,2.95);
#5163 = AXIS2_PLACEMENT_3D('',#5164,#5165,#5166);
#5164 = CARTESIAN_POINT('',(0.,1.,0.));
#5165 = DIRECTION('',(0.,-1.,-0.));
#5166 = DIRECTION('',(0.,0.,-1.));
#5167 = ORIENTED_EDGE('',*,*,#5168,.T.);
#5168 = EDGE_CURVE('',#5160,#5169,#5171,.T.);
#5169 = VERTEX_POINT('',#5170);
#5170 = CARTESIAN_POINT('',(3.612708057485E-16,-3.612708057485E-16,2.95)
  );
#5171 = LINE('',#5172,#5173);
#5172 = CARTESIAN_POINT('',(3.612708057485E-16,0.,2.95));
#5173 = VECTOR('',#5174,1.);
#5174 = DIRECTION('',(-0.,-1.,-0.));
#5175 = ORIENTED_EDGE('',*,*,#5176,.F.);
#5176 = EDGE_CURVE('',#5177,#5169,#5179,.T.);
#5177 = VERTEX_POINT('',#5178);
#5178 = CARTESIAN_POINT('',(0.,-3.612708057485E-16,-2.95));
#5179 = CIRCLE('',#5180,2.95);
#5180 = AXIS2_PLACEMENT_3D('',#5181,#5182,#5183);
#5181 = CARTESIAN_POINT('',(0.,-3.612708057485E-16,0.));
#5182 = DIRECTION('',(0.,-1.,-0.));
#5183 = DIRECTION('',(0.,0.,-1.));
#5184 = ORIENTED_EDGE('',*,*,#5185,.F.);
#5185 = EDGE_CURVE('',#5158,#5177,#5186,.T.);
#5186 = LINE('',#5187,#5188);
#5187 = CARTESIAN_POINT('',(0.,0.,-2.95));
#5188 = VECTOR('',#5189,1.);
#5189 = DIRECTION('',(-0.,-1.,-0.));
#5190 = CYLINDRICAL_SURFACE('',#5191,2.95);
#5191 = AXIS2_PLACEMENT_3D('',#5192,#5193,#5194);
#5192 = CARTESIAN_POINT('',(0.,0.,0.));
#5193 = DIRECTION('',(-0.,-1.,-0.));
#5194 = DIRECTION('',(0.,0.,-1.));
#5195 = ADVANCED_FACE('',(#5196),#5223,.T.);
#5196 = FACE_BOUND('',#5197,.T.);
#5197 = EDGE_LOOP('',(#5198,#5207,#5208,#5217));
#5198 = ORIENTED_EDGE('',*,*,#5199,.T.);
#5199 = EDGE_CURVE('',#5200,#5158,#5202,.T.);
#5200 = VERTEX_POINT('',#5201);
#5201 = CARTESIAN_POINT('',(-2.5,1.,-1.566045976337));
#5202 = CIRCLE('',#5203,2.95);
#5203 = AXIS2_PLACEMENT_3D('',#5204,#5205,#5206);
#5204 = CARTESIAN_POINT('',(0.,1.,0.));
#5205 = DIRECTION('',(0.,-1.,-0.));
#5206 = DIRECTION('',(0.,0.,-1.));
#5207 = ORIENTED_EDGE('',*,*,#5185,.T.);
#5208 = ORIENTED_EDGE('',*,*,#5209,.F.);
#5209 = EDGE_CURVE('',#5210,#5177,#5212,.T.);
#5210 = VERTEX_POINT('',#5211);
#5211 = CARTESIAN_POINT('',(-2.5,-3.612727868938E-16,-1.566045976337));
#5212 = CIRCLE('',#5213,2.95);
#5213 = AXIS2_PLACEMENT_3D('',#5214,#5215,#5216);
#5214 = CARTESIAN_POINT('',(0.,-3.612708057485E-16,0.));
#5215 = DIRECTION('',(0.,-1.,-0.));
#5216 = DIRECTION('',(0.,0.,-1.));
#5217 = ORIENTED_EDGE('',*,*,#5218,.F.);
#5218 = EDGE_CURVE('',#5200,#5210,#5219,.T.);
#5219 = LINE('',#5220,#5221);
#5220 = CARTESIAN_POINT('',(-2.5,0.,-1.566045976337));
#5221 = VECTOR('',#5222,1.);
#5222 = DIRECTION('',(-0.,-1.,-0.));
#5223 = CYLINDRICAL_SURFACE('',#5224,2.95);
#5224 = AXIS2_PLACEMENT_3D('',#5225,#5226,#5227);
#5225 = CARTESIAN_POINT('',(0.,0.,0.));
#5226 = DIRECTION('',(-0.,-1.,-0.));
#5227 = DIRECTION('',(0.,0.,-1.));
#5228 = ADVANCED_FACE('',(#5229),#5248,.F.);
#5229 = FACE_BOUND('',#5230,.T.);
#5230 = EDGE_LOOP('',(#5231,#5239,#5240,#5241));
#5231 = ORIENTED_EDGE('',*,*,#5232,.F.);
#5232 = EDGE_CURVE('',#5210,#5233,#5235,.T.);
#5233 = VERTEX_POINT('',#5234);
#5234 = CARTESIAN_POINT('',(-2.5,-3.612708057485E-16,1.566045976337));
#5235 = LINE('',#5236,#5237);
#5236 = CARTESIAN_POINT('',(-2.5,-1.806354028742E-16,0.));
#5237 = VECTOR('',#5238,1.);
#5238 = DIRECTION('',(0.,0.,1.));
#5239 = ORIENTED_EDGE('',*,*,#5209,.T.);
#5240 = ORIENTED_EDGE('',*,*,#5176,.T.);
#5241 = ORIENTED_EDGE('',*,*,#5242,.T.);
#5242 = EDGE_CURVE('',#5169,#5233,#5243,.T.);
#5243 = CIRCLE('',#5244,2.95);
#5244 = AXIS2_PLACEMENT_3D('',#5245,#5246,#5247);
#5245 = CARTESIAN_POINT('',(0.,-3.612708057485E-16,0.));
#5246 = DIRECTION('',(0.,-1.,-0.));
#5247 = DIRECTION('',(0.,0.,-1.));
#5248 = PLANE('',#5249);
#5249 = AXIS2_PLACEMENT_3D('',#5250,#5251,#5252);
#5250 = CARTESIAN_POINT('',(0.,-1.806354028742E-16,0.));
#5251 = DIRECTION('',(0.,1.,0.));
#5252 = DIRECTION('',(0.,-0.,1.));
#5253 = ADVANCED_FACE('',(#5254),#5273,.T.);
#5254 = FACE_BOUND('',#5255,.T.);
#5255 = EDGE_LOOP('',(#5256,#5257,#5266,#5272));
#5256 = ORIENTED_EDGE('',*,*,#5168,.F.);
#5257 = ORIENTED_EDGE('',*,*,#5258,.T.);
#5258 = EDGE_CURVE('',#5160,#5259,#5261,.T.);
#5259 = VERTEX_POINT('',#5260);
#5260 = CARTESIAN_POINT('',(-2.5,1.,1.566045976337));
#5261 = CIRCLE('',#5262,2.95);
#5262 = AXIS2_PLACEMENT_3D('',#5263,#5264,#5265);
#5263 = CARTESIAN_POINT('',(0.,1.,0.));
#5264 = DIRECTION('',(0.,-1.,-0.));
#5265 = DIRECTION('',(0.,0.,-1.));
#5266 = ORIENTED_EDGE('',*,*,#5267,.F.);
#5267 = EDGE_CURVE('',#5233,#5259,#5268,.T.);
#5268 = LINE('',#5269,#5270);
#5269 = CARTESIAN_POINT('',(-2.5,0.,1.566045976337));
#5270 = VECTOR('',#5271,1.);
#5271 = DIRECTION('',(0.,1.,0.));
#5272 = ORIENTED_EDGE('',*,*,#5242,.F.);
#5273 = CYLINDRICAL_SURFACE('',#5274,2.95);
#5274 = AXIS2_PLACEMENT_3D('',#5275,#5276,#5277);
#5275 = CARTESIAN_POINT('',(0.,0.,0.));
#5276 = DIRECTION('',(-0.,-1.,-0.));
#5277 = DIRECTION('',(0.,0.,-1.));
#5278 = ADVANCED_FACE('',(#5279,#5298),#5315,.F.);
#5279 = FACE_BOUND('',#5280,.F.);
#5280 = EDGE_LOOP('',(#5281,#5290,#5291));
#5281 = ORIENTED_EDGE('',*,*,#5282,.F.);
#5282 = EDGE_CURVE('',#5127,#5283,#5285,.T.);
#5283 = VERTEX_POINT('',#5284);
#5284 = CARTESIAN_POINT('',(-2.5,1.,0.));
#5285 = CIRCLE('',#5286,2.5);
#5286 = AXIS2_PLACEMENT_3D('',#5287,#5288,#5289);
#5287 = CARTESIAN_POINT('',(0.,1.,0.));
#5288 = DIRECTION('',(0.,-1.,-0.));
#5289 = DIRECTION('',(0.,0.,-1.));
#5290 = ORIENTED_EDGE('',*,*,#5134,.F.);
#5291 = ORIENTED_EDGE('',*,*,#5292,.F.);
#5292 = EDGE_CURVE('',#5283,#5135,#5293,.T.);
#5293 = CIRCLE('',#5294,2.5);
#5294 = AXIS2_PLACEMENT_3D('',#5295,#5296,#5297);
#5295 = CARTESIAN_POINT('',(0.,1.,0.));
#5296 = DIRECTION('',(0.,-1.,-0.));
#5297 = DIRECTION('',(0.,0.,-1.));
#5298 = FACE_BOUND('',#5299,.F.);
#5299 = EDGE_LOOP('',(#5300,#5306,#5307,#5308,#5309));
#5300 = ORIENTED_EDGE('',*,*,#5301,.T.);
#5301 = EDGE_CURVE('',#5283,#5200,#5302,.T.);
#5302 = LINE('',#5303,#5304);
#5303 = CARTESIAN_POINT('',(-2.5,1.,0.));
#5304 = VECTOR('',#5305,1.);
#5305 = DIRECTION('',(0.,0.,-1.));
#5306 = ORIENTED_EDGE('',*,*,#5199,.T.);
#5307 = ORIENTED_EDGE('',*,*,#5157,.T.);
#5308 = ORIENTED_EDGE('',*,*,#5258,.T.);
#5309 = ORIENTED_EDGE('',*,*,#5310,.T.);
#5310 = EDGE_CURVE('',#5259,#5283,#5311,.T.);
#5311 = LINE('',#5312,#5313);
#5312 = CARTESIAN_POINT('',(-2.5,1.,0.));
#5313 = VECTOR('',#5314,1.);
#5314 = DIRECTION('',(0.,0.,-1.));
#5315 = PLANE('',#5316);
#5316 = AXIS2_PLACEMENT_3D('',#5317,#5318,#5319);
#5317 = CARTESIAN_POINT('',(-2.95,1.,0.));
#5318 = DIRECTION('',(0.,-1.,-0.));
#5319 = DIRECTION('',(0.,0.,-1.));
#5320 = ADVANCED_FACE('',(#5321),#5335,.T.);
#5321 = FACE_BOUND('',#5322,.T.);
#5322 = EDGE_LOOP('',(#5323,#5324,#5331,#5332,#5333,#5334));
#5323 = ORIENTED_EDGE('',*,*,#5126,.F.);
#5324 = ORIENTED_EDGE('',*,*,#5325,.T.);
#5325 = EDGE_CURVE('',#5118,#5075,#5326,.T.);
#5326 = CIRCLE('',#5327,2.5);
#5327 = AXIS2_PLACEMENT_3D('',#5328,#5329,#5330);
#5328 = CARTESIAN_POINT('',(0.,6.1,0.));
#5329 = DIRECTION('',(0.,-1.,-0.));
#5330 = DIRECTION('',(0.,0.,-1.));
#5331 = ORIENTED_EDGE('',*,*,#5101,.T.);
#5332 = ORIENTED_EDGE('',*,*,#5143,.T.);
#5333 = ORIENTED_EDGE('',*,*,#5292,.F.);
#5334 = ORIENTED_EDGE('',*,*,#5282,.F.);
#5335 = CYLINDRICAL_SURFACE('',#5336,2.5);
#5336 = AXIS2_PLACEMENT_3D('',#5337,#5338,#5339);
#5337 = CARTESIAN_POINT('',(0.,0.,0.));
#5338 = DIRECTION('',(-0.,-1.,-0.));
#5339 = DIRECTION('',(0.,0.,-1.));
#5340 = ADVANCED_FACE('',(#5341),#5347,.T.);
#5341 = FACE_BOUND('',#5342,.T.);
#5342 = EDGE_LOOP('',(#5343,#5344,#5345,#5346));
#5343 = ORIENTED_EDGE('',*,*,#5083,.F.);
#5344 = ORIENTED_EDGE('',*,*,#5072,.T.);
#5345 = ORIENTED_EDGE('',*,*,#5325,.F.);
#5346 = ORIENTED_EDGE('',*,*,#5117,.F.);
#5347 = SPHERICAL_SURFACE('',#5348,2.5);
#5348 = AXIS2_PLACEMENT_3D('',#5349,#5350,#5351);
#5349 = CARTESIAN_POINT('',(0.,6.1,0.));
#5350 = DIRECTION('',(-0.,-0.,-1.));
#5351 = DIRECTION('',(-1.,0.,0.));
#5352 = ADVANCED_FACE('',(#5353),#5360,.T.);
#5353 = FACE_BOUND('',#5354,.T.);
#5354 = EDGE_LOOP('',(#5355,#5356,#5357,#5358,#5359));
#5355 = ORIENTED_EDGE('',*,*,#5310,.T.);
#5356 = ORIENTED_EDGE('',*,*,#5301,.T.);
#5357 = ORIENTED_EDGE('',*,*,#5218,.T.);
#5358 = ORIENTED_EDGE('',*,*,#5232,.T.);
#5359 = ORIENTED_EDGE('',*,*,#5267,.T.);
#5360 = PLANE('',#5361);
#5361 = AXIS2_PLACEMENT_3D('',#5362,#5363,#5364);
#5362 = CARTESIAN_POINT('',(-2.5,8.6,3.));
#5363 = DIRECTION('',(-1.,0.,-0.));
#5364 = DIRECTION('',(0.,0.,1.));
#5365 = MANIFOLD_SOLID_BREP('',#5366);
#5366 = CLOSED_SHELL('',(#5367,#5409,#5470,#5511,#5552,#5570,#5621,#5658
    ,#5683,#5708,#5742,#5760,#5794));
#5367 = ADVANCED_FACE('',(#5368),#5404,.T.);
#5368 = FACE_BOUND('',#5369,.T.);
#5369 = EDGE_LOOP('',(#5370,#5381,#5389,#5398));
#5370 = ORIENTED_EDGE('',*,*,#5371,.T.);
#5371 = EDGE_CURVE('',#5372,#5374,#5376,.T.);
#5372 = VERTEX_POINT('',#5373);
#5373 = CARTESIAN_POINT('',(-1.27,-0.36528538,0.6));
#5374 = VERTEX_POINT('',#5375);
#5375 = CARTESIAN_POINT('',(-1.27,-0.36528538,-0.6));
#5376 = CIRCLE('',#5377,0.6);
#5377 = AXIS2_PLACEMENT_3D('',#5378,#5379,#5380);
#5378 = CARTESIAN_POINT('',(-1.27,-0.36528538,0.));
#5379 = DIRECTION('',(-0.,1.,0.));
#5380 = DIRECTION('',(0.,0.,-1.));
#5381 = ORIENTED_EDGE('',*,*,#5382,.T.);
#5382 = EDGE_CURVE('',#5374,#5383,#5385,.T.);
#5383 = VERTEX_POINT('',#5384);
#5384 = CARTESIAN_POINT('',(-1.27,0.,-0.6));
#5385 = LINE('',#5386,#5387);
#5386 = CARTESIAN_POINT('',(-1.27,-0.91528538,-0.6));
#5387 = VECTOR('',#5388,1.);
#5388 = DIRECTION('',(-0.,1.,-0.));
#5389 = ORIENTED_EDGE('',*,*,#5390,.T.);
#5390 = EDGE_CURVE('',#5383,#5391,#5393,.T.);
#5391 = VERTEX_POINT('',#5392);
#5392 = CARTESIAN_POINT('',(-1.27,0.,0.6));
#5393 = CIRCLE('',#5394,0.6);
#5394 = AXIS2_PLACEMENT_3D('',#5395,#5396,#5397);
#5395 = CARTESIAN_POINT('',(-1.27,0.,0.));
#5396 = DIRECTION('',(0.,-1.,0.));
#5397 = DIRECTION('',(0.,0.,-1.));
#5398 = ORIENTED_EDGE('',*,*,#5399,.F.);
#5399 = EDGE_CURVE('',#5372,#5391,#5400,.T.);
#5400 = LINE('',#5401,#5402);
#5401 = CARTESIAN_POINT('',(-1.27,-0.91528538,0.6));
#5402 = VECTOR('',#5403,1.);
#5403 = DIRECTION('',(-0.,1.,-0.));
#5404 = CYLINDRICAL_SURFACE('',#5405,0.6);
#5405 = AXIS2_PLACEMENT_3D('',#5406,#5407,#5408);
#5406 = CARTESIAN_POINT('',(-1.27,-0.91528538,0.));
#5407 = DIRECTION('',(-0.,1.,-0.));
#5408 = DIRECTION('',(0.,0.,1.));
#5409 = ADVANCED_FACE('',(#5410),#5458,.T.);
#5410 = FACE_BOUND('',#5411,.T.);
#5411 = EDGE_LOOP('',(#5412,#5413,#5422,#5431,#5442,#5451));
#5412 = ORIENTED_EDGE('',*,*,#5371,.F.);
#5413 = ORIENTED_EDGE('',*,*,#5414,.T.);
#5414 = EDGE_CURVE('',#5372,#5415,#5417,.T.);
#5415 = VERTEX_POINT('',#5416);
#5416 = CARTESIAN_POINT('',(-1.27,-0.83053322315,0.343333333333));
#5417 = CIRCLE('',#5418,0.55);
#5418 = AXIS2_PLACEMENT_3D('',#5419,#5420,#5421);
#5419 = CARTESIAN_POINT('',(-1.27,-0.36528538,5.E-02));
#5420 = DIRECTION('',(1.,0.,-1.224646799147E-16));
#5421 = DIRECTION('',(-1.224646799147E-16,-0.,-1.));
#5422 = ORIENTED_EDGE('',*,*,#5423,.T.);
#5423 = EDGE_CURVE('',#5415,#5424,#5426,.T.);
#5424 = VERTEX_POINT('',#5425);
#5425 = CARTESIAN_POINT('',(-0.930571909585,-0.708184087733,
    0.339428090416));
#5426 = B_SPLINE_CURVE_WITH_KNOTS('',3,(#5427,#5428,#5429,#5430),
  .UNSPECIFIED.,.F.,.F.,(4,4),(3.669106867986E-04,7.350412846847E-04),
  .PIECEWISE_BEZIER_KNOTS.);
#5427 = CARTESIAN_POINT('',(-1.27,-0.83053322315,0.343333333333));
#5428 = CARTESIAN_POINT('',(-1.145870192876,-0.83053322315,
    0.343333333333));
#5429 = CARTESIAN_POINT('',(-1.024215693663,-0.790055185495,
    0.340746950613));
#5430 = CARTESIAN_POINT('',(-0.930571909585,-0.708184087733,
    0.339428090416));
#5431 = ORIENTED_EDGE('',*,*,#5432,.T.);
#5432 = EDGE_CURVE('',#5424,#5433,#5435,.T.);
#5433 = VERTEX_POINT('',#5434);
#5434 = CARTESIAN_POINT('',(-0.930571909585,-0.708184087733,
    -0.339428090416));
#5435 = B_SPLINE_CURVE_WITH_KNOTS('',3,(#5436,#5437,#5438,#5439,#5440,
    #5441),.UNSPECIFIED.,.F.,.F.,(4,2,4),(8.924087115509E-16,
    3.675206423427E-04,7.350412846845E-04),.UNSPECIFIED.);
#5436 = CARTESIAN_POINT('',(-0.930571909585,-0.708184087733,
    0.339428090416));
#5437 = CARTESIAN_POINT('',(-0.929256010888,-0.789871343906,0.2459945835
    ));
#5438 = CARTESIAN_POINT('',(-0.926658041766,-0.83066781193,
    0.123284811925));
#5439 = CARTESIAN_POINT('',(-0.926675334621,-0.830397962527,
    -0.124518724522));
#5440 = CARTESIAN_POINT('',(-0.929255234607,-0.789919533283,
    -0.245939464712));
#5441 = CARTESIAN_POINT('',(-0.930571909585,-0.708184087733,
    -0.339428090416));
#5442 = ORIENTED_EDGE('',*,*,#5443,.T.);
#5443 = EDGE_CURVE('',#5433,#5444,#5446,.T.);
#5444 = VERTEX_POINT('',#5445);
#5445 = CARTESIAN_POINT('',(-1.27,-0.83053322315,-0.343333333333));
#5446 = B_SPLINE_CURVE_WITH_KNOTS('',3,(#5447,#5448,#5449,#5450),
  .UNSPECIFIED.,.F.,.F.,(4,4),(0.,3.669106867986E-04),
  .PIECEWISE_BEZIER_KNOTS.);
#5447 = CARTESIAN_POINT('',(-0.930571909585,-0.708184087733,
    -0.339428090416));
#5448 = CARTESIAN_POINT('',(-1.023850349603,-0.789735771671,
    -0.340741805181));
#5449 = CARTESIAN_POINT('',(-1.146281534201,-0.83053322315,
    -0.343333333333));
#5450 = CARTESIAN_POINT('',(-1.27,-0.83053322315,-0.343333333333));
#5451 = ORIENTED_EDGE('',*,*,#5452,.F.);
#5452 = EDGE_CURVE('',#5374,#5444,#5453,.T.);
#5453 = CIRCLE('',#5454,0.55);
#5454 = AXIS2_PLACEMENT_3D('',#5455,#5456,#5457);
#5455 = CARTESIAN_POINT('',(-1.27,-0.36528538,-5.E-02));
#5456 = DIRECTION('',(-1.,0.,-0.));
#5457 = DIRECTION('',(-0.,0.,1.));
#5458 = SURFACE_OF_REVOLUTION('',#5459,#5467);
#5459 = B_SPLINE_CURVE_WITH_KNOTS('',6,(#5460,#5461,#5462,#5463,#5464,
    #5465,#5466),.UNSPECIFIED.,.F.,.F.,(7,7),(0.,1.008260085193),
  .PIECEWISE_BEZIER_KNOTS.);
#5460 = CARTESIAN_POINT('',(-1.27,-0.36528538,-0.6));
#5461 = CARTESIAN_POINT('',(-1.27,-0.457709221143,-0.6));
#5462 = CARTESIAN_POINT('',(-1.27,-0.550132402892,-0.581362867522));
#5463 = CARTESIAN_POINT('',(-1.27,-0.637861660483,-0.544086465511));
#5464 = CARTESIAN_POINT('',(-1.27,-0.716182898862,-0.489756580519));
#5465 = CARTESIAN_POINT('',(-1.27,-0.781240508967,-0.421515137105));
#5466 = CARTESIAN_POINT('',(-1.27,-0.830533224013,-0.343333331965));
#5467 = AXIS1_PLACEMENT('',#5468,#5469);
#5468 = CARTESIAN_POINT('',(-1.27,-0.36528538,0.));
#5469 = DIRECTION('',(0.,-1.,0.));
#5470 = ADVANCED_FACE('',(#5471),#5506,.F.);
#5471 = FACE_BOUND('',#5472,.T.);
#5472 = EDGE_LOOP('',(#5473,#5484,#5492,#5500));
#5473 = ORIENTED_EDGE('',*,*,#5474,.T.);
#5474 = EDGE_CURVE('',#5475,#5477,#5479,.T.);
#5475 = VERTEX_POINT('',#5476);
#5476 = CARTESIAN_POINT('',(-1.02,-0.953909326765,0.25));
#5477 = VERTEX_POINT('',#5478);
#5478 = CARTESIAN_POINT('',(-1.52,-0.953909326765,0.25));
#5479 = B_SPLINE_CURVE_WITH_KNOTS('',3,(#5480,#5481,#5482,#5483),
  .UNSPECIFIED.,.F.,.F.,(4,4),(0.,5.149310952809E-04),
  .PIECEWISE_BEZIER_KNOTS.);
#5480 = CARTESIAN_POINT('',(-1.02,-0.953909326765,0.25));
#5481 = CARTESIAN_POINT('',(-1.180275992135,-1.015369879129,0.25));
#5482 = CARTESIAN_POINT('',(-1.359756974635,-1.015357237461,0.25));
#5483 = CARTESIAN_POINT('',(-1.52,-0.953909326765,0.25));
#5484 = ORIENTED_EDGE('',*,*,#5485,.F.);
#5485 = EDGE_CURVE('',#5486,#5477,#5488,.T.);
#5486 = VERTEX_POINT('',#5487);
#5487 = CARTESIAN_POINT('',(-1.52,-4.336808689942E-16,0.25));
#5488 = LINE('',#5489,#5490);
#5489 = CARTESIAN_POINT('',(-1.52,-3.,0.25));
#5490 = VECTOR('',#5491,1.);
#5491 = DIRECTION('',(0.,-1.,0.));
#5492 = ORIENTED_EDGE('',*,*,#5493,.F.);
#5493 = EDGE_CURVE('',#5494,#5486,#5496,.T.);
#5494 = VERTEX_POINT('',#5495);
#5495 = CARTESIAN_POINT('',(-1.02,0.,0.25));
#5496 = LINE('',#5497,#5498);
#5497 = CARTESIAN_POINT('',(-1.27,0.,0.25));
#5498 = VECTOR('',#5499,1.);
#5499 = DIRECTION('',(-1.,0.,-0.));
#5500 = ORIENTED_EDGE('',*,*,#5501,.F.);
#5501 = EDGE_CURVE('',#5475,#5494,#5502,.T.);
#5502 = LINE('',#5503,#5504);
#5503 = CARTESIAN_POINT('',(-1.02,-3.,0.25));
#5504 = VECTOR('',#5505,1.);
#5505 = DIRECTION('',(0.,1.,0.));
#5506 = PLANE('',#5507);
#5507 = AXIS2_PLACEMENT_3D('',#5508,#5509,#5510);
#5508 = CARTESIAN_POINT('',(-1.02,-3.,0.25));
#5509 = DIRECTION('',(0.,-0.,1.));
#5510 = DIRECTION('',(1.,0.,0.));
#5511 = ADVANCED_FACE('',(#5512,#5522),#5547,.F.);
#5512 = FACE_BOUND('',#5513,.T.);
#5513 = EDGE_LOOP('',(#5514,#5521));
#5514 = ORIENTED_EDGE('',*,*,#5515,.F.);
#5515 = EDGE_CURVE('',#5391,#5383,#5516,.T.);
#5516 = CIRCLE('',#5517,0.6);
#5517 = AXIS2_PLACEMENT_3D('',#5518,#5519,#5520);
#5518 = CARTESIAN_POINT('',(-1.27,0.,0.));
#5519 = DIRECTION('',(0.,-1.,0.));
#5520 = DIRECTION('',(0.,0.,-1.));
#5521 = ORIENTED_EDGE('',*,*,#5390,.F.);
#5522 = FACE_BOUND('',#5523,.T.);
#5523 = EDGE_LOOP('',(#5524,#5525,#5533,#5541));
#5524 = ORIENTED_EDGE('',*,*,#5493,.T.);
#5525 = ORIENTED_EDGE('',*,*,#5526,.F.);
#5526 = EDGE_CURVE('',#5527,#5486,#5529,.T.);
#5527 = VERTEX_POINT('',#5528);
#5528 = CARTESIAN_POINT('',(-1.52,0.,-0.25));
#5529 = LINE('',#5530,#5531);
#5530 = CARTESIAN_POINT('',(-1.52,-4.336808689942E-16,0.25));
#5531 = VECTOR('',#5532,1.);
#5532 = DIRECTION('',(0.,0.,1.));
#5533 = ORIENTED_EDGE('',*,*,#5534,.T.);
#5534 = EDGE_CURVE('',#5527,#5535,#5537,.T.);
#5535 = VERTEX_POINT('',#5536);
#5536 = CARTESIAN_POINT('',(-1.02,-4.336808689942E-16,-0.25));
#5537 = LINE('',#5538,#5539);
#5538 = CARTESIAN_POINT('',(-1.27,0.,-0.25));
#5539 = VECTOR('',#5540,1.);
#5540 = DIRECTION('',(1.,0.,0.));
#5541 = ORIENTED_EDGE('',*,*,#5542,.F.);
#5542 = EDGE_CURVE('',#5494,#5535,#5543,.T.);
#5543 = LINE('',#5544,#5545);
#5544 = CARTESIAN_POINT('',(-1.02,-4.336808689942E-16,-0.25));
#5545 = VECTOR('',#5546,1.);
#5546 = DIRECTION('',(0.,0.,-1.));
#5547 = PLANE('',#5548);
#5548 = AXIS2_PLACEMENT_3D('',#5549,#5550,#5551);
#5549 = CARTESIAN_POINT('',(-1.27,0.,0.));
#5550 = DIRECTION('',(0.,-1.,0.));
#5551 = DIRECTION('',(0.,-0.,-1.));
#5552 = ADVANCED_FACE('',(#5553),#5565,.T.);
#5553 = FACE_BOUND('',#5554,.T.);
#5554 = EDGE_LOOP('',(#5555,#5556,#5563,#5564));
#5555 = ORIENTED_EDGE('',*,*,#5382,.F.);
#5556 = ORIENTED_EDGE('',*,*,#5557,.T.);
#5557 = EDGE_CURVE('',#5374,#5372,#5558,.T.);
#5558 = CIRCLE('',#5559,0.6);
#5559 = AXIS2_PLACEMENT_3D('',#5560,#5561,#5562);
#5560 = CARTESIAN_POINT('',(-1.27,-0.36528538,0.));
#5561 = DIRECTION('',(-0.,1.,0.));
#5562 = DIRECTION('',(0.,0.,-1.));
#5563 = ORIENTED_EDGE('',*,*,#5399,.T.);
#5564 = ORIENTED_EDGE('',*,*,#5515,.T.);
#5565 = CYLINDRICAL_SURFACE('',#5566,0.6);
#5566 = AXIS2_PLACEMENT_3D('',#5567,#5568,#5569);
#5567 = CARTESIAN_POINT('',(-1.27,-0.91528538,0.));
#5568 = DIRECTION('',(-0.,1.,-0.));
#5569 = DIRECTION('',(0.,0.,1.));
#5570 = ADVANCED_FACE('',(#5571),#5602,.F.);
#5571 = FACE_BOUND('',#5572,.F.);
#5572 = EDGE_LOOP('',(#5573,#5584,#5591,#5592,#5601));
#5573 = ORIENTED_EDGE('',*,*,#5574,.F.);
#5574 = EDGE_CURVE('',#5575,#5477,#5577,.T.);
#5575 = VERTEX_POINT('',#5576);
#5576 = CARTESIAN_POINT('',(-1.609428090415,-0.708184087733,
    0.339428090416));
#5577 = B_SPLINE_CURVE_WITH_KNOTS('',3,(#5578,#5579,#5580,#5581,#5582,
    #5583),.UNSPECIFIED.,.F.,.F.,(4,2,4),(-2.566325591967E-06,
    1.382116633846E-04,2.789896523612E-04),.UNSPECIFIED.);
#5578 = CARTESIAN_POINT('',(-1.609428090415,-0.708184087733,
    0.339428090416));
#5579 = CARTESIAN_POINT('',(-1.588740892469,-0.744873716806,
    0.318740892466));
#5580 = CARTESIAN_POINT('',(-1.56808719709,-0.781725486939,0.29808719709
    ));
#5581 = CARTESIAN_POINT('',(-1.534076309238,-0.86170348181,
    0.264076309238));
#5582 = CARTESIAN_POINT('',(-1.52,-0.90613131984,0.25));
#5583 = CARTESIAN_POINT('',(-1.52,-0.953909326765,0.25));
#5584 = ORIENTED_EDGE('',*,*,#5585,.T.);
#5585 = EDGE_CURVE('',#5575,#5415,#5586,.T.);
#5586 = B_SPLINE_CURVE_WITH_KNOTS('',3,(#5587,#5588,#5589,#5590),
  .UNSPECIFIED.,.F.,.F.,(4,4),(0.,3.669106867986E-04),
  .PIECEWISE_BEZIER_KNOTS.);
#5587 = CARTESIAN_POINT('',(-1.609428090415,-0.708184087733,
    0.339428090416));
#5588 = CARTESIAN_POINT('',(-1.516149650397,-0.789735771671,
    0.340741805181));
#5589 = CARTESIAN_POINT('',(-1.393718465799,-0.83053322315,
    0.343333333333));
#5590 = CARTESIAN_POINT('',(-1.27,-0.83053322315,0.343333333333));
#5591 = ORIENTED_EDGE('',*,*,#5423,.T.);
#5592 = ORIENTED_EDGE('',*,*,#5593,.T.);
#5593 = EDGE_CURVE('',#5424,#5475,#5594,.T.);
#5594 = B_SPLINE_CURVE_WITH_KNOTS('',3,(#5595,#5596,#5597,#5598,#5599,
    #5600),.UNSPECIFIED.,.F.,.F.,(4,2,4),(-2.566325591965E-06,
    1.382116633846E-04,2.789896523612E-04),.UNSPECIFIED.);
#5595 = CARTESIAN_POINT('',(-0.930571909585,-0.708184087733,
    0.339428090416));
#5596 = CARTESIAN_POINT('',(-0.951259107534,-0.744873716806,
    0.318740892469));
#5597 = CARTESIAN_POINT('',(-0.97191280291,-0.781725486939,0.29808719709
    ));
#5598 = CARTESIAN_POINT('',(-1.005923690762,-0.86170348181,
    0.264076309238));
#5599 = CARTESIAN_POINT('',(-1.02,-0.90613131984,0.25));
#5600 = CARTESIAN_POINT('',(-1.02,-0.953909326765,0.25));
#5601 = ORIENTED_EDGE('',*,*,#5474,.T.);
#5602 = ( BOUNDED_SURFACE() B_SPLINE_SURFACE(3,2,(
    (#5603,#5604,#5605)
    ,(#5606,#5607,#5608)
    ,(#5609,#5610,#5611)
    ,(#5612,#5613,#5614)
    ,(#5615,#5616,#5617)
    ,(#5618,#5619,#5620
)),.UNSPECIFIED.,.F.,.F.,.F.) B_SPLINE_SURFACE_WITH_KNOTS((4,2,4),(3,3),
  (1.040290242745E-03,1.535147072079E-03,2.030003901413E-03),(0.,1.),
.UNSPECIFIED.) GEOMETRIC_REPRESENTATION_ITEM() RATIONAL_B_SPLINE_SURFACE
((
    (1.,0.881218111854,1.)
    ,(1.,0.879721282842,1.)
    ,(1.,0.875586404508,1.)
    ,(1.,0.875603695599,1.)
    ,(1.,0.879714376944,1.)
,(1.,0.881217888699,1.))) REPRESENTATION_ITEM('') SURFACE() );
#5603 = CARTESIAN_POINT('',(-1.612718706114,-0.705279813609,
    0.339381855736));
#5604 = CARTESIAN_POINT('',(-1.652499652031,-0.749308797281,0.25));
#5605 = CARTESIAN_POINT('',(-1.724424463609,-0.828914153103,0.25));
#5606 = CARTESIAN_POINT('',(-1.520997771493,-0.787000941821,
    0.340667528821));
#5607 = CARTESIAN_POINT('',(-1.548812920009,-0.841647053409,0.25));
#5608 = CARTESIAN_POINT('',(-1.600744718246,-0.940660827876,0.25));
#5609 = CARTESIAN_POINT('',(-1.396900720324,-0.830627582642,
    0.34333938767));
#5610 = CARTESIAN_POINT('',(-1.410615335025,-0.889482905277,0.25));
#5611 = CARTESIAN_POINT('',(-1.436326217414,-0.999842910997,0.25));
#5612 = CARTESIAN_POINT('',(-1.142258090116,-0.830438551419,
    0.343327258987));
#5613 = CARTESIAN_POINT('',(-1.128455360396,-0.889274352548,0.25));
#5614 = CARTESIAN_POINT('',(-1.102571252549,-0.999585177268,0.25));
#5615 = CARTESIAN_POINT('',(-1.019354025493,-0.787309113319,
    0.340672436988));
#5616 = CARTESIAN_POINT('',(-0.991576924084,-0.841988366663,0.25));
#5617 = CARTESIAN_POINT('',(-0.939710578855,-0.941065184885,0.25));
#5618 = CARTESIAN_POINT('',(-0.927292517234,-0.70528981302,
    0.339382013054));
#5619 = CARTESIAN_POINT('',(-0.887512985504,-0.749320051288,0.25));
#5620 = CARTESIAN_POINT('',(-0.815590628518,-0.828927788663,0.25));
#5621 = ADVANCED_FACE('',(#5622),#5646,.T.);
#5622 = FACE_BOUND('',#5623,.T.);
#5623 = EDGE_LOOP('',(#5624,#5625,#5626,#5627,#5636,#5645));
#5624 = ORIENTED_EDGE('',*,*,#5414,.F.);
#5625 = ORIENTED_EDGE('',*,*,#5557,.F.);
#5626 = ORIENTED_EDGE('',*,*,#5452,.T.);
#5627 = ORIENTED_EDGE('',*,*,#5628,.T.);
#5628 = EDGE_CURVE('',#5444,#5629,#5631,.T.);
#5629 = VERTEX_POINT('',#5630);
#5630 = CARTESIAN_POINT('',(-1.609428090416,-0.708184087733,
    -0.339428090415));
#5631 = B_SPLINE_CURVE_WITH_KNOTS('',3,(#5632,#5633,#5634,#5635),
  .UNSPECIFIED.,.F.,.F.,(4,4),(3.669106867986E-04,7.35041284685E-04),
  .PIECEWISE_BEZIER_KNOTS.);
#5632 = CARTESIAN_POINT('',(-1.27,-0.83053322315,-0.343333333333));
#5633 = CARTESIAN_POINT('',(-1.394129807124,-0.83053322315,
    -0.343333333333));
#5634 = CARTESIAN_POINT('',(-1.515784306337,-0.790055185496,
    -0.340746950613));
#5635 = CARTESIAN_POINT('',(-1.609428090416,-0.708184087733,
    -0.339428090415));
#5636 = ORIENTED_EDGE('',*,*,#5637,.T.);
#5637 = EDGE_CURVE('',#5629,#5575,#5638,.T.);
#5638 = B_SPLINE_CURVE_WITH_KNOTS('',3,(#5639,#5640,#5641,#5642,#5643,
    #5644),.UNSPECIFIED.,.F.,.F.,(4,2,4),(0.,3.675206423425E-04,
    7.35041284685E-04),.UNSPECIFIED.);
#5639 = CARTESIAN_POINT('',(-1.609428090416,-0.708184087733,
    -0.339428090415));
#5640 = CARTESIAN_POINT('',(-1.610743989112,-0.789871343906,
    -0.2459945835));
#5641 = CARTESIAN_POINT('',(-1.613341958234,-0.830667811929,
    -0.123284811926));
#5642 = CARTESIAN_POINT('',(-1.613324665379,-0.830397962527,
    0.124518724521));
#5643 = CARTESIAN_POINT('',(-1.610744765393,-0.789919533283,
    0.245939464712));
#5644 = CARTESIAN_POINT('',(-1.609428090415,-0.708184087733,
    0.339428090416));
#5645 = ORIENTED_EDGE('',*,*,#5585,.T.);
#5646 = SURFACE_OF_REVOLUTION('',#5647,#5655);
#5647 = B_SPLINE_CURVE_WITH_KNOTS('',6,(#5648,#5649,#5650,#5651,#5652,
    #5653,#5654),.UNSPECIFIED.,.F.,.F.,(7,7),(0.,1.008260085193),
  .PIECEWISE_BEZIER_KNOTS.);
#5648 = CARTESIAN_POINT('',(-1.27,-0.36528538,-0.6));
#5649 = CARTESIAN_POINT('',(-1.27,-0.457709221143,-0.6));
#5650 = CARTESIAN_POINT('',(-1.27,-0.550132402892,-0.581362867522));
#5651 = CARTESIAN_POINT('',(-1.27,-0.637861660483,-0.544086465511));
#5652 = CARTESIAN_POINT('',(-1.27,-0.716182898862,-0.489756580519));
#5653 = CARTESIAN_POINT('',(-1.27,-0.781240508967,-0.421515137105));
#5654 = CARTESIAN_POINT('',(-1.27,-0.830533224013,-0.343333331965));
#5655 = AXIS1_PLACEMENT('',#5656,#5657);
#5656 = CARTESIAN_POINT('',(-1.27,-0.36528538,0.));
#5657 = DIRECTION('',(0.,-1.,0.));
#5658 = ADVANCED_FACE('',(#5659),#5678,.F.);
#5659 = FACE_BOUND('',#5660,.T.);
#5660 = EDGE_LOOP('',(#5661,#5662,#5663,#5672));
#5661 = ORIENTED_EDGE('',*,*,#5526,.T.);
#5662 = ORIENTED_EDGE('',*,*,#5485,.T.);
#5663 = ORIENTED_EDGE('',*,*,#5664,.T.);
#5664 = EDGE_CURVE('',#5477,#5665,#5667,.T.);
#5665 = VERTEX_POINT('',#5666);
#5666 = CARTESIAN_POINT('',(-1.52,-0.953909326765,-0.25));
#5667 = B_SPLINE_CURVE_WITH_KNOTS('',3,(#5668,#5669,#5670,#5671),
  .UNSPECIFIED.,.F.,.F.,(4,4),(0.,5.149310952809E-04),
  .PIECEWISE_BEZIER_KNOTS.);
#5668 = CARTESIAN_POINT('',(-1.52,-0.953909326765,0.25));
#5669 = CARTESIAN_POINT('',(-1.52,-1.015369879129,8.972400786539E-02));
#5670 = CARTESIAN_POINT('',(-1.52,-1.015357237461,-8.975697463469E-02));
#5671 = CARTESIAN_POINT('',(-1.52,-0.953909326765,-0.25));
#5672 = ORIENTED_EDGE('',*,*,#5673,.T.);
#5673 = EDGE_CURVE('',#5665,#5527,#5674,.T.);
#5674 = LINE('',#5675,#5676);
#5675 = CARTESIAN_POINT('',(-1.52,-3.,-0.25));
#5676 = VECTOR('',#5677,1.);
#5677 = DIRECTION('',(0.,1.,0.));
#5678 = PLANE('',#5679);
#5679 = AXIS2_PLACEMENT_3D('',#5680,#5681,#5682);
#5680 = CARTESIAN_POINT('',(-1.52,-2.,0.25));
#5681 = DIRECTION('',(-1.,-0.,0.));
#5682 = DIRECTION('',(0.,0.,1.));
#5683 = ADVANCED_FACE('',(#5684),#5703,.F.);
#5684 = FACE_BOUND('',#5685,.T.);
#5685 = EDGE_LOOP('',(#5686,#5695,#5696,#5697));
#5686 = ORIENTED_EDGE('',*,*,#5687,.T.);
#5687 = EDGE_CURVE('',#5688,#5475,#5690,.T.);
#5688 = VERTEX_POINT('',#5689);
#5689 = CARTESIAN_POINT('',(-1.02,-0.953909326765,-0.25));
#5690 = B_SPLINE_CURVE_WITH_KNOTS('',3,(#5691,#5692,#5693,#5694),
  .UNSPECIFIED.,.F.,.F.,(4,4),(0.,5.149310952809E-04),
  .PIECEWISE_BEZIER_KNOTS.);
#5691 = CARTESIAN_POINT('',(-1.02,-0.953909326765,-0.25));
#5692 = CARTESIAN_POINT('',(-1.02,-1.015369879129,-8.972400786539E-02));
#5693 = CARTESIAN_POINT('',(-1.02,-1.015357237461,8.975697463469E-02));
#5694 = CARTESIAN_POINT('',(-1.02,-0.953909326765,0.25));
#5695 = ORIENTED_EDGE('',*,*,#5501,.T.);
#5696 = ORIENTED_EDGE('',*,*,#5542,.T.);
#5697 = ORIENTED_EDGE('',*,*,#5698,.F.);
#5698 = EDGE_CURVE('',#5688,#5535,#5699,.T.);
#5699 = LINE('',#5700,#5701);
#5700 = CARTESIAN_POINT('',(-1.02,-2.,-0.25));
#5701 = VECTOR('',#5702,1.);
#5702 = DIRECTION('',(0.,1.,0.));
#5703 = PLANE('',#5704);
#5704 = AXIS2_PLACEMENT_3D('',#5705,#5706,#5707);
#5705 = CARTESIAN_POINT('',(-1.02,-2.,-0.25));
#5706 = DIRECTION('',(1.,0.,-0.));
#5707 = DIRECTION('',(-0.,0.,-1.));
#5708 = ADVANCED_FACE('',(#5709),#5723,.F.);
#5709 = FACE_BOUND('',#5710,.F.);
#5710 = EDGE_LOOP('',(#5711,#5712,#5713,#5722));
#5711 = ORIENTED_EDGE('',*,*,#5574,.T.);
#5712 = ORIENTED_EDGE('',*,*,#5664,.T.);
#5713 = ORIENTED_EDGE('',*,*,#5714,.T.);
#5714 = EDGE_CURVE('',#5665,#5629,#5715,.T.);
#5715 = B_SPLINE_CURVE_WITH_KNOTS('',3,(#5716,#5717,#5718,#5719,#5720,
    #5721),.UNSPECIFIED.,.F.,.F.,(4,2,4),(9.006059638196E-19,
    1.404793661642E-04,2.809587323283E-04),.UNSPECIFIED.);
#5716 = CARTESIAN_POINT('',(-1.52,-0.953909326765,-0.25));
#5717 = CARTESIAN_POINT('',(-1.52,-0.906130385574,-0.25));
#5718 = CARTESIAN_POINT('',(-1.534076822686,-0.861701785781,
    -0.264076822686));
#5719 = CARTESIAN_POINT('',(-1.56808867883,-0.781722491231,
    -0.29808867883));
#5720 = CARTESIAN_POINT('',(-1.588784774818,-0.744795889581,
    -0.31878477482));
#5721 = CARTESIAN_POINT('',(-1.609428090416,-0.708184087733,
    -0.339428090415));
#5722 = ORIENTED_EDGE('',*,*,#5637,.T.);
#5723 = ( BOUNDED_SURFACE() B_SPLINE_SURFACE(3,2,(
    (#5724,#5725,#5726)
    ,(#5727,#5728,#5729)
    ,(#5730,#5731,#5732)
    ,(#5733,#5734,#5735)
    ,(#5736,#5737,#5738)
    ,(#5739,#5740,#5741
)),.UNSPECIFIED.,.F.,.F.,.F.) B_SPLINE_SURFACE_WITH_KNOTS((4,2,4),(3,3),
  (1.040290242745E-03,1.535147072079E-03,2.030003901413E-03),(0.,1.),
.UNSPECIFIED.) GEOMETRIC_REPRESENTATION_ITEM() RATIONAL_B_SPLINE_SURFACE
((
    (1.,0.881218111854,1.)
    ,(1.,0.879721282842,1.)
    ,(1.,0.875586404508,1.)
    ,(1.,0.875603695599,1.)
    ,(1.,0.879714376944,1.)
,(1.,0.881217888699,1.))) REPRESENTATION_ITEM('') SURFACE() );
#5724 = CARTESIAN_POINT('',(-1.609381855736,-0.705279813609,
    -0.342718706114));
#5725 = CARTESIAN_POINT('',(-1.52,-0.749308797281,-0.382499652031));
#5726 = CARTESIAN_POINT('',(-1.52,-0.828914153103,-0.454424463609));
#5727 = CARTESIAN_POINT('',(-1.610667528821,-0.787000941821,
    -0.250997771493));
#5728 = CARTESIAN_POINT('',(-1.52,-0.841647053409,-0.278812920009));
#5729 = CARTESIAN_POINT('',(-1.52,-0.940660827876,-0.330744718246));
#5730 = CARTESIAN_POINT('',(-1.61333938767,-0.830627582642,
    -0.126900720324));
#5731 = CARTESIAN_POINT('',(-1.52,-0.889482905277,-0.140615335025));
#5732 = CARTESIAN_POINT('',(-1.52,-0.999842910997,-0.166326217414));
#5733 = CARTESIAN_POINT('',(-1.613327258987,-0.830438551419,
    0.127741909884));
#5734 = CARTESIAN_POINT('',(-1.52,-0.889274352548,0.141544639604));
#5735 = CARTESIAN_POINT('',(-1.52,-0.999585177268,0.167428747451));
#5736 = CARTESIAN_POINT('',(-1.610672436988,-0.787309113319,
    0.250645974508));
#5737 = CARTESIAN_POINT('',(-1.52,-0.841988366663,0.278423075916));
#5738 = CARTESIAN_POINT('',(-1.52,-0.941065184885,0.330289421145));
#5739 = CARTESIAN_POINT('',(-1.609382013054,-0.70528981302,
    0.342707482766));
#5740 = CARTESIAN_POINT('',(-1.52,-0.749320051288,0.382487014497));
#5741 = CARTESIAN_POINT('',(-1.52,-0.828927788663,0.454409371483));
#5742 = ADVANCED_FACE('',(#5743),#5755,.F.);
#5743 = FACE_BOUND('',#5744,.T.);
#5744 = EDGE_LOOP('',(#5745,#5746,#5747,#5754));
#5745 = ORIENTED_EDGE('',*,*,#5534,.F.);
#5746 = ORIENTED_EDGE('',*,*,#5673,.F.);
#5747 = ORIENTED_EDGE('',*,*,#5748,.T.);
#5748 = EDGE_CURVE('',#5665,#5688,#5749,.T.);
#5749 = B_SPLINE_CURVE_WITH_KNOTS('',3,(#5750,#5751,#5752,#5753),
  .UNSPECIFIED.,.F.,.F.,(4,4),(1.167721476618E-18,5.149310952809E-04),
  .PIECEWISE_BEZIER_KNOTS.);
#5750 = CARTESIAN_POINT('',(-1.52,-0.953909326765,-0.25));
#5751 = CARTESIAN_POINT('',(-1.359724007865,-1.015369879129,-0.25));
#5752 = CARTESIAN_POINT('',(-1.180243025365,-1.015357237461,-0.25));
#5753 = CARTESIAN_POINT('',(-1.02,-0.953909326765,-0.25));
#5754 = ORIENTED_EDGE('',*,*,#5698,.T.);
#5755 = PLANE('',#5756);
#5756 = AXIS2_PLACEMENT_3D('',#5757,#5758,#5759);
#5757 = CARTESIAN_POINT('',(-1.52,-3.,-0.25));
#5758 = DIRECTION('',(0.,0.,-1.));
#5759 = DIRECTION('',(-1.,0.,-0.));
#5760 = ADVANCED_FACE('',(#5761),#5775,.F.);
#5761 = FACE_BOUND('',#5762,.F.);
#5762 = EDGE_LOOP('',(#5763,#5764,#5773,#5774));
#5763 = ORIENTED_EDGE('',*,*,#5432,.T.);
#5764 = ORIENTED_EDGE('',*,*,#5765,.F.);
#5765 = EDGE_CURVE('',#5688,#5433,#5766,.T.);
#5766 = B_SPLINE_CURVE_WITH_KNOTS('',3,(#5767,#5768,#5769,#5770,#5771,
    #5772),.UNSPECIFIED.,.F.,.F.,(4,2,4),(5.448048490814E-19,
    1.404793661642E-04,2.809587323283E-04),.UNSPECIFIED.);
#5767 = CARTESIAN_POINT('',(-1.02,-0.953909326765,-0.25));
#5768 = CARTESIAN_POINT('',(-1.02,-0.906130385574,-0.25));
#5769 = CARTESIAN_POINT('',(-1.005923177314,-0.861701785781,
    -0.264076822686));
#5770 = CARTESIAN_POINT('',(-0.97191132117,-0.781722491231,
    -0.29808867883));
#5771 = CARTESIAN_POINT('',(-0.951215225179,-0.744795889581,
    -0.318784774818));
#5772 = CARTESIAN_POINT('',(-0.930571909585,-0.708184087733,
    -0.339428090416));
#5773 = ORIENTED_EDGE('',*,*,#5687,.T.);
#5774 = ORIENTED_EDGE('',*,*,#5593,.F.);
#5775 = ( BOUNDED_SURFACE() B_SPLINE_SURFACE(3,2,(
    (#5776,#5777,#5778)
    ,(#5779,#5780,#5781)
    ,(#5782,#5783,#5784)
    ,(#5785,#5786,#5787)
    ,(#5788,#5789,#5790)
    ,(#5791,#5792,#5793
)),.UNSPECIFIED.,.F.,.F.,.F.) B_SPLINE_SURFACE_WITH_KNOTS((4,2,4),(3,3),
  (1.040290242745E-03,1.535147072079E-03,2.030003901413E-03),(0.,1.),
.UNSPECIFIED.) GEOMETRIC_REPRESENTATION_ITEM() RATIONAL_B_SPLINE_SURFACE
((
    (1.,0.881218111854,1.)
    ,(1.,0.879721282842,1.)
    ,(1.,0.875586404508,1.)
    ,(1.,0.875603695599,1.)
    ,(1.,0.879714376944,1.)
,(1.,0.881217888699,1.))) REPRESENTATION_ITEM('') SURFACE() );
#5776 = CARTESIAN_POINT('',(-0.930618144264,-0.705279813609,
    0.342718706114));
#5777 = CARTESIAN_POINT('',(-1.02,-0.749308797281,0.382499652031));
#5778 = CARTESIAN_POINT('',(-1.02,-0.828914153103,0.454424463609));
#5779 = CARTESIAN_POINT('',(-0.929332471179,-0.787000941821,
    0.250997771493));
#5780 = CARTESIAN_POINT('',(-1.02,-0.841647053409,0.278812920009));
#5781 = CARTESIAN_POINT('',(-1.02,-0.940660827876,0.330744718246));
#5782 = CARTESIAN_POINT('',(-0.92666061233,-0.830627582642,
    0.126900720324));
#5783 = CARTESIAN_POINT('',(-1.02,-0.889482905277,0.140615335025));
#5784 = CARTESIAN_POINT('',(-1.02,-0.999842910997,0.166326217414));
#5785 = CARTESIAN_POINT('',(-0.926672741013,-0.830438551419,
    -0.127741909884));
#5786 = CARTESIAN_POINT('',(-1.02,-0.889274352548,-0.141544639604));
#5787 = CARTESIAN_POINT('',(-1.02,-0.999585177268,-0.167428747451));
#5788 = CARTESIAN_POINT('',(-0.929327563012,-0.787309113319,
    -0.250645974508));
#5789 = CARTESIAN_POINT('',(-1.02,-0.841988366663,-0.278423075916));
#5790 = CARTESIAN_POINT('',(-1.02,-0.941065184885,-0.330289421145));
#5791 = CARTESIAN_POINT('',(-0.930617986946,-0.70528981302,
    -0.342707482766));
#5792 = CARTESIAN_POINT('',(-1.02,-0.749320051288,-0.382487014497));
#5793 = CARTESIAN_POINT('',(-1.02,-0.828927788663,-0.454409371483));
#5794 = ADVANCED_FACE('',(#5795),#5802,.F.);
#5795 = FACE_BOUND('',#5796,.F.);
#5796 = EDGE_LOOP('',(#5797,#5798,#5799,#5800,#5801));
#5797 = ORIENTED_EDGE('',*,*,#5628,.T.);
#5798 = ORIENTED_EDGE('',*,*,#5714,.F.);
#5799 = ORIENTED_EDGE('',*,*,#5748,.T.);
#5800 = ORIENTED_EDGE('',*,*,#5765,.T.);
#5801 = ORIENTED_EDGE('',*,*,#5443,.T.);
#5802 = ( BOUNDED_SURFACE() B_SPLINE_SURFACE(3,2,(
    (#5803,#5804,#5805)
    ,(#5806,#5807,#5808)
    ,(#5809,#5810,#5811)
    ,(#5812,#5813,#5814)
    ,(#5815,#5816,#5817)
    ,(#5818,#5819,#5820
)),.UNSPECIFIED.,.F.,.F.,.F.) B_SPLINE_SURFACE_WITH_KNOTS((4,2,4),(3,3),
  (1.040290242745E-03,1.535147072079E-03,2.030003901413E-03),(0.,1.),
.UNSPECIFIED.) GEOMETRIC_REPRESENTATION_ITEM() RATIONAL_B_SPLINE_SURFACE
((
    (1.,0.881218111854,1.)
    ,(1.,0.879721282842,1.)
    ,(1.,0.875586404508,1.)
    ,(1.,0.875603695599,1.)
    ,(1.,0.879714376944,1.)
,(1.,0.881217888699,1.))) REPRESENTATION_ITEM('') SURFACE() );
#5803 = CARTESIAN_POINT('',(-0.927281293886,-0.705279813609,
    -0.339381855736));
#5804 = CARTESIAN_POINT('',(-0.887500347969,-0.749308797281,-0.25));
#5805 = CARTESIAN_POINT('',(-0.815575536391,-0.828914153103,-0.25));
#5806 = CARTESIAN_POINT('',(-1.019002228507,-0.787000941821,
    -0.340667528821));
#5807 = CARTESIAN_POINT('',(-0.991187079991,-0.841647053409,-0.25));
#5808 = CARTESIAN_POINT('',(-0.939255281754,-0.940660827876,-0.25));
#5809 = CARTESIAN_POINT('',(-1.143099279676,-0.830627582642,
    -0.34333938767));
#5810 = CARTESIAN_POINT('',(-1.129384664975,-0.889482905277,-0.25));
#5811 = CARTESIAN_POINT('',(-1.103673782586,-0.999842910997,-0.25));
#5812 = CARTESIAN_POINT('',(-1.397741909884,-0.830438551419,
    -0.343327258987));
#5813 = CARTESIAN_POINT('',(-1.411544639604,-0.889274352548,-0.25));
#5814 = CARTESIAN_POINT('',(-1.437428747451,-0.999585177268,-0.25));
#5815 = CARTESIAN_POINT('',(-1.520645974508,-0.787309113319,
    -0.340672436988));
#5816 = CARTESIAN_POINT('',(-1.548423075916,-0.841988366663,-0.25));
#5817 = CARTESIAN_POINT('',(-1.600289421145,-0.941065184885,-0.25));
#5818 = CARTESIAN_POINT('',(-1.612707482766,-0.70528981302,
    -0.339382013054));
#5819 = CARTESIAN_POINT('',(-1.652487014497,-0.749320051288,-0.25));
#5820 = CARTESIAN_POINT('',(-1.724409371483,-0.828927788663,-0.25));
#5821 = MANIFOLD_SOLID_BREP('',#5822);
#5822 = CLOSED_SHELL('',(#5823,#5863,#5903,#5925,#6006,#6087,#6104,#6126
    ,#6148,#6165,#6177,#6189,#6211,#6223));
#5823 = ADVANCED_FACE('',(#5824),#5858,.T.);
#5824 = FACE_BOUND('',#5825,.T.);
#5825 = EDGE_LOOP('',(#5826,#5836,#5844,#5852));
#5826 = ORIENTED_EDGE('',*,*,#5827,.T.);
#5827 = EDGE_CURVE('',#5828,#5830,#5832,.T.);
#5828 = VERTEX_POINT('',#5829);
#5829 = CARTESIAN_POINT('',(1.02,-3.,-0.25));
#5830 = VERTEX_POINT('',#5831);
#5831 = CARTESIAN_POINT('',(1.02,-3.,0.25));
#5832 = LINE('',#5833,#5834);
#5833 = CARTESIAN_POINT('',(1.02,-3.,-0.25));
#5834 = VECTOR('',#5835,1.);
#5835 = DIRECTION('',(0.,0.,1.));
#5836 = ORIENTED_EDGE('',*,*,#5837,.F.);
#5837 = EDGE_CURVE('',#5838,#5830,#5840,.T.);
#5838 = VERTEX_POINT('',#5839);
#5839 = CARTESIAN_POINT('',(0.92,-3.,0.25));
#5840 = LINE('',#5841,#5842);
#5841 = CARTESIAN_POINT('',(0.92,-3.,0.25));
#5842 = VECTOR('',#5843,1.);
#5843 = DIRECTION('',(1.,0.,0.));
#5844 = ORIENTED_EDGE('',*,*,#5845,.F.);
#5845 = EDGE_CURVE('',#5846,#5838,#5848,.T.);
#5846 = VERTEX_POINT('',#5847);
#5847 = CARTESIAN_POINT('',(0.92,-3.,-0.25));
#5848 = LINE('',#5849,#5850);
#5849 = CARTESIAN_POINT('',(0.92,-3.,-0.25));
#5850 = VECTOR('',#5851,1.);
#5851 = DIRECTION('',(0.,0.,1.));
#5852 = ORIENTED_EDGE('',*,*,#5853,.F.);
#5853 = EDGE_CURVE('',#5828,#5846,#5854,.T.);
#5854 = LINE('',#5855,#5856);
#5855 = CARTESIAN_POINT('',(1.62,-3.,-0.25));
#5856 = VECTOR('',#5857,1.);
#5857 = DIRECTION('',(-1.,0.,7.744301232039E-17));
#5858 = PLANE('',#5859);
#5859 = AXIS2_PLACEMENT_3D('',#5860,#5861,#5862);
#5860 = CARTESIAN_POINT('',(0.,-3.,0.));
#5861 = DIRECTION('',(0.,-1.,-0.));
#5862 = DIRECTION('',(-0.,0.,-1.));
#5863 = ADVANCED_FACE('',(#5864),#5898,.F.);
#5864 = FACE_BOUND('',#5865,.T.);
#5865 = EDGE_LOOP('',(#5866,#5876,#5884,#5892));
#5866 = ORIENTED_EDGE('',*,*,#5867,.T.);
#5867 = EDGE_CURVE('',#5868,#5870,#5872,.T.);
#5868 = VERTEX_POINT('',#5869);
#5869 = CARTESIAN_POINT('',(1.02,-2.,-0.25));
#5870 = VERTEX_POINT('',#5871);
#5871 = CARTESIAN_POINT('',(0.92,-2.,-0.25));
#5872 = LINE('',#5873,#5874);
#5873 = CARTESIAN_POINT('',(1.62,-2.,-0.25));
#5874 = VECTOR('',#5875,1.);
#5875 = DIRECTION('',(-1.,0.,7.744301232039E-17));
#5876 = ORIENTED_EDGE('',*,*,#5877,.T.);
#5877 = EDGE_CURVE('',#5870,#5878,#5880,.T.);
#5878 = VERTEX_POINT('',#5879);
#5879 = CARTESIAN_POINT('',(0.92,-2.,0.25));
#5880 = LINE('',#5881,#5882);
#5881 = CARTESIAN_POINT('',(0.92,-2.,-0.25));
#5882 = VECTOR('',#5883,1.);
#5883 = DIRECTION('',(0.,0.,1.));
#5884 = ORIENTED_EDGE('',*,*,#5885,.T.);
#5885 = EDGE_CURVE('',#5878,#5886,#5888,.T.);
#5886 = VERTEX_POINT('',#5887);
#5887 = CARTESIAN_POINT('',(1.02,-2.,0.25));
#5888 = LINE('',#5889,#5890);
#5889 = CARTESIAN_POINT('',(0.92,-2.,0.25));
#5890 = VECTOR('',#5891,1.);
#5891 = DIRECTION('',(1.,0.,0.));
#5892 = ORIENTED_EDGE('',*,*,#5893,.F.);
#5893 = EDGE_CURVE('',#5868,#5886,#5894,.T.);
#5894 = LINE('',#5895,#5896);
#5895 = CARTESIAN_POINT('',(1.02,-2.,-0.25));
#5896 = VECTOR('',#5897,1.);
#5897 = DIRECTION('',(0.,0.,1.));
#5898 = PLANE('',#5899);
#5899 = AXIS2_PLACEMENT_3D('',#5900,#5901,#5902);
#5900 = CARTESIAN_POINT('',(0.,-2.,0.));
#5901 = DIRECTION('',(0.,-1.,-0.));
#5902 = DIRECTION('',(-0.,0.,-1.));
#5903 = ADVANCED_FACE('',(#5904),#5920,.F.);
#5904 = FACE_BOUND('',#5905,.T.);
#5905 = EDGE_LOOP('',(#5906,#5907,#5913,#5914));
#5906 = ORIENTED_EDGE('',*,*,#5877,.F.);
#5907 = ORIENTED_EDGE('',*,*,#5908,.F.);
#5908 = EDGE_CURVE('',#5846,#5870,#5909,.T.);
#5909 = LINE('',#5910,#5911);
#5910 = CARTESIAN_POINT('',(0.92,-3.,-0.25));
#5911 = VECTOR('',#5912,1.);
#5912 = DIRECTION('',(0.,1.,0.));
#5913 = ORIENTED_EDGE('',*,*,#5845,.T.);
#5914 = ORIENTED_EDGE('',*,*,#5915,.T.);
#5915 = EDGE_CURVE('',#5838,#5878,#5916,.T.);
#5916 = LINE('',#5917,#5918);
#5917 = CARTESIAN_POINT('',(0.92,-3.,0.25));
#5918 = VECTOR('',#5919,1.);
#5919 = DIRECTION('',(0.,1.,0.));
#5920 = PLANE('',#5921);
#5921 = AXIS2_PLACEMENT_3D('',#5922,#5923,#5924);
#5922 = CARTESIAN_POINT('',(0.92,-3.,-0.25));
#5923 = DIRECTION('',(1.,0.,-0.));
#5924 = DIRECTION('',(0.,0.,1.));
#5925 = ADVANCED_FACE('',(#5926),#6001,.F.);
#5926 = FACE_BOUND('',#5927,.T.);
#5927 = EDGE_LOOP('',(#5928,#5929,#5930,#5931,#5939,#5947,#5955,#5963,
    #5971,#5979,#5987,#5995));
#5928 = ORIENTED_EDGE('',*,*,#5885,.F.);
#5929 = ORIENTED_EDGE('',*,*,#5915,.F.);
#5930 = ORIENTED_EDGE('',*,*,#5837,.T.);
#5931 = ORIENTED_EDGE('',*,*,#5932,.F.);
#5932 = EDGE_CURVE('',#5933,#5830,#5935,.T.);
#5933 = VERTEX_POINT('',#5934);
#5934 = CARTESIAN_POINT('',(1.02,-27.,0.25));
#5935 = LINE('',#5936,#5937);
#5936 = CARTESIAN_POINT('',(1.02,-27.,0.25));
#5937 = VECTOR('',#5938,1.);
#5938 = DIRECTION('',(0.,1.,0.));
#5939 = ORIENTED_EDGE('',*,*,#5940,.T.);
#5940 = EDGE_CURVE('',#5933,#5941,#5943,.T.);
#5941 = VERTEX_POINT('',#5942);
#5942 = CARTESIAN_POINT('',(1.52,-27.,0.25));
#5943 = LINE('',#5944,#5945);
#5944 = CARTESIAN_POINT('',(1.52,-27.,0.25));
#5945 = VECTOR('',#5946,1.);
#5946 = DIRECTION('',(1.,-0.,-0.));
#5947 = ORIENTED_EDGE('',*,*,#5948,.T.);
#5948 = EDGE_CURVE('',#5941,#5949,#5951,.T.);
#5949 = VERTEX_POINT('',#5950);
#5950 = CARTESIAN_POINT('',(1.52,-3.,0.25));
#5951 = LINE('',#5952,#5953);
#5952 = CARTESIAN_POINT('',(1.52,-27.,0.25));
#5953 = VECTOR('',#5954,1.);
#5954 = DIRECTION('',(0.,1.,0.));
#5955 = ORIENTED_EDGE('',*,*,#5956,.T.);
#5956 = EDGE_CURVE('',#5949,#5957,#5959,.T.);
#5957 = VERTEX_POINT('',#5958);
#5958 = CARTESIAN_POINT('',(1.62,-3.,0.25));
#5959 = LINE('',#5960,#5961);
#5960 = CARTESIAN_POINT('',(0.92,-3.,0.25));
#5961 = VECTOR('',#5962,1.);
#5962 = DIRECTION('',(1.,0.,0.));
#5963 = ORIENTED_EDGE('',*,*,#5964,.T.);
#5964 = EDGE_CURVE('',#5957,#5965,#5967,.T.);
#5965 = VERTEX_POINT('',#5966);
#5966 = CARTESIAN_POINT('',(1.62,-2.,0.25));
#5967 = LINE('',#5968,#5969);
#5968 = CARTESIAN_POINT('',(1.62,-3.,0.25));
#5969 = VECTOR('',#5970,1.);
#5970 = DIRECTION('',(0.,1.,0.));
#5971 = ORIENTED_EDGE('',*,*,#5972,.F.);
#5972 = EDGE_CURVE('',#5973,#5965,#5975,.T.);
#5973 = VERTEX_POINT('',#5974);
#5974 = CARTESIAN_POINT('',(1.52,-2.,0.25));
#5975 = LINE('',#5976,#5977);
#5976 = CARTESIAN_POINT('',(0.92,-2.,0.25));
#5977 = VECTOR('',#5978,1.);
#5978 = DIRECTION('',(1.,0.,0.));
#5979 = ORIENTED_EDGE('',*,*,#5980,.T.);
#5980 = EDGE_CURVE('',#5973,#5981,#5983,.T.);
#5981 = VERTEX_POINT('',#5982);
#5982 = CARTESIAN_POINT('',(1.52,0.,0.25));
#5983 = LINE('',#5984,#5985);
#5984 = CARTESIAN_POINT('',(1.52,-27.,0.25));
#5985 = VECTOR('',#5986,1.);
#5986 = DIRECTION('',(0.,1.,0.));
#5987 = ORIENTED_EDGE('',*,*,#5988,.F.);
#5988 = EDGE_CURVE('',#5989,#5981,#5991,.T.);
#5989 = VERTEX_POINT('',#5990);
#5990 = CARTESIAN_POINT('',(1.02,0.,0.25));
#5991 = LINE('',#5992,#5993);
#5992 = CARTESIAN_POINT('',(1.27,0.,0.25));
#5993 = VECTOR('',#5994,1.);
#5994 = DIRECTION('',(1.,0.,0.));
#5995 = ORIENTED_EDGE('',*,*,#5996,.F.);
#5996 = EDGE_CURVE('',#5886,#5989,#5997,.T.);
#5997 = LINE('',#5998,#5999);
#5998 = CARTESIAN_POINT('',(1.02,-27.,0.25));
#5999 = VECTOR('',#6000,1.);
#6000 = DIRECTION('',(0.,1.,0.));
#6001 = PLANE('',#6002);
#6002 = AXIS2_PLACEMENT_3D('',#6003,#6004,#6005);
#6003 = CARTESIAN_POINT('',(1.52,-27.,0.25));
#6004 = DIRECTION('',(0.,0.,-1.));
#6005 = DIRECTION('',(1.,0.,0.));
#6006 = ADVANCED_FACE('',(#6007),#6082,.F.);
#6007 = FACE_BOUND('',#6008,.T.);
#6008 = EDGE_LOOP('',(#6009,#6010,#6011,#6012,#6020,#6028,#6036,#6044,
    #6052,#6060,#6068,#6076));
#6009 = ORIENTED_EDGE('',*,*,#5853,.T.);
#6010 = ORIENTED_EDGE('',*,*,#5908,.T.);
#6011 = ORIENTED_EDGE('',*,*,#5867,.F.);
#6012 = ORIENTED_EDGE('',*,*,#6013,.T.);
#6013 = EDGE_CURVE('',#5868,#6014,#6016,.T.);
#6014 = VERTEX_POINT('',#6015);
#6015 = CARTESIAN_POINT('',(1.02,-4.336808689942E-16,-0.25));
#6016 = LINE('',#6017,#6018);
#6017 = CARTESIAN_POINT('',(1.02,-27.,-0.25));
#6018 = VECTOR('',#6019,1.);
#6019 = DIRECTION('',(0.,1.,0.));
#6020 = ORIENTED_EDGE('',*,*,#6021,.T.);
#6021 = EDGE_CURVE('',#6014,#6022,#6024,.T.);
#6022 = VERTEX_POINT('',#6023);
#6023 = CARTESIAN_POINT('',(1.52,-4.336808689942E-16,-0.25));
#6024 = LINE('',#6025,#6026);
#6025 = CARTESIAN_POINT('',(1.52,-4.336808689942E-16,-0.25));
#6026 = VECTOR('',#6027,1.);
#6027 = DIRECTION('',(1.,0.,0.));
#6028 = ORIENTED_EDGE('',*,*,#6029,.F.);
#6029 = EDGE_CURVE('',#6030,#6022,#6032,.T.);
#6030 = VERTEX_POINT('',#6031);
#6031 = CARTESIAN_POINT('',(1.52,-2.,-0.25));
#6032 = LINE('',#6033,#6034);
#6033 = CARTESIAN_POINT('',(1.52,-27.,-0.25));
#6034 = VECTOR('',#6035,1.);
#6035 = DIRECTION('',(0.,1.,0.));
#6036 = ORIENTED_EDGE('',*,*,#6037,.F.);
#6037 = EDGE_CURVE('',#6038,#6030,#6040,.T.);
#6038 = VERTEX_POINT('',#6039);
#6039 = CARTESIAN_POINT('',(1.62,-2.,-0.25));
#6040 = LINE('',#6041,#6042);
#6041 = CARTESIAN_POINT('',(1.62,-2.,-0.25));
#6042 = VECTOR('',#6043,1.);
#6043 = DIRECTION('',(-1.,0.,7.744301232039E-17));
#6044 = ORIENTED_EDGE('',*,*,#6045,.F.);
#6045 = EDGE_CURVE('',#6046,#6038,#6048,.T.);
#6046 = VERTEX_POINT('',#6047);
#6047 = CARTESIAN_POINT('',(1.62,-3.,-0.25));
#6048 = LINE('',#6049,#6050);
#6049 = CARTESIAN_POINT('',(1.62,-3.,-0.25));
#6050 = VECTOR('',#6051,1.);
#6051 = DIRECTION('',(0.,1.,0.));
#6052 = ORIENTED_EDGE('',*,*,#6053,.T.);
#6053 = EDGE_CURVE('',#6046,#6054,#6056,.T.);
#6054 = VERTEX_POINT('',#6055);
#6055 = CARTESIAN_POINT('',(1.52,-3.,-0.25));
#6056 = LINE('',#6057,#6058);
#6057 = CARTESIAN_POINT('',(1.62,-3.,-0.25));
#6058 = VECTOR('',#6059,1.);
#6059 = DIRECTION('',(-1.,0.,7.744301232039E-17));
#6060 = ORIENTED_EDGE('',*,*,#6061,.F.);
#6061 = EDGE_CURVE('',#6062,#6054,#6064,.T.);
#6062 = VERTEX_POINT('',#6063);
#6063 = CARTESIAN_POINT('',(1.52,-27.,-0.25));
#6064 = LINE('',#6065,#6066);
#6065 = CARTESIAN_POINT('',(1.52,-27.,-0.25));
#6066 = VECTOR('',#6067,1.);
#6067 = DIRECTION('',(0.,1.,0.));
#6068 = ORIENTED_EDGE('',*,*,#6069,.T.);
#6069 = EDGE_CURVE('',#6062,#6070,#6072,.T.);
#6070 = VERTEX_POINT('',#6071);
#6071 = CARTESIAN_POINT('',(1.02,-27.,-0.25));
#6072 = LINE('',#6073,#6074);
#6073 = CARTESIAN_POINT('',(1.52,-27.,-0.25));
#6074 = VECTOR('',#6075,1.);
#6075 = DIRECTION('',(-1.,0.,0.));
#6076 = ORIENTED_EDGE('',*,*,#6077,.T.);
#6077 = EDGE_CURVE('',#6070,#5828,#6078,.T.);
#6078 = LINE('',#6079,#6080);
#6079 = CARTESIAN_POINT('',(1.02,-27.,-0.25));
#6080 = VECTOR('',#6081,1.);
#6081 = DIRECTION('',(0.,1.,0.));
#6082 = PLANE('',#6083);
#6083 = AXIS2_PLACEMENT_3D('',#6084,#6085,#6086);
#6084 = CARTESIAN_POINT('',(1.52,-27.,-0.25));
#6085 = DIRECTION('',(0.,0.,1.));
#6086 = DIRECTION('',(-1.,0.,0.));
#6087 = ADVANCED_FACE('',(#6088),#6099,.T.);
#6088 = FACE_BOUND('',#6089,.T.);
#6089 = EDGE_LOOP('',(#6090,#6091,#6092,#6098));
#6090 = ORIENTED_EDGE('',*,*,#5893,.T.);
#6091 = ORIENTED_EDGE('',*,*,#5996,.T.);
#6092 = ORIENTED_EDGE('',*,*,#6093,.T.);
#6093 = EDGE_CURVE('',#5989,#6014,#6094,.T.);
#6094 = LINE('',#6095,#6096);
#6095 = CARTESIAN_POINT('',(1.02,-4.336808689942E-16,-0.25));
#6096 = VECTOR('',#6097,1.);
#6097 = DIRECTION('',(0.,0.,-1.));
#6098 = ORIENTED_EDGE('',*,*,#6013,.F.);
#6099 = PLANE('',#6100);
#6100 = AXIS2_PLACEMENT_3D('',#6101,#6102,#6103);
#6101 = CARTESIAN_POINT('',(1.02,-2.,-0.25));
#6102 = DIRECTION('',(-1.,0.,0.));
#6103 = DIRECTION('',(0.,0.,-1.));
#6104 = ADVANCED_FACE('',(#6105),#6121,.T.);
#6105 = FACE_BOUND('',#6106,.T.);
#6106 = EDGE_LOOP('',(#6107,#6108,#6114,#6115));
#6107 = ORIENTED_EDGE('',*,*,#5948,.F.);
#6108 = ORIENTED_EDGE('',*,*,#6109,.T.);
#6109 = EDGE_CURVE('',#5941,#6062,#6110,.T.);
#6110 = LINE('',#6111,#6112);
#6111 = CARTESIAN_POINT('',(1.52,-27.,-0.25));
#6112 = VECTOR('',#6113,1.);
#6113 = DIRECTION('',(0.,-0.,-1.));
#6114 = ORIENTED_EDGE('',*,*,#6061,.T.);
#6115 = ORIENTED_EDGE('',*,*,#6116,.F.);
#6116 = EDGE_CURVE('',#5949,#6054,#6117,.T.);
#6117 = LINE('',#6118,#6119);
#6118 = CARTESIAN_POINT('',(1.52,-3.,-0.25));
#6119 = VECTOR('',#6120,1.);
#6120 = DIRECTION('',(0.,0.,-1.));
#6121 = PLANE('',#6122);
#6122 = AXIS2_PLACEMENT_3D('',#6123,#6124,#6125);
#6123 = CARTESIAN_POINT('',(1.52,-2.,0.25));
#6124 = DIRECTION('',(1.,0.,-0.));
#6125 = DIRECTION('',(0.,0.,1.));
#6126 = ADVANCED_FACE('',(#6127),#6143,.T.);
#6127 = FACE_BOUND('',#6128,.T.);
#6128 = EDGE_LOOP('',(#6129,#6135,#6136,#6142));
#6129 = ORIENTED_EDGE('',*,*,#6130,.T.);
#6130 = EDGE_CURVE('',#5973,#6030,#6131,.T.);
#6131 = LINE('',#6132,#6133);
#6132 = CARTESIAN_POINT('',(1.52,-2.,-0.25));
#6133 = VECTOR('',#6134,1.);
#6134 = DIRECTION('',(0.,0.,-1.));
#6135 = ORIENTED_EDGE('',*,*,#6029,.T.);
#6136 = ORIENTED_EDGE('',*,*,#6137,.T.);
#6137 = EDGE_CURVE('',#6022,#5981,#6138,.T.);
#6138 = LINE('',#6139,#6140);
#6139 = CARTESIAN_POINT('',(1.52,-4.336808689942E-16,0.25));
#6140 = VECTOR('',#6141,1.);
#6141 = DIRECTION('',(0.,0.,1.));
#6142 = ORIENTED_EDGE('',*,*,#5980,.F.);
#6143 = PLANE('',#6144);
#6144 = AXIS2_PLACEMENT_3D('',#6145,#6146,#6147);
#6145 = CARTESIAN_POINT('',(1.52,-2.,0.25));
#6146 = DIRECTION('',(1.,0.,-0.));
#6147 = DIRECTION('',(0.,0.,1.));
#6148 = ADVANCED_FACE('',(#6149),#6160,.T.);
#6149 = FACE_BOUND('',#6150,.T.);
#6150 = EDGE_LOOP('',(#6151,#6152,#6158,#6159));
#6151 = ORIENTED_EDGE('',*,*,#6077,.F.);
#6152 = ORIENTED_EDGE('',*,*,#6153,.T.);
#6153 = EDGE_CURVE('',#6070,#5933,#6154,.T.);
#6154 = LINE('',#6155,#6156);
#6155 = CARTESIAN_POINT('',(1.02,-27.,-0.25));
#6156 = VECTOR('',#6157,1.);
#6157 = DIRECTION('',(0.,0.,1.));
#6158 = ORIENTED_EDGE('',*,*,#5932,.T.);
#6159 = ORIENTED_EDGE('',*,*,#5827,.F.);
#6160 = PLANE('',#6161);
#6161 = AXIS2_PLACEMENT_3D('',#6162,#6163,#6164);
#6162 = CARTESIAN_POINT('',(1.02,-2.,-0.25));
#6163 = DIRECTION('',(-1.,0.,0.));
#6164 = DIRECTION('',(0.,0.,-1.));
#6165 = ADVANCED_FACE('',(#6166),#6172,.F.);
#6166 = FACE_BOUND('',#6167,.T.);
#6167 = EDGE_LOOP('',(#6168,#6169,#6170,#6171));
#6168 = ORIENTED_EDGE('',*,*,#6153,.F.);
#6169 = ORIENTED_EDGE('',*,*,#6069,.F.);
#6170 = ORIENTED_EDGE('',*,*,#6109,.F.);
#6171 = ORIENTED_EDGE('',*,*,#5940,.F.);
#6172 = PLANE('',#6173);
#6173 = AXIS2_PLACEMENT_3D('',#6174,#6175,#6176);
#6174 = CARTESIAN_POINT('',(0.,-27.,0.));
#6175 = DIRECTION('',(0.,1.,0.));
#6176 = DIRECTION('',(0.,-0.,1.));
#6177 = ADVANCED_FACE('',(#6178),#6184,.F.);
#6178 = FACE_BOUND('',#6179,.T.);
#6179 = EDGE_LOOP('',(#6180,#6181,#6182,#6183));
#6180 = ORIENTED_EDGE('',*,*,#5988,.T.);
#6181 = ORIENTED_EDGE('',*,*,#6137,.F.);
#6182 = ORIENTED_EDGE('',*,*,#6021,.F.);
#6183 = ORIENTED_EDGE('',*,*,#6093,.F.);
#6184 = PLANE('',#6185);
#6185 = AXIS2_PLACEMENT_3D('',#6186,#6187,#6188);
#6186 = CARTESIAN_POINT('',(1.27,0.,0.));
#6187 = DIRECTION('',(0.,-1.,-0.));
#6188 = DIRECTION('',(-0.,0.,-1.));
#6189 = ADVANCED_FACE('',(#6190),#6206,.F.);
#6190 = FACE_BOUND('',#6191,.T.);
#6191 = EDGE_LOOP('',(#6192,#6198,#6199,#6205));
#6192 = ORIENTED_EDGE('',*,*,#6193,.F.);
#6193 = EDGE_CURVE('',#5965,#6038,#6194,.T.);
#6194 = LINE('',#6195,#6196);
#6195 = CARTESIAN_POINT('',(1.62,-2.,0.25));
#6196 = VECTOR('',#6197,1.);
#6197 = DIRECTION('',(0.,0.,-1.));
#6198 = ORIENTED_EDGE('',*,*,#5964,.F.);
#6199 = ORIENTED_EDGE('',*,*,#6200,.T.);
#6200 = EDGE_CURVE('',#5957,#6046,#6201,.T.);
#6201 = LINE('',#6202,#6203);
#6202 = CARTESIAN_POINT('',(1.62,-3.,0.25));
#6203 = VECTOR('',#6204,1.);
#6204 = DIRECTION('',(0.,0.,-1.));
#6205 = ORIENTED_EDGE('',*,*,#6045,.T.);
#6206 = PLANE('',#6207);
#6207 = AXIS2_PLACEMENT_3D('',#6208,#6209,#6210);
#6208 = CARTESIAN_POINT('',(1.62,-3.,0.25));
#6209 = DIRECTION('',(-1.,0.,0.));
#6210 = DIRECTION('',(0.,0.,-1.));
#6211 = ADVANCED_FACE('',(#6212),#6218,.T.);
#6212 = FACE_BOUND('',#6213,.T.);
#6213 = EDGE_LOOP('',(#6214,#6215,#6216,#6217));
#6214 = ORIENTED_EDGE('',*,*,#6116,.T.);
#6215 = ORIENTED_EDGE('',*,*,#6053,.F.);
#6216 = ORIENTED_EDGE('',*,*,#6200,.F.);
#6217 = ORIENTED_EDGE('',*,*,#5956,.F.);
#6218 = PLANE('',#6219);
#6219 = AXIS2_PLACEMENT_3D('',#6220,#6221,#6222);
#6220 = CARTESIAN_POINT('',(0.,-3.,0.));
#6221 = DIRECTION('',(0.,-1.,-0.));
#6222 = DIRECTION('',(-0.,0.,-1.));
#6223 = ADVANCED_FACE('',(#6224),#6230,.F.);
#6224 = FACE_BOUND('',#6225,.T.);
#6225 = EDGE_LOOP('',(#6226,#6227,#6228,#6229));
#6226 = ORIENTED_EDGE('',*,*,#5972,.T.);
#6227 = ORIENTED_EDGE('',*,*,#6193,.T.);
#6228 = ORIENTED_EDGE('',*,*,#6037,.T.);
#6229 = ORIENTED_EDGE('',*,*,#6130,.F.);
#6230 = PLANE('',#6231);
#6231 = AXIS2_PLACEMENT_3D('',#6232,#6233,#6234);
#6232 = CARTESIAN_POINT('',(0.,-2.,0.));
#6233 = DIRECTION('',(0.,-1.,-0.));
#6234 = DIRECTION('',(-0.,0.,-1.));
#6235 = MANIFOLD_SOLID_BREP('',#6236);
#6236 = CLOSED_SHELL('',(#6237,#6279,#6340,#6381,#6432,#6475,#6493,#6528
    ,#6553,#6578,#6612,#6630,#6664));
#6237 = ADVANCED_FACE('',(#6238),#6274,.T.);
#6238 = FACE_BOUND('',#6239,.T.);
#6239 = EDGE_LOOP('',(#6240,#6251,#6259,#6268));
#6240 = ORIENTED_EDGE('',*,*,#6241,.F.);
#6241 = EDGE_CURVE('',#6242,#6244,#6246,.T.);
#6242 = VERTEX_POINT('',#6243);
#6243 = CARTESIAN_POINT('',(1.27,-0.36528538,-0.6));
#6244 = VERTEX_POINT('',#6245);
#6245 = CARTESIAN_POINT('',(1.27,-0.36528538,0.6));
#6246 = CIRCLE('',#6247,0.6);
#6247 = AXIS2_PLACEMENT_3D('',#6248,#6249,#6250);
#6248 = CARTESIAN_POINT('',(1.27,-0.36528538,0.));
#6249 = DIRECTION('',(0.,-1.,0.));
#6250 = DIRECTION('',(0.,0.,-1.));
#6251 = ORIENTED_EDGE('',*,*,#6252,.T.);
#6252 = EDGE_CURVE('',#6242,#6253,#6255,.T.);
#6253 = VERTEX_POINT('',#6254);
#6254 = CARTESIAN_POINT('',(1.27,0.,-0.6));
#6255 = LINE('',#6256,#6257);
#6256 = CARTESIAN_POINT('',(1.27,-0.91528538,-0.6));
#6257 = VECTOR('',#6258,1.);
#6258 = DIRECTION('',(0.,1.,0.));
#6259 = ORIENTED_EDGE('',*,*,#6260,.F.);
#6260 = EDGE_CURVE('',#6261,#6253,#6263,.T.);
#6261 = VERTEX_POINT('',#6262);
#6262 = CARTESIAN_POINT('',(1.27,0.,0.6));
#6263 = CIRCLE('',#6264,0.6);
#6264 = AXIS2_PLACEMENT_3D('',#6265,#6266,#6267);
#6265 = CARTESIAN_POINT('',(1.27,0.,0.));
#6266 = DIRECTION('',(-0.,1.,0.));
#6267 = DIRECTION('',(0.,0.,-1.));
#6268 = ORIENTED_EDGE('',*,*,#6269,.F.);
#6269 = EDGE_CURVE('',#6244,#6261,#6270,.T.);
#6270 = LINE('',#6271,#6272);
#6271 = CARTESIAN_POINT('',(1.27,-0.91528538,0.6));
#6272 = VECTOR('',#6273,1.);
#6273 = DIRECTION('',(0.,1.,0.));
#6274 = CYLINDRICAL_SURFACE('',#6275,0.6);
#6275 = AXIS2_PLACEMENT_3D('',#6276,#6277,#6278);
#6276 = CARTESIAN_POINT('',(1.27,-0.91528538,0.));
#6277 = DIRECTION('',(0.,1.,0.));
#6278 = DIRECTION('',(0.,-0.,1.));
#6279 = ADVANCED_FACE('',(#6280),#6328,.T.);
#6280 = FACE_BOUND('',#6281,.T.);
#6281 = EDGE_LOOP('',(#6282,#6283,#6292,#6301,#6312,#6321));
#6282 = ORIENTED_EDGE('',*,*,#6241,.T.);
#6283 = ORIENTED_EDGE('',*,*,#6284,.T.);
#6284 = EDGE_CURVE('',#6244,#6285,#6287,.T.);
#6285 = VERTEX_POINT('',#6286);
#6286 = CARTESIAN_POINT('',(1.27,-0.83053322315,0.343333333333));
#6287 = CIRCLE('',#6288,0.55);
#6288 = AXIS2_PLACEMENT_3D('',#6289,#6290,#6291);
#6289 = CARTESIAN_POINT('',(1.27,-0.36528538,5.E-02));
#6290 = DIRECTION('',(1.,0.,-1.224646799147E-16));
#6291 = DIRECTION('',(-1.224646799147E-16,-0.,-1.));
#6292 = ORIENTED_EDGE('',*,*,#6293,.F.);
#6293 = EDGE_CURVE('',#6294,#6285,#6296,.T.);
#6294 = VERTEX_POINT('',#6295);
#6295 = CARTESIAN_POINT('',(1.609428090415,-0.708184087733,
    0.339428090416));
#6296 = B_SPLINE_CURVE_WITH_KNOTS('',3,(#6297,#6298,#6299,#6300),
  .UNSPECIFIED.,.F.,.F.,(4,4),(0.,3.669106867986E-04),
  .PIECEWISE_BEZIER_KNOTS.);
#6297 = CARTESIAN_POINT('',(1.609428090415,-0.708184087733,
    0.339428090416));
#6298 = CARTESIAN_POINT('',(1.516149650397,-0.789735771671,
    0.340741805181));
#6299 = CARTESIAN_POINT('',(1.393718465799,-0.83053322315,0.343333333333
    ));
#6300 = CARTESIAN_POINT('',(1.27,-0.83053322315,0.343333333333));
#6301 = ORIENTED_EDGE('',*,*,#6302,.F.);
#6302 = EDGE_CURVE('',#6303,#6294,#6305,.T.);
#6303 = VERTEX_POINT('',#6304);
#6304 = CARTESIAN_POINT('',(1.609428090416,-0.708184087733,
    -0.339428090415));
#6305 = B_SPLINE_CURVE_WITH_KNOTS('',3,(#6306,#6307,#6308,#6309,#6310,
    #6311),.UNSPECIFIED.,.F.,.F.,(4,2,4),(0.,3.675206423425E-04,
    7.35041284685E-04),.UNSPECIFIED.);
#6306 = CARTESIAN_POINT('',(1.609428090416,-0.708184087733,
    -0.339428090415));
#6307 = CARTESIAN_POINT('',(1.610743989112,-0.789871343906,-0.2459945835
    ));
#6308 = CARTESIAN_POINT('',(1.613341958234,-0.830667811929,
    -0.123284811926));
#6309 = CARTESIAN_POINT('',(1.613324665379,-0.830397962527,
    0.124518724521));
#6310 = CARTESIAN_POINT('',(1.610744765393,-0.789919533283,
    0.245939464712));
#6311 = CARTESIAN_POINT('',(1.609428090415,-0.708184087733,
    0.339428090416));
#6312 = ORIENTED_EDGE('',*,*,#6313,.F.);
#6313 = EDGE_CURVE('',#6314,#6303,#6316,.T.);
#6314 = VERTEX_POINT('',#6315);
#6315 = CARTESIAN_POINT('',(1.27,-0.83053322315,-0.343333333333));
#6316 = B_SPLINE_CURVE_WITH_KNOTS('',3,(#6317,#6318,#6319,#6320),
  .UNSPECIFIED.,.F.,.F.,(4,4),(3.669106867986E-04,7.35041284685E-04),
  .PIECEWISE_BEZIER_KNOTS.);
#6317 = CARTESIAN_POINT('',(1.27,-0.83053322315,-0.343333333333));
#6318 = CARTESIAN_POINT('',(1.394129807124,-0.83053322315,
    -0.343333333333));
#6319 = CARTESIAN_POINT('',(1.515784306337,-0.790055185496,
    -0.340746950613));
#6320 = CARTESIAN_POINT('',(1.609428090416,-0.708184087733,
    -0.339428090415));
#6321 = ORIENTED_EDGE('',*,*,#6322,.F.);
#6322 = EDGE_CURVE('',#6242,#6314,#6323,.T.);
#6323 = CIRCLE('',#6324,0.55);
#6324 = AXIS2_PLACEMENT_3D('',#6325,#6326,#6327);
#6325 = CARTESIAN_POINT('',(1.27,-0.36528538,-5.E-02));
#6326 = DIRECTION('',(-1.,0.,-0.));
#6327 = DIRECTION('',(-0.,0.,1.));
#6328 = SURFACE_OF_REVOLUTION('',#6329,#6337);
#6329 = B_SPLINE_CURVE_WITH_KNOTS('',6,(#6330,#6331,#6332,#6333,#6334,
    #6335,#6336),.UNSPECIFIED.,.F.,.F.,(7,7),(0.,1.008260085193),
  .PIECEWISE_BEZIER_KNOTS.);
#6330 = CARTESIAN_POINT('',(1.27,-0.36528538,-0.6));
#6331 = CARTESIAN_POINT('',(1.27,-0.457709221143,-0.6));
#6332 = CARTESIAN_POINT('',(1.27,-0.550132402892,-0.581362867522));
#6333 = CARTESIAN_POINT('',(1.27,-0.637861660483,-0.544086465511));
#6334 = CARTESIAN_POINT('',(1.27,-0.716182898862,-0.489756580519));
#6335 = CARTESIAN_POINT('',(1.27,-0.781240508967,-0.421515137105));
#6336 = CARTESIAN_POINT('',(1.27,-0.830533224013,-0.343333331965));
#6337 = AXIS1_PLACEMENT('',#6338,#6339);
#6338 = CARTESIAN_POINT('',(1.27,-0.36528538,0.));
#6339 = DIRECTION('',(0.,-1.,0.));
#6340 = ADVANCED_FACE('',(#6341),#6376,.F.);
#6341 = FACE_BOUND('',#6342,.T.);
#6342 = EDGE_LOOP('',(#6343,#6354,#6362,#6370));
#6343 = ORIENTED_EDGE('',*,*,#6344,.F.);
#6344 = EDGE_CURVE('',#6345,#6347,#6349,.T.);
#6345 = VERTEX_POINT('',#6346);
#6346 = CARTESIAN_POINT('',(1.02,-0.953909326765,0.25));
#6347 = VERTEX_POINT('',#6348);
#6348 = CARTESIAN_POINT('',(1.52,-0.953909326765,0.25));
#6349 = B_SPLINE_CURVE_WITH_KNOTS('',3,(#6350,#6351,#6352,#6353),
  .UNSPECIFIED.,.F.,.F.,(4,4),(0.,5.149310952809E-04),
  .PIECEWISE_BEZIER_KNOTS.);
#6350 = CARTESIAN_POINT('',(1.02,-0.953909326765,0.25));
#6351 = CARTESIAN_POINT('',(1.180275992135,-1.015369879129,0.25));
#6352 = CARTESIAN_POINT('',(1.359756974635,-1.015357237461,0.25));
#6353 = CARTESIAN_POINT('',(1.52,-0.953909326765,0.25));
#6354 = ORIENTED_EDGE('',*,*,#6355,.T.);
#6355 = EDGE_CURVE('',#6345,#6356,#6358,.T.);
#6356 = VERTEX_POINT('',#6357);
#6357 = CARTESIAN_POINT('',(1.02,0.,0.25));
#6358 = LINE('',#6359,#6360);
#6359 = CARTESIAN_POINT('',(1.02,-3.,0.25));
#6360 = VECTOR('',#6361,1.);
#6361 = DIRECTION('',(0.,1.,0.));
#6362 = ORIENTED_EDGE('',*,*,#6363,.T.);
#6363 = EDGE_CURVE('',#6356,#6364,#6366,.T.);
#6364 = VERTEX_POINT('',#6365);
#6365 = CARTESIAN_POINT('',(1.52,-4.336808689942E-16,0.25));
#6366 = LINE('',#6367,#6368);
#6367 = CARTESIAN_POINT('',(1.27,0.,0.25));
#6368 = VECTOR('',#6369,1.);
#6369 = DIRECTION('',(1.,0.,0.));
#6370 = ORIENTED_EDGE('',*,*,#6371,.T.);
#6371 = EDGE_CURVE('',#6364,#6347,#6372,.T.);
#6372 = LINE('',#6373,#6374);
#6373 = CARTESIAN_POINT('',(1.52,-3.,0.25));
#6374 = VECTOR('',#6375,1.);
#6375 = DIRECTION('',(0.,-1.,0.));
#6376 = PLANE('',#6377);
#6377 = AXIS2_PLACEMENT_3D('',#6378,#6379,#6380);
#6378 = CARTESIAN_POINT('',(1.02,-3.,0.25));
#6379 = DIRECTION('',(0.,0.,1.));
#6380 = DIRECTION('',(-1.,0.,0.));
#6381 = ADVANCED_FACE('',(#6382),#6420,.T.);
#6382 = FACE_BOUND('',#6383,.T.);
#6383 = EDGE_LOOP('',(#6384,#6385,#6392,#6393,#6402,#6413));
#6384 = ORIENTED_EDGE('',*,*,#6284,.F.);
#6385 = ORIENTED_EDGE('',*,*,#6386,.T.);
#6386 = EDGE_CURVE('',#6244,#6242,#6387,.T.);
#6387 = CIRCLE('',#6388,0.6);
#6388 = AXIS2_PLACEMENT_3D('',#6389,#6390,#6391);
#6389 = CARTESIAN_POINT('',(1.27,-0.36528538,0.));
#6390 = DIRECTION('',(0.,-1.,0.));
#6391 = DIRECTION('',(0.,0.,-1.));
#6392 = ORIENTED_EDGE('',*,*,#6322,.T.);
#6393 = ORIENTED_EDGE('',*,*,#6394,.F.);
#6394 = EDGE_CURVE('',#6395,#6314,#6397,.T.);
#6395 = VERTEX_POINT('',#6396);
#6396 = CARTESIAN_POINT('',(0.930571909585,-0.708184087733,
    -0.339428090416));
#6397 = B_SPLINE_CURVE_WITH_KNOTS('',3,(#6398,#6399,#6400,#6401),
  .UNSPECIFIED.,.F.,.F.,(4,4),(0.,3.669106867986E-04),
  .PIECEWISE_BEZIER_KNOTS.);
#6398 = CARTESIAN_POINT('',(0.930571909585,-0.708184087733,
    -0.339428090416));
#6399 = CARTESIAN_POINT('',(1.023850349603,-0.789735771671,
    -0.340741805181));
#6400 = CARTESIAN_POINT('',(1.146281534201,-0.83053322315,
    -0.343333333333));
#6401 = CARTESIAN_POINT('',(1.27,-0.83053322315,-0.343333333333));
#6402 = ORIENTED_EDGE('',*,*,#6403,.F.);
#6403 = EDGE_CURVE('',#6404,#6395,#6406,.T.);
#6404 = VERTEX_POINT('',#6405);
#6405 = CARTESIAN_POINT('',(0.930571909585,-0.708184087733,
    0.339428090416));
#6406 = B_SPLINE_CURVE_WITH_KNOTS('',3,(#6407,#6408,#6409,#6410,#6411,
    #6412),.UNSPECIFIED.,.F.,.F.,(4,2,4),(8.924087115509E-16,
    3.675206423427E-04,7.350412846845E-04),.UNSPECIFIED.);
#6407 = CARTESIAN_POINT('',(0.930571909585,-0.708184087733,
    0.339428090416));
#6408 = CARTESIAN_POINT('',(0.929256010888,-0.789871343906,0.2459945835)
  );
#6409 = CARTESIAN_POINT('',(0.926658041766,-0.83066781193,0.123284811925
    ));
#6410 = CARTESIAN_POINT('',(0.926675334621,-0.830397962527,
    -0.124518724522));
#6411 = CARTESIAN_POINT('',(0.929255234607,-0.789919533283,
    -0.245939464712));
#6412 = CARTESIAN_POINT('',(0.930571909585,-0.708184087733,
    -0.339428090416));
#6413 = ORIENTED_EDGE('',*,*,#6414,.F.);
#6414 = EDGE_CURVE('',#6285,#6404,#6415,.T.);
#6415 = B_SPLINE_CURVE_WITH_KNOTS('',3,(#6416,#6417,#6418,#6419),
  .UNSPECIFIED.,.F.,.F.,(4,4),(3.669106867986E-04,7.350412846847E-04),
  .PIECEWISE_BEZIER_KNOTS.);
#6416 = CARTESIAN_POINT('',(1.27,-0.83053322315,0.343333333333));
#6417 = CARTESIAN_POINT('',(1.145870192876,-0.83053322315,0.343333333333
    ));
#6418 = CARTESIAN_POINT('',(1.024215693663,-0.790055185495,
    0.340746950613));
#6419 = CARTESIAN_POINT('',(0.930571909585,-0.708184087733,
    0.339428090416));
#6420 = SURFACE_OF_REVOLUTION('',#6421,#6429);
#6421 = B_SPLINE_CURVE_WITH_KNOTS('',6,(#6422,#6423,#6424,#6425,#6426,
    #6427,#6428),.UNSPECIFIED.,.F.,.F.,(7,7),(0.,1.008260085193),
  .PIECEWISE_BEZIER_KNOTS.);
#6422 = CARTESIAN_POINT('',(1.27,-0.36528538,-0.6));
#6423 = CARTESIAN_POINT('',(1.27,-0.457709221143,-0.6));
#6424 = CARTESIAN_POINT('',(1.27,-0.550132402892,-0.581362867522));
#6425 = CARTESIAN_POINT('',(1.27,-0.637861660483,-0.544086465511));
#6426 = CARTESIAN_POINT('',(1.27,-0.716182898862,-0.489756580519));
#6427 = CARTESIAN_POINT('',(1.27,-0.781240508967,-0.421515137105));
#6428 = CARTESIAN_POINT('',(1.27,-0.830533224013,-0.343333331965));
#6429 = AXIS1_PLACEMENT('',#6430,#6431);
#6430 = CARTESIAN_POINT('',(1.27,-0.36528538,0.));
#6431 = DIRECTION('',(0.,-1.,0.));
#6432 = ADVANCED_FACE('',(#6433),#6456,.F.);
#6433 = FACE_BOUND('',#6434,.F.);
#6434 = EDGE_LOOP('',(#6435,#6444,#6445,#6446,#6455));
#6435 = ORIENTED_EDGE('',*,*,#6436,.F.);
#6436 = EDGE_CURVE('',#6404,#6345,#6437,.T.);
#6437 = B_SPLINE_CURVE_WITH_KNOTS('',3,(#6438,#6439,#6440,#6441,#6442,
    #6443),.UNSPECIFIED.,.F.,.F.,(4,2,4),(-2.566325591965E-06,
    1.382116633846E-04,2.789896523612E-04),.UNSPECIFIED.);
#6438 = CARTESIAN_POINT('',(0.930571909585,-0.708184087733,
    0.339428090416));
#6439 = CARTESIAN_POINT('',(0.951259107534,-0.744873716806,
    0.318740892469));
#6440 = CARTESIAN_POINT('',(0.97191280291,-0.781725486939,0.29808719709)
  );
#6441 = CARTESIAN_POINT('',(1.005923690762,-0.86170348181,0.264076309238
    ));
#6442 = CARTESIAN_POINT('',(1.02,-0.90613131984,0.25));
#6443 = CARTESIAN_POINT('',(1.02,-0.953909326765,0.25));
#6444 = ORIENTED_EDGE('',*,*,#6414,.F.);
#6445 = ORIENTED_EDGE('',*,*,#6293,.F.);
#6446 = ORIENTED_EDGE('',*,*,#6447,.T.);
#6447 = EDGE_CURVE('',#6294,#6347,#6448,.T.);
#6448 = B_SPLINE_CURVE_WITH_KNOTS('',3,(#6449,#6450,#6451,#6452,#6453,
    #6454),.UNSPECIFIED.,.F.,.F.,(4,2,4),(-2.566325591967E-06,
    1.382116633846E-04,2.789896523612E-04),.UNSPECIFIED.);
#6449 = CARTESIAN_POINT('',(1.609428090415,-0.708184087733,
    0.339428090416));
#6450 = CARTESIAN_POINT('',(1.588740892469,-0.744873716806,
    0.318740892466));
#6451 = CARTESIAN_POINT('',(1.56808719709,-0.781725486939,0.29808719709)
  );
#6452 = CARTESIAN_POINT('',(1.534076309238,-0.86170348181,0.264076309238
    ));
#6453 = CARTESIAN_POINT('',(1.52,-0.90613131984,0.25));
#6454 = CARTESIAN_POINT('',(1.52,-0.953909326765,0.25));
#6455 = ORIENTED_EDGE('',*,*,#6344,.F.);
#6456 = ( BOUNDED_SURFACE() B_SPLINE_SURFACE(3,2,(
    (#6457,#6458,#6459)
    ,(#6460,#6461,#6462)
    ,(#6463,#6464,#6465)
    ,(#6466,#6467,#6468)
    ,(#6469,#6470,#6471)
    ,(#6472,#6473,#6474
)),.UNSPECIFIED.,.F.,.F.,.F.) B_SPLINE_SURFACE_WITH_KNOTS((4,2,4),(3,3),
  (1.040290242745E-03,1.535147072079E-03,2.030003901413E-03),(0.,1.),
.UNSPECIFIED.) GEOMETRIC_REPRESENTATION_ITEM() RATIONAL_B_SPLINE_SURFACE
((
    (1.,0.881218111854,1.)
    ,(1.,0.879721282842,1.)
    ,(1.,0.875586404508,1.)
    ,(1.,0.875603695599,1.)
    ,(1.,0.879714376944,1.)
,(1.,0.881217888699,1.))) REPRESENTATION_ITEM('') SURFACE() );
#6457 = CARTESIAN_POINT('',(1.724424463609,-0.828914153103,0.25));
#6458 = CARTESIAN_POINT('',(1.652499652031,-0.749308797281,0.25));
#6459 = CARTESIAN_POINT('',(1.612718706114,-0.705279813609,
    0.339381855736));
#6460 = CARTESIAN_POINT('',(1.600744718246,-0.940660827876,0.25));
#6461 = CARTESIAN_POINT('',(1.548812920009,-0.841647053409,0.25));
#6462 = CARTESIAN_POINT('',(1.520997771493,-0.787000941821,
    0.340667528821));
#6463 = CARTESIAN_POINT('',(1.436326217414,-0.999842910997,0.25));
#6464 = CARTESIAN_POINT('',(1.410615335025,-0.889482905277,0.25));
#6465 = CARTESIAN_POINT('',(1.396900720324,-0.830627582642,0.34333938767
    ));
#6466 = CARTESIAN_POINT('',(1.102571252549,-0.999585177268,0.25));
#6467 = CARTESIAN_POINT('',(1.128455360396,-0.889274352548,0.25));
#6468 = CARTESIAN_POINT('',(1.142258090116,-0.830438551419,
    0.343327258987));
#6469 = CARTESIAN_POINT('',(0.939710578855,-0.941065184885,0.25));
#6470 = CARTESIAN_POINT('',(0.991576924084,-0.841988366663,0.25));
#6471 = CARTESIAN_POINT('',(1.019354025493,-0.787309113319,
    0.340672436988));
#6472 = CARTESIAN_POINT('',(0.815590628518,-0.828927788663,0.25));
#6473 = CARTESIAN_POINT('',(0.887512985504,-0.749320051288,0.25));
#6474 = CARTESIAN_POINT('',(0.927292517234,-0.70528981302,0.339382013054
    ));
#6475 = ADVANCED_FACE('',(#6476),#6488,.T.);
#6476 = FACE_BOUND('',#6477,.T.);
#6477 = EDGE_LOOP('',(#6478,#6479,#6480,#6481));
#6478 = ORIENTED_EDGE('',*,*,#6252,.F.);
#6479 = ORIENTED_EDGE('',*,*,#6386,.F.);
#6480 = ORIENTED_EDGE('',*,*,#6269,.T.);
#6481 = ORIENTED_EDGE('',*,*,#6482,.F.);
#6482 = EDGE_CURVE('',#6253,#6261,#6483,.T.);
#6483 = CIRCLE('',#6484,0.6);
#6484 = AXIS2_PLACEMENT_3D('',#6485,#6486,#6487);
#6485 = CARTESIAN_POINT('',(1.27,0.,0.));
#6486 = DIRECTION('',(-0.,1.,0.));
#6487 = DIRECTION('',(0.,0.,-1.));
#6488 = CYLINDRICAL_SURFACE('',#6489,0.6);
#6489 = AXIS2_PLACEMENT_3D('',#6490,#6491,#6492);
#6490 = CARTESIAN_POINT('',(1.27,-0.91528538,0.));
#6491 = DIRECTION('',(0.,1.,0.));
#6492 = DIRECTION('',(0.,-0.,1.));
#6493 = ADVANCED_FACE('',(#6494,#6498),#6523,.F.);
#6494 = FACE_BOUND('',#6495,.T.);
#6495 = EDGE_LOOP('',(#6496,#6497));
#6496 = ORIENTED_EDGE('',*,*,#6260,.T.);
#6497 = ORIENTED_EDGE('',*,*,#6482,.T.);
#6498 = FACE_BOUND('',#6499,.T.);
#6499 = EDGE_LOOP('',(#6500,#6501,#6509,#6517));
#6500 = ORIENTED_EDGE('',*,*,#6363,.F.);
#6501 = ORIENTED_EDGE('',*,*,#6502,.T.);
#6502 = EDGE_CURVE('',#6356,#6503,#6505,.T.);
#6503 = VERTEX_POINT('',#6504);
#6504 = CARTESIAN_POINT('',(1.02,-4.336808689942E-16,-0.25));
#6505 = LINE('',#6506,#6507);
#6506 = CARTESIAN_POINT('',(1.02,-4.336808689942E-16,-0.25));
#6507 = VECTOR('',#6508,1.);
#6508 = DIRECTION('',(0.,0.,-1.));
#6509 = ORIENTED_EDGE('',*,*,#6510,.F.);
#6510 = EDGE_CURVE('',#6511,#6503,#6513,.T.);
#6511 = VERTEX_POINT('',#6512);
#6512 = CARTESIAN_POINT('',(1.52,0.,-0.25));
#6513 = LINE('',#6514,#6515);
#6514 = CARTESIAN_POINT('',(1.27,0.,-0.25));
#6515 = VECTOR('',#6516,1.);
#6516 = DIRECTION('',(-1.,0.,0.));
#6517 = ORIENTED_EDGE('',*,*,#6518,.T.);
#6518 = EDGE_CURVE('',#6511,#6364,#6519,.T.);
#6519 = LINE('',#6520,#6521);
#6520 = CARTESIAN_POINT('',(1.52,-4.336808689942E-16,0.25));
#6521 = VECTOR('',#6522,1.);
#6522 = DIRECTION('',(0.,0.,1.));
#6523 = PLANE('',#6524);
#6524 = AXIS2_PLACEMENT_3D('',#6525,#6526,#6527);
#6525 = CARTESIAN_POINT('',(1.27,0.,0.));
#6526 = DIRECTION('',(0.,-1.,-0.));
#6527 = DIRECTION('',(-0.,0.,-1.));
#6528 = ADVANCED_FACE('',(#6529),#6548,.F.);
#6529 = FACE_BOUND('',#6530,.T.);
#6530 = EDGE_LOOP('',(#6531,#6532,#6540,#6547));
#6531 = ORIENTED_EDGE('',*,*,#6518,.F.);
#6532 = ORIENTED_EDGE('',*,*,#6533,.F.);
#6533 = EDGE_CURVE('',#6534,#6511,#6536,.T.);
#6534 = VERTEX_POINT('',#6535);
#6535 = CARTESIAN_POINT('',(1.52,-0.953909326765,-0.25));
#6536 = LINE('',#6537,#6538);
#6537 = CARTESIAN_POINT('',(1.52,-3.,-0.25));
#6538 = VECTOR('',#6539,1.);
#6539 = DIRECTION('',(0.,1.,0.));
#6540 = ORIENTED_EDGE('',*,*,#6541,.F.);
#6541 = EDGE_CURVE('',#6347,#6534,#6542,.T.);
#6542 = B_SPLINE_CURVE_WITH_KNOTS('',3,(#6543,#6544,#6545,#6546),
  .UNSPECIFIED.,.F.,.F.,(4,4),(0.,5.149310952809E-04),
  .PIECEWISE_BEZIER_KNOTS.);
#6543 = CARTESIAN_POINT('',(1.52,-0.953909326765,0.25));
#6544 = CARTESIAN_POINT('',(1.52,-1.015369879129,8.972400786539E-02));
#6545 = CARTESIAN_POINT('',(1.52,-1.015357237461,-8.975697463469E-02));
#6546 = CARTESIAN_POINT('',(1.52,-0.953909326765,-0.25));
#6547 = ORIENTED_EDGE('',*,*,#6371,.F.);
#6548 = PLANE('',#6549);
#6549 = AXIS2_PLACEMENT_3D('',#6550,#6551,#6552);
#6550 = CARTESIAN_POINT('',(1.52,-2.,0.25));
#6551 = DIRECTION('',(1.,0.,-0.));
#6552 = DIRECTION('',(0.,0.,1.));
#6553 = ADVANCED_FACE('',(#6554),#6573,.F.);
#6554 = FACE_BOUND('',#6555,.T.);
#6555 = EDGE_LOOP('',(#6556,#6565,#6571,#6572));
#6556 = ORIENTED_EDGE('',*,*,#6557,.F.);
#6557 = EDGE_CURVE('',#6558,#6345,#6560,.T.);
#6558 = VERTEX_POINT('',#6559);
#6559 = CARTESIAN_POINT('',(1.02,-0.953909326765,-0.25));
#6560 = B_SPLINE_CURVE_WITH_KNOTS('',3,(#6561,#6562,#6563,#6564),
  .UNSPECIFIED.,.F.,.F.,(4,4),(0.,5.149310952809E-04),
  .PIECEWISE_BEZIER_KNOTS.);
#6561 = CARTESIAN_POINT('',(1.02,-0.953909326765,-0.25));
#6562 = CARTESIAN_POINT('',(1.02,-1.015369879129,-8.972400786539E-02));
#6563 = CARTESIAN_POINT('',(1.02,-1.015357237461,8.975697463469E-02));
#6564 = CARTESIAN_POINT('',(1.02,-0.953909326765,0.25));
#6565 = ORIENTED_EDGE('',*,*,#6566,.T.);
#6566 = EDGE_CURVE('',#6558,#6503,#6567,.T.);
#6567 = LINE('',#6568,#6569);
#6568 = CARTESIAN_POINT('',(1.02,-2.,-0.25));
#6569 = VECTOR('',#6570,1.);
#6570 = DIRECTION('',(0.,1.,0.));
#6571 = ORIENTED_EDGE('',*,*,#6502,.F.);
#6572 = ORIENTED_EDGE('',*,*,#6355,.F.);
#6573 = PLANE('',#6574);
#6574 = AXIS2_PLACEMENT_3D('',#6575,#6576,#6577);
#6575 = CARTESIAN_POINT('',(1.02,-2.,-0.25));
#6576 = DIRECTION('',(-1.,0.,0.));
#6577 = DIRECTION('',(0.,0.,-1.));
#6578 = ADVANCED_FACE('',(#6579),#6593,.F.);
#6579 = FACE_BOUND('',#6580,.F.);
#6580 = EDGE_LOOP('',(#6581,#6590,#6591,#6592));
#6581 = ORIENTED_EDGE('',*,*,#6582,.F.);
#6582 = EDGE_CURVE('',#6534,#6303,#6583,.T.);
#6583 = B_SPLINE_CURVE_WITH_KNOTS('',3,(#6584,#6585,#6586,#6587,#6588,
    #6589),.UNSPECIFIED.,.F.,.F.,(4,2,4),(9.006059638196E-19,
    1.404793661642E-04,2.809587323283E-04),.UNSPECIFIED.);
#6584 = CARTESIAN_POINT('',(1.52,-0.953909326765,-0.25));
#6585 = CARTESIAN_POINT('',(1.52,-0.906130385574,-0.25));
#6586 = CARTESIAN_POINT('',(1.534076822686,-0.861701785781,
    -0.264076822686));
#6587 = CARTESIAN_POINT('',(1.56808867883,-0.781722491231,-0.29808867883
    ));
#6588 = CARTESIAN_POINT('',(1.588784774818,-0.744795889581,
    -0.31878477482));
#6589 = CARTESIAN_POINT('',(1.609428090416,-0.708184087733,
    -0.339428090415));
#6590 = ORIENTED_EDGE('',*,*,#6541,.F.);
#6591 = ORIENTED_EDGE('',*,*,#6447,.F.);
#6592 = ORIENTED_EDGE('',*,*,#6302,.F.);
#6593 = ( BOUNDED_SURFACE() B_SPLINE_SURFACE(3,2,(
    (#6594,#6595,#6596)
    ,(#6597,#6598,#6599)
    ,(#6600,#6601,#6602)
    ,(#6603,#6604,#6605)
    ,(#6606,#6607,#6608)
    ,(#6609,#6610,#6611
)),.UNSPECIFIED.,.F.,.F.,.F.) B_SPLINE_SURFACE_WITH_KNOTS((4,2,4),(3,3),
  (1.040290242745E-03,1.535147072079E-03,2.030003901413E-03),(0.,1.),
.UNSPECIFIED.) GEOMETRIC_REPRESENTATION_ITEM() RATIONAL_B_SPLINE_SURFACE
((
    (1.,0.881218111854,1.)
    ,(1.,0.879721282842,1.)
    ,(1.,0.875586404508,1.)
    ,(1.,0.875603695599,1.)
    ,(1.,0.879714376944,1.)
,(1.,0.881217888699,1.))) REPRESENTATION_ITEM('') SURFACE() );
#6594 = CARTESIAN_POINT('',(1.52,-0.828914153103,-0.454424463609));
#6595 = CARTESIAN_POINT('',(1.52,-0.749308797281,-0.382499652031));
#6596 = CARTESIAN_POINT('',(1.609381855736,-0.705279813609,
    -0.342718706114));
#6597 = CARTESIAN_POINT('',(1.52,-0.940660827876,-0.330744718246));
#6598 = CARTESIAN_POINT('',(1.52,-0.841647053409,-0.278812920009));
#6599 = CARTESIAN_POINT('',(1.610667528821,-0.787000941821,
    -0.250997771493));
#6600 = CARTESIAN_POINT('',(1.52,-0.999842910997,-0.166326217414));
#6601 = CARTESIAN_POINT('',(1.52,-0.889482905277,-0.140615335025));
#6602 = CARTESIAN_POINT('',(1.61333938767,-0.830627582642,
    -0.126900720324));
#6603 = CARTESIAN_POINT('',(1.52,-0.999585177268,0.167428747451));
#6604 = CARTESIAN_POINT('',(1.52,-0.889274352548,0.141544639604));
#6605 = CARTESIAN_POINT('',(1.613327258987,-0.830438551419,
    0.127741909884));
#6606 = CARTESIAN_POINT('',(1.52,-0.941065184885,0.330289421145));
#6607 = CARTESIAN_POINT('',(1.52,-0.841988366663,0.278423075916));
#6608 = CARTESIAN_POINT('',(1.610672436988,-0.787309113319,
    0.250645974508));
#6609 = CARTESIAN_POINT('',(1.52,-0.828927788663,0.454409371483));
#6610 = CARTESIAN_POINT('',(1.52,-0.749320051288,0.382487014497));
#6611 = CARTESIAN_POINT('',(1.609382013054,-0.70528981302,0.342707482766
    ));
#6612 = ADVANCED_FACE('',(#6613),#6625,.F.);
#6613 = FACE_BOUND('',#6614,.T.);
#6614 = EDGE_LOOP('',(#6615,#6616,#6617,#6624));
#6615 = ORIENTED_EDGE('',*,*,#6510,.T.);
#6616 = ORIENTED_EDGE('',*,*,#6566,.F.);
#6617 = ORIENTED_EDGE('',*,*,#6618,.F.);
#6618 = EDGE_CURVE('',#6534,#6558,#6619,.T.);
#6619 = B_SPLINE_CURVE_WITH_KNOTS('',3,(#6620,#6621,#6622,#6623),
  .UNSPECIFIED.,.F.,.F.,(4,4),(1.167721476618E-18,5.149310952809E-04),
  .PIECEWISE_BEZIER_KNOTS.);
#6620 = CARTESIAN_POINT('',(1.52,-0.953909326765,-0.25));
#6621 = CARTESIAN_POINT('',(1.359724007865,-1.015369879129,-0.25));
#6622 = CARTESIAN_POINT('',(1.180243025365,-1.015357237461,-0.25));
#6623 = CARTESIAN_POINT('',(1.02,-0.953909326765,-0.25));
#6624 = ORIENTED_EDGE('',*,*,#6533,.T.);
#6625 = PLANE('',#6626);
#6626 = AXIS2_PLACEMENT_3D('',#6627,#6628,#6629);
#6627 = CARTESIAN_POINT('',(1.52,-3.,-0.25));
#6628 = DIRECTION('',(0.,0.,-1.));
#6629 = DIRECTION('',(1.,0.,0.));
#6630 = ADVANCED_FACE('',(#6631),#6645,.F.);
#6631 = FACE_BOUND('',#6632,.F.);
#6632 = EDGE_LOOP('',(#6633,#6634,#6643,#6644));
#6633 = ORIENTED_EDGE('',*,*,#6557,.F.);
#6634 = ORIENTED_EDGE('',*,*,#6635,.T.);
#6635 = EDGE_CURVE('',#6558,#6395,#6636,.T.);
#6636 = B_SPLINE_CURVE_WITH_KNOTS('',3,(#6637,#6638,#6639,#6640,#6641,
    #6642),.UNSPECIFIED.,.F.,.F.,(4,2,4),(5.448048490814E-19,
    1.404793661642E-04,2.809587323283E-04),.UNSPECIFIED.);
#6637 = CARTESIAN_POINT('',(1.02,-0.953909326765,-0.25));
#6638 = CARTESIAN_POINT('',(1.02,-0.906130385574,-0.25));
#6639 = CARTESIAN_POINT('',(1.005923177314,-0.861701785781,
    -0.264076822686));
#6640 = CARTESIAN_POINT('',(0.97191132117,-0.781722491231,-0.29808867883
    ));
#6641 = CARTESIAN_POINT('',(0.951215225179,-0.744795889581,
    -0.318784774818));
#6642 = CARTESIAN_POINT('',(0.930571909585,-0.708184087733,
    -0.339428090416));
#6643 = ORIENTED_EDGE('',*,*,#6403,.F.);
#6644 = ORIENTED_EDGE('',*,*,#6436,.T.);
#6645 = ( BOUNDED_SURFACE() B_SPLINE_SURFACE(3,2,(
    (#6646,#6647,#6648)
    ,(#6649,#6650,#6651)
    ,(#6652,#6653,#6654)
    ,(#6655,#6656,#6657)
    ,(#6658,#6659,#6660)
    ,(#6661,#6662,#6663
)),.UNSPECIFIED.,.F.,.F.,.F.) B_SPLINE_SURFACE_WITH_KNOTS((4,2,4),(3,3),
  (1.040290242745E-03,1.535147072079E-03,2.030003901413E-03),(0.,1.),
.UNSPECIFIED.) GEOMETRIC_REPRESENTATION_ITEM() RATIONAL_B_SPLINE_SURFACE
((
    (1.,0.881218111854,1.)
    ,(1.,0.879721282842,1.)
    ,(1.,0.875586404508,1.)
    ,(1.,0.875603695599,1.)
    ,(1.,0.879714376944,1.)
,(1.,0.881217888699,1.))) REPRESENTATION_ITEM('') SURFACE() );
#6646 = CARTESIAN_POINT('',(1.02,-0.828914153103,0.454424463609));
#6647 = CARTESIAN_POINT('',(1.02,-0.749308797281,0.382499652031));
#6648 = CARTESIAN_POINT('',(0.930618144264,-0.705279813609,
    0.342718706114));
#6649 = CARTESIAN_POINT('',(1.02,-0.940660827876,0.330744718246));
#6650 = CARTESIAN_POINT('',(1.02,-0.841647053409,0.278812920009));
#6651 = CARTESIAN_POINT('',(0.929332471179,-0.787000941821,
    0.250997771493));
#6652 = CARTESIAN_POINT('',(1.02,-0.999842910997,0.166326217414));
#6653 = CARTESIAN_POINT('',(1.02,-0.889482905277,0.140615335025));
#6654 = CARTESIAN_POINT('',(0.92666061233,-0.830627582642,0.126900720324
    ));
#6655 = CARTESIAN_POINT('',(1.02,-0.999585177268,-0.167428747451));
#6656 = CARTESIAN_POINT('',(1.02,-0.889274352548,-0.141544639604));
#6657 = CARTESIAN_POINT('',(0.926672741013,-0.830438551419,
    -0.127741909884));
#6658 = CARTESIAN_POINT('',(1.02,-0.941065184885,-0.330289421145));
#6659 = CARTESIAN_POINT('',(1.02,-0.841988366663,-0.278423075916));
#6660 = CARTESIAN_POINT('',(0.929327563012,-0.787309113319,
    -0.250645974508));
#6661 = CARTESIAN_POINT('',(1.02,-0.828927788663,-0.454409371483));
#6662 = CARTESIAN_POINT('',(1.02,-0.749320051288,-0.382487014497));
#6663 = CARTESIAN_POINT('',(0.930617986946,-0.70528981302,
    -0.342707482766));
#6664 = ADVANCED_FACE('',(#6665),#6672,.F.);
#6665 = FACE_BOUND('',#6666,.F.);
#6666 = EDGE_LOOP('',(#6667,#6668,#6669,#6670,#6671));
#6667 = ORIENTED_EDGE('',*,*,#6635,.F.);
#6668 = ORIENTED_EDGE('',*,*,#6618,.F.);
#6669 = ORIENTED_EDGE('',*,*,#6582,.T.);
#6670 = ORIENTED_EDGE('',*,*,#6313,.F.);
#6671 = ORIENTED_EDGE('',*,*,#6394,.F.);
#6672 = ( BOUNDED_SURFACE() B_SPLINE_SURFACE(3,2,(
    (#6673,#6674,#6675)
    ,(#6676,#6677,#6678)
    ,(#6679,#6680,#6681)
    ,(#6682,#6683,#6684)
    ,(#6685,#6686,#6687)
    ,(#6688,#6689,#6690
)),.UNSPECIFIED.,.F.,.F.,.F.) B_SPLINE_SURFACE_WITH_KNOTS((4,2,4),(3,3),
  (1.040290242745E-03,1.535147072079E-03,2.030003901413E-03),(0.,1.),
.UNSPECIFIED.) GEOMETRIC_REPRESENTATION_ITEM() RATIONAL_B_SPLINE_SURFACE
((
    (1.,0.881218111854,1.)
    ,(1.,0.879721282842,1.)
    ,(1.,0.875586404508,1.)
    ,(1.,0.875603695599,1.)
    ,(1.,0.879714376944,1.)
,(1.,0.881217888699,1.))) REPRESENTATION_ITEM('') SURFACE() );
#6673 = CARTESIAN_POINT('',(0.815575536391,-0.828914153103,-0.25));
#6674 = CARTESIAN_POINT('',(0.887500347969,-0.749308797281,-0.25));
#6675 = CARTESIAN_POINT('',(0.927281293886,-0.705279813609,
    -0.339381855736));
#6676 = CARTESIAN_POINT('',(0.939255281754,-0.940660827876,-0.25));
#6677 = CARTESIAN_POINT('',(0.991187079991,-0.841647053409,-0.25));
#6678 = CARTESIAN_POINT('',(1.019002228507,-0.787000941821,
    -0.340667528821));
#6679 = CARTESIAN_POINT('',(1.103673782586,-0.999842910997,-0.25));
#6680 = CARTESIAN_POINT('',(1.129384664975,-0.889482905277,-0.25));
#6681 = CARTESIAN_POINT('',(1.143099279676,-0.830627582642,
    -0.34333938767));
#6682 = CARTESIAN_POINT('',(1.437428747451,-0.999585177268,-0.25));
#6683 = CARTESIAN_POINT('',(1.411544639604,-0.889274352548,-0.25));
#6684 = CARTESIAN_POINT('',(1.397741909884,-0.830438551419,
    -0.343327258987));
#6685 = CARTESIAN_POINT('',(1.600289421145,-0.941065184885,-0.25));
#6686 = CARTESIAN_POINT('',(1.548423075916,-0.841988366663,-0.25));
#6687 = CARTESIAN_POINT('',(1.520645974508,-0.787309113319,
    -0.340672436988));
#6688 = CARTESIAN_POINT('',(1.724409371483,-0.828927788663,-0.25));
#6689 = CARTESIAN_POINT('',(1.652487014497,-0.749320051288,-0.25));
#6690 = CARTESIAN_POINT('',(1.612707482766,-0.70528981302,
    -0.339382013054));
#6691 = MANIFOLD_SOLID_BREP('',#6692);
#6692 = CLOSED_SHELL('',(#6693,#6797,#6901,#6923,#6945,#6967,#6984,#6996
    ,#7013,#7030,#7047,#7064,#7081,#7093));
#6693 = ADVANCED_FACE('',(#6694),#6792,.F.);
#6694 = FACE_BOUND('',#6695,.T.);
#6695 = EDGE_LOOP('',(#6696,#6706,#6714,#6722,#6730,#6738,#6746,#6754,
    #6762,#6770,#6778,#6786));
#6696 = ORIENTED_EDGE('',*,*,#6697,.F.);
#6697 = EDGE_CURVE('',#6698,#6700,#6702,.T.);
#6698 = VERTEX_POINT('',#6699);
#6699 = CARTESIAN_POINT('',(-1.02,-25.5,0.25));
#6700 = VERTEX_POINT('',#6701);
#6701 = CARTESIAN_POINT('',(-1.52,-25.5,0.25));
#6702 = LINE('',#6703,#6704);
#6703 = CARTESIAN_POINT('',(-1.02,-25.5,0.25));
#6704 = VECTOR('',#6705,1.);
#6705 = DIRECTION('',(-1.,0.,0.));
#6706 = ORIENTED_EDGE('',*,*,#6707,.T.);
#6707 = EDGE_CURVE('',#6698,#6708,#6710,.T.);
#6708 = VERTEX_POINT('',#6709);
#6709 = CARTESIAN_POINT('',(-1.02,-3.,0.25));
#6710 = LINE('',#6711,#6712);
#6711 = CARTESIAN_POINT('',(-1.02,-27.,0.25));
#6712 = VECTOR('',#6713,1.);
#6713 = DIRECTION('',(-0.,1.,-0.));
#6714 = ORIENTED_EDGE('',*,*,#6715,.F.);
#6715 = EDGE_CURVE('',#6716,#6708,#6718,.T.);
#6716 = VERTEX_POINT('',#6717);
#6717 = CARTESIAN_POINT('',(-0.92,-3.,0.25));
#6718 = LINE('',#6719,#6720);
#6719 = CARTESIAN_POINT('',(-0.92,-3.,0.25));
#6720 = VECTOR('',#6721,1.);
#6721 = DIRECTION('',(-1.,0.,0.));
#6722 = ORIENTED_EDGE('',*,*,#6723,.T.);
#6723 = EDGE_CURVE('',#6716,#6724,#6726,.T.);
#6724 = VERTEX_POINT('',#6725);
#6725 = CARTESIAN_POINT('',(-0.92,-2.,0.25));
#6726 = LINE('',#6727,#6728);
#6727 = CARTESIAN_POINT('',(-0.92,-3.,0.25));
#6728 = VECTOR('',#6729,1.);
#6729 = DIRECTION('',(-0.,1.,0.));
#6730 = ORIENTED_EDGE('',*,*,#6731,.T.);
#6731 = EDGE_CURVE('',#6724,#6732,#6734,.T.);
#6732 = VERTEX_POINT('',#6733);
#6733 = CARTESIAN_POINT('',(-1.02,-2.,0.25));
#6734 = LINE('',#6735,#6736);
#6735 = CARTESIAN_POINT('',(-0.92,-2.,0.25));
#6736 = VECTOR('',#6737,1.);
#6737 = DIRECTION('',(-1.,0.,0.));
#6738 = ORIENTED_EDGE('',*,*,#6739,.T.);
#6739 = EDGE_CURVE('',#6732,#6740,#6742,.T.);
#6740 = VERTEX_POINT('',#6741);
#6741 = CARTESIAN_POINT('',(-1.02,0.,0.25));
#6742 = LINE('',#6743,#6744);
#6743 = CARTESIAN_POINT('',(-1.02,-27.,0.25));
#6744 = VECTOR('',#6745,1.);
#6745 = DIRECTION('',(-0.,1.,-0.));
#6746 = ORIENTED_EDGE('',*,*,#6747,.T.);
#6747 = EDGE_CURVE('',#6740,#6748,#6750,.T.);
#6748 = VERTEX_POINT('',#6749);
#6749 = CARTESIAN_POINT('',(-1.52,0.,0.25));
#6750 = LINE('',#6751,#6752);
#6751 = CARTESIAN_POINT('',(-1.27,0.,0.25));
#6752 = VECTOR('',#6753,1.);
#6753 = DIRECTION('',(-1.,0.,-0.));
#6754 = ORIENTED_EDGE('',*,*,#6755,.F.);
#6755 = EDGE_CURVE('',#6756,#6748,#6758,.T.);
#6756 = VERTEX_POINT('',#6757);
#6757 = CARTESIAN_POINT('',(-1.52,-2.,0.25));
#6758 = LINE('',#6759,#6760);
#6759 = CARTESIAN_POINT('',(-1.52,-27.,0.25));
#6760 = VECTOR('',#6761,1.);
#6761 = DIRECTION('',(-0.,1.,-0.));
#6762 = ORIENTED_EDGE('',*,*,#6763,.T.);
#6763 = EDGE_CURVE('',#6756,#6764,#6766,.T.);
#6764 = VERTEX_POINT('',#6765);
#6765 = CARTESIAN_POINT('',(-1.62,-2.,0.25));
#6766 = LINE('',#6767,#6768);
#6767 = CARTESIAN_POINT('',(-0.92,-2.,0.25));
#6768 = VECTOR('',#6769,1.);
#6769 = DIRECTION('',(-1.,0.,0.));
#6770 = ORIENTED_EDGE('',*,*,#6771,.F.);
#6771 = EDGE_CURVE('',#6772,#6764,#6774,.T.);
#6772 = VERTEX_POINT('',#6773);
#6773 = CARTESIAN_POINT('',(-1.62,-3.,0.25));
#6774 = LINE('',#6775,#6776);
#6775 = CARTESIAN_POINT('',(-1.62,-3.,0.25));
#6776 = VECTOR('',#6777,1.);
#6777 = DIRECTION('',(-0.,1.,0.));
#6778 = ORIENTED_EDGE('',*,*,#6779,.F.);
#6779 = EDGE_CURVE('',#6780,#6772,#6782,.T.);
#6780 = VERTEX_POINT('',#6781);
#6781 = CARTESIAN_POINT('',(-1.52,-3.,0.25));
#6782 = LINE('',#6783,#6784);
#6783 = CARTESIAN_POINT('',(-0.92,-3.,0.25));
#6784 = VECTOR('',#6785,1.);
#6785 = DIRECTION('',(-1.,0.,0.));
#6786 = ORIENTED_EDGE('',*,*,#6787,.F.);
#6787 = EDGE_CURVE('',#6700,#6780,#6788,.T.);
#6788 = LINE('',#6789,#6790);
#6789 = CARTESIAN_POINT('',(-1.52,-27.,0.25));
#6790 = VECTOR('',#6791,1.);
#6791 = DIRECTION('',(-0.,1.,-0.));
#6792 = PLANE('',#6793);
#6793 = AXIS2_PLACEMENT_3D('',#6794,#6795,#6796);
#6794 = CARTESIAN_POINT('',(-1.52,-27.,0.25));
#6795 = DIRECTION('',(0.,0.,-1.));
#6796 = DIRECTION('',(-1.,0.,-0.));
#6797 = ADVANCED_FACE('',(#6798),#6896,.F.);
#6798 = FACE_BOUND('',#6799,.T.);
#6799 = EDGE_LOOP('',(#6800,#6810,#6818,#6826,#6834,#6842,#6850,#6858,
    #6866,#6874,#6882,#6890));
#6800 = ORIENTED_EDGE('',*,*,#6801,.F.);
#6801 = EDGE_CURVE('',#6802,#6804,#6806,.T.);
#6802 = VERTEX_POINT('',#6803);
#6803 = CARTESIAN_POINT('',(-1.52,-25.5,-0.25));
#6804 = VERTEX_POINT('',#6805);
#6805 = CARTESIAN_POINT('',(-1.02,-25.5,-0.25));
#6806 = LINE('',#6807,#6808);
#6807 = CARTESIAN_POINT('',(-1.52,-25.5,-0.25));
#6808 = VECTOR('',#6809,1.);
#6809 = DIRECTION('',(1.,0.,0.));
#6810 = ORIENTED_EDGE('',*,*,#6811,.T.);
#6811 = EDGE_CURVE('',#6802,#6812,#6814,.T.);
#6812 = VERTEX_POINT('',#6813);
#6813 = CARTESIAN_POINT('',(-1.52,-3.,-0.25));
#6814 = LINE('',#6815,#6816);
#6815 = CARTESIAN_POINT('',(-1.52,-27.,-0.25));
#6816 = VECTOR('',#6817,1.);
#6817 = DIRECTION('',(-0.,1.,-0.));
#6818 = ORIENTED_EDGE('',*,*,#6819,.F.);
#6819 = EDGE_CURVE('',#6820,#6812,#6822,.T.);
#6820 = VERTEX_POINT('',#6821);
#6821 = CARTESIAN_POINT('',(-1.62,-3.,-0.25));
#6822 = LINE('',#6823,#6824);
#6823 = CARTESIAN_POINT('',(-1.62,-3.,-0.25));
#6824 = VECTOR('',#6825,1.);
#6825 = DIRECTION('',(1.,0.,7.744301232039E-17));
#6826 = ORIENTED_EDGE('',*,*,#6827,.T.);
#6827 = EDGE_CURVE('',#6820,#6828,#6830,.T.);
#6828 = VERTEX_POINT('',#6829);
#6829 = CARTESIAN_POINT('',(-1.62,-2.,-0.25));
#6830 = LINE('',#6831,#6832);
#6831 = CARTESIAN_POINT('',(-1.62,-3.,-0.25));
#6832 = VECTOR('',#6833,1.);
#6833 = DIRECTION('',(-0.,1.,0.));
#6834 = ORIENTED_EDGE('',*,*,#6835,.T.);
#6835 = EDGE_CURVE('',#6828,#6836,#6838,.T.);
#6836 = VERTEX_POINT('',#6837);
#6837 = CARTESIAN_POINT('',(-1.52,-2.,-0.25));
#6838 = LINE('',#6839,#6840);
#6839 = CARTESIAN_POINT('',(-1.62,-2.,-0.25));
#6840 = VECTOR('',#6841,1.);
#6841 = DIRECTION('',(1.,0.,7.744301232039E-17));
#6842 = ORIENTED_EDGE('',*,*,#6843,.T.);
#6843 = EDGE_CURVE('',#6836,#6844,#6846,.T.);
#6844 = VERTEX_POINT('',#6845);
#6845 = CARTESIAN_POINT('',(-1.52,-4.336808689942E-16,-0.25));
#6846 = LINE('',#6847,#6848);
#6847 = CARTESIAN_POINT('',(-1.52,-27.,-0.25));
#6848 = VECTOR('',#6849,1.);
#6849 = DIRECTION('',(-0.,1.,-0.));
#6850 = ORIENTED_EDGE('',*,*,#6851,.F.);
#6851 = EDGE_CURVE('',#6852,#6844,#6854,.T.);
#6852 = VERTEX_POINT('',#6853);
#6853 = CARTESIAN_POINT('',(-1.02,-4.336808689942E-16,-0.25));
#6854 = LINE('',#6855,#6856);
#6855 = CARTESIAN_POINT('',(-1.52,-4.336808689942E-16,-0.25));
#6856 = VECTOR('',#6857,1.);
#6857 = DIRECTION('',(-1.,0.,0.));
#6858 = ORIENTED_EDGE('',*,*,#6859,.F.);
#6859 = EDGE_CURVE('',#6860,#6852,#6862,.T.);
#6860 = VERTEX_POINT('',#6861);
#6861 = CARTESIAN_POINT('',(-1.02,-2.,-0.25));
#6862 = LINE('',#6863,#6864);
#6863 = CARTESIAN_POINT('',(-1.02,-27.,-0.25));
#6864 = VECTOR('',#6865,1.);
#6865 = DIRECTION('',(-0.,1.,-0.));
#6866 = ORIENTED_EDGE('',*,*,#6867,.T.);
#6867 = EDGE_CURVE('',#6860,#6868,#6870,.T.);
#6868 = VERTEX_POINT('',#6869);
#6869 = CARTESIAN_POINT('',(-0.92,-2.,-0.25));
#6870 = LINE('',#6871,#6872);
#6871 = CARTESIAN_POINT('',(-1.62,-2.,-0.25));
#6872 = VECTOR('',#6873,1.);
#6873 = DIRECTION('',(1.,0.,7.744301232039E-17));
#6874 = ORIENTED_EDGE('',*,*,#6875,.F.);
#6875 = EDGE_CURVE('',#6876,#6868,#6878,.T.);
#6876 = VERTEX_POINT('',#6877);
#6877 = CARTESIAN_POINT('',(-0.92,-3.,-0.25));
#6878 = LINE('',#6879,#6880);
#6879 = CARTESIAN_POINT('',(-0.92,-3.,-0.25));
#6880 = VECTOR('',#6881,1.);
#6881 = DIRECTION('',(-0.,1.,0.));
#6882 = ORIENTED_EDGE('',*,*,#6883,.F.);
#6883 = EDGE_CURVE('',#6884,#6876,#6886,.T.);
#6884 = VERTEX_POINT('',#6885);
#6885 = CARTESIAN_POINT('',(-1.02,-3.,-0.25));
#6886 = LINE('',#6887,#6888);
#6887 = CARTESIAN_POINT('',(-1.62,-3.,-0.25));
#6888 = VECTOR('',#6889,1.);
#6889 = DIRECTION('',(1.,0.,7.744301232039E-17));
#6890 = ORIENTED_EDGE('',*,*,#6891,.F.);
#6891 = EDGE_CURVE('',#6804,#6884,#6892,.T.);
#6892 = LINE('',#6893,#6894);
#6893 = CARTESIAN_POINT('',(-1.02,-27.,-0.25));
#6894 = VECTOR('',#6895,1.);
#6895 = DIRECTION('',(-0.,1.,-0.));
#6896 = PLANE('',#6897);
#6897 = AXIS2_PLACEMENT_3D('',#6898,#6899,#6900);
#6898 = CARTESIAN_POINT('',(-1.52,-27.,-0.25));
#6899 = DIRECTION('',(-0.,0.,1.));
#6900 = DIRECTION('',(1.,0.,0.));
#6901 = ADVANCED_FACE('',(#6902),#6918,.T.);
#6902 = FACE_BOUND('',#6903,.T.);
#6903 = EDGE_LOOP('',(#6904,#6905,#6911,#6912));
#6904 = ORIENTED_EDGE('',*,*,#6811,.F.);
#6905 = ORIENTED_EDGE('',*,*,#6906,.F.);
#6906 = EDGE_CURVE('',#6700,#6802,#6907,.T.);
#6907 = LINE('',#6908,#6909);
#6908 = CARTESIAN_POINT('',(-1.52,-25.5,0.25));
#6909 = VECTOR('',#6910,1.);
#6910 = DIRECTION('',(0.,0.,-1.));
#6911 = ORIENTED_EDGE('',*,*,#6787,.T.);
#6912 = ORIENTED_EDGE('',*,*,#6913,.T.);
#6913 = EDGE_CURVE('',#6780,#6812,#6914,.T.);
#6914 = LINE('',#6915,#6916);
#6915 = CARTESIAN_POINT('',(-1.52,-3.,-0.25));
#6916 = VECTOR('',#6917,1.);
#6917 = DIRECTION('',(0.,0.,-1.));
#6918 = PLANE('',#6919);
#6919 = AXIS2_PLACEMENT_3D('',#6920,#6921,#6922);
#6920 = CARTESIAN_POINT('',(-1.52,-2.,0.25));
#6921 = DIRECTION('',(-1.,-0.,0.));
#6922 = DIRECTION('',(0.,0.,1.));
#6923 = ADVANCED_FACE('',(#6924),#6940,.T.);
#6924 = FACE_BOUND('',#6925,.T.);
#6925 = EDGE_LOOP('',(#6926,#6927,#6933,#6934));
#6926 = ORIENTED_EDGE('',*,*,#6707,.F.);
#6927 = ORIENTED_EDGE('',*,*,#6928,.F.);
#6928 = EDGE_CURVE('',#6804,#6698,#6929,.T.);
#6929 = LINE('',#6930,#6931);
#6930 = CARTESIAN_POINT('',(-1.02,-25.5,-0.25));
#6931 = VECTOR('',#6932,1.);
#6932 = DIRECTION('',(0.,0.,1.));
#6933 = ORIENTED_EDGE('',*,*,#6891,.T.);
#6934 = ORIENTED_EDGE('',*,*,#6935,.T.);
#6935 = EDGE_CURVE('',#6884,#6708,#6936,.T.);
#6936 = LINE('',#6937,#6938);
#6937 = CARTESIAN_POINT('',(-1.02,-3.,-0.25));
#6938 = VECTOR('',#6939,1.);
#6939 = DIRECTION('',(0.,0.,1.));
#6940 = PLANE('',#6941);
#6941 = AXIS2_PLACEMENT_3D('',#6942,#6943,#6944);
#6942 = CARTESIAN_POINT('',(-1.02,-2.,-0.25));
#6943 = DIRECTION('',(1.,0.,-0.));
#6944 = DIRECTION('',(-0.,0.,-1.));
#6945 = ADVANCED_FACE('',(#6946),#6962,.F.);
#6946 = FACE_BOUND('',#6947,.T.);
#6947 = EDGE_LOOP('',(#6948,#6954,#6955,#6961));
#6948 = ORIENTED_EDGE('',*,*,#6949,.T.);
#6949 = EDGE_CURVE('',#6868,#6724,#6950,.T.);
#6950 = LINE('',#6951,#6952);
#6951 = CARTESIAN_POINT('',(-0.92,-2.,-0.25));
#6952 = VECTOR('',#6953,1.);
#6953 = DIRECTION('',(0.,0.,1.));
#6954 = ORIENTED_EDGE('',*,*,#6723,.F.);
#6955 = ORIENTED_EDGE('',*,*,#6956,.F.);
#6956 = EDGE_CURVE('',#6876,#6716,#6957,.T.);
#6957 = LINE('',#6958,#6959);
#6958 = CARTESIAN_POINT('',(-0.92,-3.,-0.25));
#6959 = VECTOR('',#6960,1.);
#6960 = DIRECTION('',(0.,0.,1.));
#6961 = ORIENTED_EDGE('',*,*,#6875,.T.);
#6962 = PLANE('',#6963);
#6963 = AXIS2_PLACEMENT_3D('',#6964,#6965,#6966);
#6964 = CARTESIAN_POINT('',(-0.92,-3.,-0.25));
#6965 = DIRECTION('',(-1.,-0.,0.));
#6966 = DIRECTION('',(0.,0.,1.));
#6967 = ADVANCED_FACE('',(#6968),#6979,.F.);
#6968 = FACE_BOUND('',#6969,.T.);
#6969 = EDGE_LOOP('',(#6970,#6971,#6977,#6978));
#6970 = ORIENTED_EDGE('',*,*,#6867,.F.);
#6971 = ORIENTED_EDGE('',*,*,#6972,.T.);
#6972 = EDGE_CURVE('',#6860,#6732,#6973,.T.);
#6973 = LINE('',#6974,#6975);
#6974 = CARTESIAN_POINT('',(-1.02,-2.,-0.25));
#6975 = VECTOR('',#6976,1.);
#6976 = DIRECTION('',(0.,0.,1.));
#6977 = ORIENTED_EDGE('',*,*,#6731,.F.);
#6978 = ORIENTED_EDGE('',*,*,#6949,.F.);
#6979 = PLANE('',#6980);
#6980 = AXIS2_PLACEMENT_3D('',#6981,#6982,#6983);
#6981 = CARTESIAN_POINT('',(0.,-2.,0.));
#6982 = DIRECTION('',(0.,-1.,0.));
#6983 = DIRECTION('',(0.,-0.,-1.));
#6984 = ADVANCED_FACE('',(#6985),#6991,.T.);
#6985 = FACE_BOUND('',#6986,.T.);
#6986 = EDGE_LOOP('',(#6987,#6988,#6989,#6990));
#6987 = ORIENTED_EDGE('',*,*,#6935,.F.);
#6988 = ORIENTED_EDGE('',*,*,#6883,.T.);
#6989 = ORIENTED_EDGE('',*,*,#6956,.T.);
#6990 = ORIENTED_EDGE('',*,*,#6715,.T.);
#6991 = PLANE('',#6992);
#6992 = AXIS2_PLACEMENT_3D('',#6993,#6994,#6995);
#6993 = CARTESIAN_POINT('',(0.,-3.,0.));
#6994 = DIRECTION('',(0.,-1.,0.));
#6995 = DIRECTION('',(0.,-0.,-1.));
#6996 = ADVANCED_FACE('',(#6997),#7008,.T.);
#6997 = FACE_BOUND('',#6998,.T.);
#6998 = EDGE_LOOP('',(#6999,#7000,#7001,#7007));
#6999 = ORIENTED_EDGE('',*,*,#6972,.F.);
#7000 = ORIENTED_EDGE('',*,*,#6859,.T.);
#7001 = ORIENTED_EDGE('',*,*,#7002,.F.);
#7002 = EDGE_CURVE('',#6740,#6852,#7003,.T.);
#7003 = LINE('',#7004,#7005);
#7004 = CARTESIAN_POINT('',(-1.02,-4.336808689942E-16,-0.25));
#7005 = VECTOR('',#7006,1.);
#7006 = DIRECTION('',(0.,0.,-1.));
#7007 = ORIENTED_EDGE('',*,*,#6739,.F.);
#7008 = PLANE('',#7009);
#7009 = AXIS2_PLACEMENT_3D('',#7010,#7011,#7012);
#7010 = CARTESIAN_POINT('',(-1.02,-2.,-0.25));
#7011 = DIRECTION('',(1.,0.,-0.));
#7012 = DIRECTION('',(-0.,0.,-1.));
#7013 = ADVANCED_FACE('',(#7014),#7025,.F.);
#7014 = FACE_BOUND('',#7015,.T.);
#7015 = EDGE_LOOP('',(#7016,#7017,#7018,#7019));
#7016 = ORIENTED_EDGE('',*,*,#6747,.F.);
#7017 = ORIENTED_EDGE('',*,*,#7002,.T.);
#7018 = ORIENTED_EDGE('',*,*,#6851,.T.);
#7019 = ORIENTED_EDGE('',*,*,#7020,.T.);
#7020 = EDGE_CURVE('',#6844,#6748,#7021,.T.);
#7021 = LINE('',#7022,#7023);
#7022 = CARTESIAN_POINT('',(-1.52,-4.336808689942E-16,0.25));
#7023 = VECTOR('',#7024,1.);
#7024 = DIRECTION('',(0.,0.,1.));
#7025 = PLANE('',#7026);
#7026 = AXIS2_PLACEMENT_3D('',#7027,#7028,#7029);
#7027 = CARTESIAN_POINT('',(-1.27,0.,0.));
#7028 = DIRECTION('',(0.,-1.,0.));
#7029 = DIRECTION('',(0.,-0.,-1.));
#7030 = ADVANCED_FACE('',(#7031),#7042,.T.);
#7031 = FACE_BOUND('',#7032,.T.);
#7032 = EDGE_LOOP('',(#7033,#7039,#7040,#7041));
#7033 = ORIENTED_EDGE('',*,*,#7034,.F.);
#7034 = EDGE_CURVE('',#6756,#6836,#7035,.T.);
#7035 = LINE('',#7036,#7037);
#7036 = CARTESIAN_POINT('',(-1.52,-2.,-0.25));
#7037 = VECTOR('',#7038,1.);
#7038 = DIRECTION('',(0.,0.,-1.));
#7039 = ORIENTED_EDGE('',*,*,#6755,.T.);
#7040 = ORIENTED_EDGE('',*,*,#7020,.F.);
#7041 = ORIENTED_EDGE('',*,*,#6843,.F.);
#7042 = PLANE('',#7043);
#7043 = AXIS2_PLACEMENT_3D('',#7044,#7045,#7046);
#7044 = CARTESIAN_POINT('',(-1.52,-2.,0.25));
#7045 = DIRECTION('',(-1.,-0.,0.));
#7046 = DIRECTION('',(0.,0.,1.));
#7047 = ADVANCED_FACE('',(#7048),#7059,.F.);
#7048 = FACE_BOUND('',#7049,.T.);
#7049 = EDGE_LOOP('',(#7050,#7051,#7052,#7053));
#7050 = ORIENTED_EDGE('',*,*,#6763,.F.);
#7051 = ORIENTED_EDGE('',*,*,#7034,.T.);
#7052 = ORIENTED_EDGE('',*,*,#6835,.F.);
#7053 = ORIENTED_EDGE('',*,*,#7054,.F.);
#7054 = EDGE_CURVE('',#6764,#6828,#7055,.T.);
#7055 = LINE('',#7056,#7057);
#7056 = CARTESIAN_POINT('',(-1.62,-2.,0.25));
#7057 = VECTOR('',#7058,1.);
#7058 = DIRECTION('',(0.,0.,-1.));
#7059 = PLANE('',#7060);
#7060 = AXIS2_PLACEMENT_3D('',#7061,#7062,#7063);
#7061 = CARTESIAN_POINT('',(0.,-2.,0.));
#7062 = DIRECTION('',(0.,-1.,0.));
#7063 = DIRECTION('',(0.,-0.,-1.));
#7064 = ADVANCED_FACE('',(#7065),#7076,.T.);
#7065 = FACE_BOUND('',#7066,.T.);
#7066 = EDGE_LOOP('',(#7067,#7068,#7069,#7075));
#7067 = ORIENTED_EDGE('',*,*,#6913,.F.);
#7068 = ORIENTED_EDGE('',*,*,#6779,.T.);
#7069 = ORIENTED_EDGE('',*,*,#7070,.T.);
#7070 = EDGE_CURVE('',#6772,#6820,#7071,.T.);
#7071 = LINE('',#7072,#7073);
#7072 = CARTESIAN_POINT('',(-1.62,-3.,0.25));
#7073 = VECTOR('',#7074,1.);
#7074 = DIRECTION('',(0.,0.,-1.));
#7075 = ORIENTED_EDGE('',*,*,#6819,.T.);
#7076 = PLANE('',#7077);
#7077 = AXIS2_PLACEMENT_3D('',#7078,#7079,#7080);
#7078 = CARTESIAN_POINT('',(0.,-3.,0.));
#7079 = DIRECTION('',(0.,-1.,0.));
#7080 = DIRECTION('',(0.,-0.,-1.));
#7081 = ADVANCED_FACE('',(#7082),#7088,.F.);
#7082 = FACE_BOUND('',#7083,.T.);
#7083 = EDGE_LOOP('',(#7084,#7085,#7086,#7087));
#7084 = ORIENTED_EDGE('',*,*,#7054,.T.);
#7085 = ORIENTED_EDGE('',*,*,#6827,.F.);
#7086 = ORIENTED_EDGE('',*,*,#7070,.F.);
#7087 = ORIENTED_EDGE('',*,*,#6771,.T.);
#7088 = PLANE('',#7089);
#7089 = AXIS2_PLACEMENT_3D('',#7090,#7091,#7092);
#7090 = CARTESIAN_POINT('',(-1.62,-3.,0.25));
#7091 = DIRECTION('',(1.,0.,0.));
#7092 = DIRECTION('',(0.,0.,-1.));
#7093 = ADVANCED_FACE('',(#7094),#7100,.T.);
#7094 = FACE_BOUND('',#7095,.T.);
#7095 = EDGE_LOOP('',(#7096,#7097,#7098,#7099));
#7096 = ORIENTED_EDGE('',*,*,#6801,.T.);
#7097 = ORIENTED_EDGE('',*,*,#6928,.T.);
#7098 = ORIENTED_EDGE('',*,*,#6697,.T.);
#7099 = ORIENTED_EDGE('',*,*,#6906,.T.);
#7100 = PLANE('',#7101);
#7101 = AXIS2_PLACEMENT_3D('',#7102,#7103,#7104);
#7102 = CARTESIAN_POINT('',(0.,-25.5,0.));
#7103 = DIRECTION('',(0.,-1.,0.));
#7104 = DIRECTION('',(0.,-0.,-1.));
#7105 = ( GEOMETRIC_REPRESENTATION_CONTEXT(3) 
GLOBAL_UNCERTAINTY_ASSIGNED_CONTEXT((#7109)) 
GLOBAL_UNIT_ASSIGNED_CONTEXT((#7106,#7107,#7108)) REPRESENTATION_CONTEXT
('Context #1','3D Context with UNIT and UNCERTAINTY') );
#7106 = ( LENGTH_UNIT() NAMED_UNIT(*) SI_UNIT(.MILLI.,.METRE.) );
#7107 = ( NAMED_UNIT(*) PLANE_ANGLE_UNIT() SI_UNIT($,.RADIAN.) );
#7108 = ( NAMED_UNIT(*) SI_UNIT($,.STERADIAN.) SOLID_ANGLE_UNIT() );
#7109 = UNCERTAINTY_MEASURE_WITH_UNIT(LENGTH_MEASURE(5.E-05),#7106,
  'distance_accuracy_value','confusion accuracy');
#7110 = SHAPE_DEFINITION_REPRESENTATION(#7111,#5065);
#7111 = PRODUCT_DEFINITION_SHAPE('','',#7112);
#7112 = PRODUCT_DEFINITION('design','',#7113,#7116);
#7113 = PRODUCT_DEFINITION_FORMATION('','',#7114);
#7114 = PRODUCT('WP7113ID_WP7113ID','WP7113ID_WP7113ID','',(#7115));
#7115 = PRODUCT_CONTEXT('',#2,'mechanical');
#7116 = PRODUCT_DEFINITION_CONTEXT('part definition',#2,'design');
#7117 = CONTEXT_DEPENDENT_SHAPE_REPRESENTATION(#7118,#7120);
#7118 = ( REPRESENTATION_RELATIONSHIP('','',#5065,#5055) 
REPRESENTATION_RELATIONSHIP_WITH_TRANSFORMATION(#7119) 
SHAPE_REPRESENTATION_RELATIONSHIP() );
#7119 = ITEM_DEFINED_TRANSFORMATION('','',#11,#5056);
#7120 = PRODUCT_DEFINITION_SHAPE('Placement','Placement of an item',
  #7121);
#7121 = NEXT_ASSEMBLY_USAGE_OCCURRENCE('12','NAUO1','',#5050,#7112,$);
#7122 = PRODUCT_RELATED_PRODUCT_CATEGORY('part',$,(#7114));
#7123 = CONTEXT_DEPENDENT_SHAPE_REPRESENTATION(#7124,#7126);
#7124 = ( REPRESENTATION_RELATIONSHIP('','',#5055,#5038) 
REPRESENTATION_RELATIONSHIP_WITH_TRANSFORMATION(#7125) 
SHAPE_REPRESENTATION_RELATIONSHIP() );
#7125 = ITEM_DEFINED_TRANSFORMATION('','',#11,#5039);
#7126 = PRODUCT_DEFINITION_SHAPE('Placement','Placement of an item',
  #7127);
#7127 = NEXT_ASSEMBLY_USAGE_OCCURRENCE('13','','',#5033,#5050,$);
#7128 = PRODUCT_RELATED_PRODUCT_CATEGORY('part',$,(#5052));
#7129 = CONTEXT_DEPENDENT_SHAPE_REPRESENTATION(#7130,#7132);
#7130 = ( REPRESENTATION_RELATIONSHIP('','',#5038,#10) 
REPRESENTATION_RELATIONSHIP_WITH_TRANSFORMATION(#7131) 
SHAPE_REPRESENTATION_RELATIONSHIP() );
#7131 = ITEM_DEFINED_TRANSFORMATION('','',#11,#35);
#7132 = PRODUCT_DEFINITION_SHAPE('Placement','Placement of an item',
  #7133);
#7133 = NEXT_ASSEMBLY_USAGE_OCCURRENCE('14','','',#5,#5033,$);
#7134 = PRODUCT_RELATED_PRODUCT_CATEGORY('part',$,(#5035));
#7135 = SHAPE_DEFINITION_REPRESENTATION(#7136,#7142);
#7136 = PRODUCT_DEFINITION_SHAPE('','',#7137);
#7137 = PRODUCT_DEFINITION('design','',#7138,#7141);
#7138 = PRODUCT_DEFINITION_FORMATION('','',#7139);
#7139 = PRODUCT('D2','D2','',(#7140));
#7140 = PRODUCT_CONTEXT('',#2,'mechanical');
#7141 = PRODUCT_DEFINITION_CONTEXT('part definition',#2,'design');
#7142 = SHAPE_REPRESENTATION('',(#11,#7143),#7147);
#7143 = AXIS2_PLACEMENT_3D('',#7144,#7145,#7146);
#7144 = CARTESIAN_POINT('',(124.5,58.5,0.));
#7145 = DIRECTION('',(0.,-1.,-4.371140912996E-08));
#7146 = DIRECTION('',(1.,0.,0.));
#7147 = ( GEOMETRIC_REPRESENTATION_CONTEXT(3) 
GLOBAL_UNCERTAINTY_ASSIGNED_CONTEXT((#7151)) 
GLOBAL_UNIT_ASSIGNED_CONTEXT((#7148,#7149,#7150)) REPRESENTATION_CONTEXT
('Context #1','3D Context with UNIT and UNCERTAINTY') );
#7148 = ( LENGTH_UNIT() NAMED_UNIT(*) SI_UNIT(.MILLI.,.METRE.) );
#7149 = ( NAMED_UNIT(*) PLANE_ANGLE_UNIT() SI_UNIT($,.RADIAN.) );
#7150 = ( NAMED_UNIT(*) SI_UNIT($,.STERADIAN.) SOLID_ANGLE_UNIT() );
#7151 = UNCERTAINTY_MEASURE_WITH_UNIT(LENGTH_MEASURE(5.E-05),#7148,
  'distance_accuracy_value','confusion accuracy');
#7152 = SHAPE_DEFINITION_REPRESENTATION(#7153,#7159);
#7153 = PRODUCT_DEFINITION_SHAPE('','',#7154);
#7154 = PRODUCT_DEFINITION('design','',#7155,#7158);
#7155 = PRODUCT_DEFINITION_FORMATION('','',#7156);
#7156 = PRODUCT('7973162272','7973162272','',(#7157));
#7157 = PRODUCT_CONTEXT('',#2,'mechanical');
#7158 = PRODUCT_DEFINITION_CONTEXT('part definition',#2,'design');
#7159 = SHAPE_REPRESENTATION('',(#11,#7160),#7164);
#7160 = AXIS2_PLACEMENT_3D('',#7161,#7162,#7163);
#7161 = CARTESIAN_POINT('',(0.,1.,0.));
#7162 = DIRECTION('',(0.,0.,1.));
#7163 = DIRECTION('',(1.,0.,0.));
#7164 = ( GEOMETRIC_REPRESENTATION_CONTEXT(3) 
GLOBAL_UNCERTAINTY_ASSIGNED_CONTEXT((#7168)) 
GLOBAL_UNIT_ASSIGNED_CONTEXT((#7165,#7166,#7167)) REPRESENTATION_CONTEXT
('Context #1','3D Context with UNIT and UNCERTAINTY') );
#7165 = ( LENGTH_UNIT() NAMED_UNIT(*) SI_UNIT(.MILLI.,.METRE.) );
#7166 = ( NAMED_UNIT(*) PLANE_ANGLE_UNIT() SI_UNIT($,.RADIAN.) );
#7167 = ( NAMED_UNIT(*) SI_UNIT($,.STERADIAN.) SOLID_ANGLE_UNIT() );
#7168 = UNCERTAINTY_MEASURE_WITH_UNIT(LENGTH_MEASURE(5.E-05),#7165,
  'distance_accuracy_value','confusion accuracy');
#7169 = SHAPE_REPRESENTATION('',(#11,#7170,#7469,#7925,#8339,#8795),
  #9209);
#7170 = MANIFOLD_SOLID_BREP('',#7171);
#7171 = CLOSED_SHELL('',(#7172,#7216,#7257,#7299,#7332,#7357,#7382,#7424
    ,#7444,#7456));
#7172 = ADVANCED_FACE('',(#7173),#7211,.T.);
#7173 = FACE_BOUND('',#7174,.T.);
#7174 = EDGE_LOOP('',(#7175,#7186,#7195,#7204));
#7175 = ORIENTED_EDGE('',*,*,#7176,.F.);
#7176 = EDGE_CURVE('',#7177,#7179,#7181,.T.);
#7177 = VERTEX_POINT('',#7178);
#7178 = CARTESIAN_POINT('',(-1.530808498934E-16,8.6,0.));
#7179 = VERTEX_POINT('',#7180);
#7180 = CARTESIAN_POINT('',(-2.5,6.1,0.));
#7181 = CIRCLE('',#7182,2.5);
#7182 = AXIS2_PLACEMENT_3D('',#7183,#7184,#7185);
#7183 = CARTESIAN_POINT('',(0.,6.1,0.));
#7184 = DIRECTION('',(-0.,0.,1.));
#7185 = DIRECTION('',(1.,0.,0.));
#7186 = ORIENTED_EDGE('',*,*,#7187,.T.);
#7187 = EDGE_CURVE('',#7177,#7188,#7190,.T.);
#7188 = VERTEX_POINT('',#7189);
#7189 = CARTESIAN_POINT('',(2.5,6.1,-3.061616997868E-16));
#7190 = CIRCLE('',#7191,2.5);
#7191 = AXIS2_PLACEMENT_3D('',#7192,#7193,#7194);
#7192 = CARTESIAN_POINT('',(0.,6.1,0.));
#7193 = DIRECTION('',(-1.224646799147E-16,0.,-1.));
#7194 = DIRECTION('',(-1.,0.,1.224646799147E-16));
#7195 = ORIENTED_EDGE('',*,*,#7196,.F.);
#7196 = EDGE_CURVE('',#7197,#7188,#7199,.T.);
#7197 = VERTEX_POINT('',#7198);
#7198 = CARTESIAN_POINT('',(0.,6.1,-2.5));
#7199 = CIRCLE('',#7200,2.5);
#7200 = AXIS2_PLACEMENT_3D('',#7201,#7202,#7203);
#7201 = CARTESIAN_POINT('',(0.,6.1,0.));
#7202 = DIRECTION('',(0.,-1.,-0.));
#7203 = DIRECTION('',(0.,0.,-1.));
#7204 = ORIENTED_EDGE('',*,*,#7205,.F.);
#7205 = EDGE_CURVE('',#7179,#7197,#7206,.T.);
#7206 = CIRCLE('',#7207,2.5);
#7207 = AXIS2_PLACEMENT_3D('',#7208,#7209,#7210);
#7208 = CARTESIAN_POINT('',(0.,6.1,0.));
#7209 = DIRECTION('',(0.,-1.,-0.));
#7210 = DIRECTION('',(0.,0.,-1.));
#7211 = SPHERICAL_SURFACE('',#7212,2.5);
#7212 = AXIS2_PLACEMENT_3D('',#7213,#7214,#7215);
#7213 = CARTESIAN_POINT('',(0.,6.1,0.));
#7214 = DIRECTION('',(-0.,-0.,-1.));
#7215 = DIRECTION('',(-1.,0.,0.));
#7216 = ADVANCED_FACE('',(#7217),#7252,.T.);
#7217 = FACE_BOUND('',#7218,.T.);
#7218 = EDGE_LOOP('',(#7219,#7220,#7229,#7237,#7246));
#7219 = ORIENTED_EDGE('',*,*,#7196,.T.);
#7220 = ORIENTED_EDGE('',*,*,#7221,.T.);
#7221 = EDGE_CURVE('',#7188,#7222,#7224,.T.);
#7222 = VERTEX_POINT('',#7223);
#7223 = CARTESIAN_POINT('',(3.061616997868E-16,6.1,2.5));
#7224 = CIRCLE('',#7225,2.5);
#7225 = AXIS2_PLACEMENT_3D('',#7226,#7227,#7228);
#7226 = CARTESIAN_POINT('',(0.,6.1,0.));
#7227 = DIRECTION('',(0.,-1.,-0.));
#7228 = DIRECTION('',(0.,0.,-1.));
#7229 = ORIENTED_EDGE('',*,*,#7230,.T.);
#7230 = EDGE_CURVE('',#7222,#7231,#7233,.T.);
#7231 = VERTEX_POINT('',#7232);
#7232 = CARTESIAN_POINT('',(3.061616997868E-16,1.,2.5));
#7233 = LINE('',#7234,#7235);
#7234 = CARTESIAN_POINT('',(3.061616997868E-16,0.,2.5));
#7235 = VECTOR('',#7236,1.);
#7236 = DIRECTION('',(-0.,-1.,-0.));
#7237 = ORIENTED_EDGE('',*,*,#7238,.F.);
#7238 = EDGE_CURVE('',#7239,#7231,#7241,.T.);
#7239 = VERTEX_POINT('',#7240);
#7240 = CARTESIAN_POINT('',(0.,1.,-2.5));
#7241 = CIRCLE('',#7242,2.5);
#7242 = AXIS2_PLACEMENT_3D('',#7243,#7244,#7245);
#7243 = CARTESIAN_POINT('',(0.,1.,0.));
#7244 = DIRECTION('',(0.,-1.,-0.));
#7245 = DIRECTION('',(0.,0.,-1.));
#7246 = ORIENTED_EDGE('',*,*,#7247,.F.);
#7247 = EDGE_CURVE('',#7197,#7239,#7248,.T.);
#7248 = LINE('',#7249,#7250);
#7249 = CARTESIAN_POINT('',(0.,0.,-2.5));
#7250 = VECTOR('',#7251,1.);
#7251 = DIRECTION('',(-0.,-1.,-0.));
#7252 = CYLINDRICAL_SURFACE('',#7253,2.5);
#7253 = AXIS2_PLACEMENT_3D('',#7254,#7255,#7256);
#7254 = CARTESIAN_POINT('',(0.,0.,0.));
#7255 = DIRECTION('',(-0.,-1.,-0.));
#7256 = DIRECTION('',(0.,0.,-1.));
#7257 = ADVANCED_FACE('',(#7258),#7294,.T.);
#7258 = FACE_BOUND('',#7259,.T.);
#7259 = EDGE_LOOP('',(#7260,#7271,#7279,#7288));
#7260 = ORIENTED_EDGE('',*,*,#7261,.T.);
#7261 = EDGE_CURVE('',#7262,#7264,#7266,.T.);
#7262 = VERTEX_POINT('',#7263);
#7263 = CARTESIAN_POINT('',(0.,1.,-2.95));
#7264 = VERTEX_POINT('',#7265);
#7265 = CARTESIAN_POINT('',(3.612708057485E-16,1.,2.95));
#7266 = CIRCLE('',#7267,2.95);
#7267 = AXIS2_PLACEMENT_3D('',#7268,#7269,#7270);
#7268 = CARTESIAN_POINT('',(0.,1.,0.));
#7269 = DIRECTION('',(0.,-1.,-0.));
#7270 = DIRECTION('',(0.,0.,-1.));
#7271 = ORIENTED_EDGE('',*,*,#7272,.T.);
#7272 = EDGE_CURVE('',#7264,#7273,#7275,.T.);
#7273 = VERTEX_POINT('',#7274);
#7274 = CARTESIAN_POINT('',(3.612708057485E-16,-3.612708057485E-16,2.95)
  );
#7275 = LINE('',#7276,#7277);
#7276 = CARTESIAN_POINT('',(3.612708057485E-16,0.,2.95));
#7277 = VECTOR('',#7278,1.);
#7278 = DIRECTION('',(-0.,-1.,-0.));
#7279 = ORIENTED_EDGE('',*,*,#7280,.F.);
#7280 = EDGE_CURVE('',#7281,#7273,#7283,.T.);
#7281 = VERTEX_POINT('',#7282);
#7282 = CARTESIAN_POINT('',(0.,-3.612708057485E-16,-2.95));
#7283 = CIRCLE('',#7284,2.95);
#7284 = AXIS2_PLACEMENT_3D('',#7285,#7286,#7287);
#7285 = CARTESIAN_POINT('',(0.,-3.612708057485E-16,0.));
#7286 = DIRECTION('',(0.,-1.,-0.));
#7287 = DIRECTION('',(0.,0.,-1.));
#7288 = ORIENTED_EDGE('',*,*,#7289,.F.);
#7289 = EDGE_CURVE('',#7262,#7281,#7290,.T.);
#7290 = LINE('',#7291,#7292);
#7291 = CARTESIAN_POINT('',(0.,0.,-2.95));
#7292 = VECTOR('',#7293,1.);
#7293 = DIRECTION('',(-0.,-1.,-0.));
#7294 = CYLINDRICAL_SURFACE('',#7295,2.95);
#7295 = AXIS2_PLACEMENT_3D('',#7296,#7297,#7298);
#7296 = CARTESIAN_POINT('',(0.,0.,0.));
#7297 = DIRECTION('',(-0.,-1.,-0.));
#7298 = DIRECTION('',(0.,0.,-1.));
#7299 = ADVANCED_FACE('',(#7300),#7327,.T.);
#7300 = FACE_BOUND('',#7301,.T.);
#7301 = EDGE_LOOP('',(#7302,#7311,#7312,#7321));
#7302 = ORIENTED_EDGE('',*,*,#7303,.T.);
#7303 = EDGE_CURVE('',#7304,#7262,#7306,.T.);
#7304 = VERTEX_POINT('',#7305);
#7305 = CARTESIAN_POINT('',(-2.5,1.,-1.566045976337));
#7306 = CIRCLE('',#7307,2.95);
#7307 = AXIS2_PLACEMENT_3D('',#7308,#7309,#7310);
#7308 = CARTESIAN_POINT('',(0.,1.,0.));
#7309 = DIRECTION('',(0.,-1.,-0.));
#7310 = DIRECTION('',(0.,0.,-1.));
#7311 = ORIENTED_EDGE('',*,*,#7289,.T.);
#7312 = ORIENTED_EDGE('',*,*,#7313,.F.);
#7313 = EDGE_CURVE('',#7314,#7281,#7316,.T.);
#7314 = VERTEX_POINT('',#7315);
#7315 = CARTESIAN_POINT('',(-2.5,-3.612727868938E-16,-1.566045976337));
#7316 = CIRCLE('',#7317,2.95);
#7317 = AXIS2_PLACEMENT_3D('',#7318,#7319,#7320);
#7318 = CARTESIAN_POINT('',(0.,-3.612708057485E-16,0.));
#7319 = DIRECTION('',(0.,-1.,-0.));
#7320 = DIRECTION('',(0.,0.,-1.));
#7321 = ORIENTED_EDGE('',*,*,#7322,.F.);
#7322 = EDGE_CURVE('',#7304,#7314,#7323,.T.);
#7323 = LINE('',#7324,#7325);
#7324 = CARTESIAN_POINT('',(-2.5,0.,-1.566045976337));
#7325 = VECTOR('',#7326,1.);
#7326 = DIRECTION('',(-0.,-1.,-0.));
#7327 = CYLINDRICAL_SURFACE('',#7328,2.95);
#7328 = AXIS2_PLACEMENT_3D('',#7329,#7330,#7331);
#7329 = CARTESIAN_POINT('',(0.,0.,0.));
#7330 = DIRECTION('',(-0.,-1.,-0.));
#7331 = DIRECTION('',(0.,0.,-1.));
#7332 = ADVANCED_FACE('',(#7333),#7352,.F.);
#7333 = FACE_BOUND('',#7334,.T.);
#7334 = EDGE_LOOP('',(#7335,#7343,#7344,#7345));
#7335 = ORIENTED_EDGE('',*,*,#7336,.F.);
#7336 = EDGE_CURVE('',#7314,#7337,#7339,.T.);
#7337 = VERTEX_POINT('',#7338);
#7338 = CARTESIAN_POINT('',(-2.5,-3.612708057485E-16,1.566045976337));
#7339 = LINE('',#7340,#7341);
#7340 = CARTESIAN_POINT('',(-2.5,-1.806354028742E-16,0.));
#7341 = VECTOR('',#7342,1.);
#7342 = DIRECTION('',(0.,0.,1.));
#7343 = ORIENTED_EDGE('',*,*,#7313,.T.);
#7344 = ORIENTED_EDGE('',*,*,#7280,.T.);
#7345 = ORIENTED_EDGE('',*,*,#7346,.T.);
#7346 = EDGE_CURVE('',#7273,#7337,#7347,.T.);
#7347 = CIRCLE('',#7348,2.95);
#7348 = AXIS2_PLACEMENT_3D('',#7349,#7350,#7351);
#7349 = CARTESIAN_POINT('',(0.,-3.612708057485E-16,0.));
#7350 = DIRECTION('',(0.,-1.,-0.));
#7351 = DIRECTION('',(0.,0.,-1.));
#7352 = PLANE('',#7353);
#7353 = AXIS2_PLACEMENT_3D('',#7354,#7355,#7356);
#7354 = CARTESIAN_POINT('',(0.,-1.806354028742E-16,0.));
#7355 = DIRECTION('',(0.,1.,0.));
#7356 = DIRECTION('',(0.,-0.,1.));
#7357 = ADVANCED_FACE('',(#7358),#7377,.T.);
#7358 = FACE_BOUND('',#7359,.T.);
#7359 = EDGE_LOOP('',(#7360,#7361,#7370,#7376));
#7360 = ORIENTED_EDGE('',*,*,#7272,.F.);
#7361 = ORIENTED_EDGE('',*,*,#7362,.T.);
#7362 = EDGE_CURVE('',#7264,#7363,#7365,.T.);
#7363 = VERTEX_POINT('',#7364);
#7364 = CARTESIAN_POINT('',(-2.5,1.,1.566045976337));
#7365 = CIRCLE('',#7366,2.95);
#7366 = AXIS2_PLACEMENT_3D('',#7367,#7368,#7369);
#7367 = CARTESIAN_POINT('',(0.,1.,0.));
#7368 = DIRECTION('',(0.,-1.,-0.));
#7369 = DIRECTION('',(0.,0.,-1.));
#7370 = ORIENTED_EDGE('',*,*,#7371,.F.);
#7371 = EDGE_CURVE('',#7337,#7363,#7372,.T.);
#7372 = LINE('',#7373,#7374);
#7373 = CARTESIAN_POINT('',(-2.5,0.,1.566045976337));
#7374 = VECTOR('',#7375,1.);
#7375 = DIRECTION('',(0.,1.,0.));
#7376 = ORIENTED_EDGE('',*,*,#7346,.F.);
#7377 = CYLINDRICAL_SURFACE('',#7378,2.95);
#7378 = AXIS2_PLACEMENT_3D('',#7379,#7380,#7381);
#7379 = CARTESIAN_POINT('',(0.,0.,0.));
#7380 = DIRECTION('',(-0.,-1.,-0.));
#7381 = DIRECTION('',(0.,0.,-1.));
#7382 = ADVANCED_FACE('',(#7383,#7402),#7419,.F.);
#7383 = FACE_BOUND('',#7384,.F.);
#7384 = EDGE_LOOP('',(#7385,#7394,#7395));
#7385 = ORIENTED_EDGE('',*,*,#7386,.F.);
#7386 = EDGE_CURVE('',#7231,#7387,#7389,.T.);
#7387 = VERTEX_POINT('',#7388);
#7388 = CARTESIAN_POINT('',(-2.5,1.,0.));
#7389 = CIRCLE('',#7390,2.5);
#7390 = AXIS2_PLACEMENT_3D('',#7391,#7392,#7393);
#7391 = CARTESIAN_POINT('',(0.,1.,0.));
#7392 = DIRECTION('',(0.,-1.,-0.));
#7393 = DIRECTION('',(0.,0.,-1.));
#7394 = ORIENTED_EDGE('',*,*,#7238,.F.);
#7395 = ORIENTED_EDGE('',*,*,#7396,.F.);
#7396 = EDGE_CURVE('',#7387,#7239,#7397,.T.);
#7397 = CIRCLE('',#7398,2.5);
#7398 = AXIS2_PLACEMENT_3D('',#7399,#7400,#7401);
#7399 = CARTESIAN_POINT('',(0.,1.,0.));
#7400 = DIRECTION('',(0.,-1.,-0.));
#7401 = DIRECTION('',(0.,0.,-1.));
#7402 = FACE_BOUND('',#7403,.F.);
#7403 = EDGE_LOOP('',(#7404,#7410,#7411,#7412,#7413));
#7404 = ORIENTED_EDGE('',*,*,#7405,.T.);
#7405 = EDGE_CURVE('',#7387,#7304,#7406,.T.);
#7406 = LINE('',#7407,#7408);
#7407 = CARTESIAN_POINT('',(-2.5,1.,0.));
#7408 = VECTOR('',#7409,1.);
#7409 = DIRECTION('',(0.,0.,-1.));
#7410 = ORIENTED_EDGE('',*,*,#7303,.T.);
#7411 = ORIENTED_EDGE('',*,*,#7261,.T.);
#7412 = ORIENTED_EDGE('',*,*,#7362,.T.);
#7413 = ORIENTED_EDGE('',*,*,#7414,.T.);
#7414 = EDGE_CURVE('',#7363,#7387,#7415,.T.);
#7415 = LINE('',#7416,#7417);
#7416 = CARTESIAN_POINT('',(-2.5,1.,0.));
#7417 = VECTOR('',#7418,1.);
#7418 = DIRECTION('',(0.,0.,-1.));
#7419 = PLANE('',#7420);
#7420 = AXIS2_PLACEMENT_3D('',#7421,#7422,#7423);
#7421 = CARTESIAN_POINT('',(-2.95,1.,0.));
#7422 = DIRECTION('',(0.,-1.,-0.));
#7423 = DIRECTION('',(0.,0.,-1.));
#7424 = ADVANCED_FACE('',(#7425),#7439,.T.);
#7425 = FACE_BOUND('',#7426,.T.);
#7426 = EDGE_LOOP('',(#7427,#7428,#7435,#7436,#7437,#7438));
#7427 = ORIENTED_EDGE('',*,*,#7230,.F.);
#7428 = ORIENTED_EDGE('',*,*,#7429,.T.);
#7429 = EDGE_CURVE('',#7222,#7179,#7430,.T.);
#7430 = CIRCLE('',#7431,2.5);
#7431 = AXIS2_PLACEMENT_3D('',#7432,#7433,#7434);
#7432 = CARTESIAN_POINT('',(0.,6.1,0.));
#7433 = DIRECTION('',(0.,-1.,-0.));
#7434 = DIRECTION('',(0.,0.,-1.));
#7435 = ORIENTED_EDGE('',*,*,#7205,.T.);
#7436 = ORIENTED_EDGE('',*,*,#7247,.T.);
#7437 = ORIENTED_EDGE('',*,*,#7396,.F.);
#7438 = ORIENTED_EDGE('',*,*,#7386,.F.);
#7439 = CYLINDRICAL_SURFACE('',#7440,2.5);
#7440 = AXIS2_PLACEMENT_3D('',#7441,#7442,#7443);
#7441 = CARTESIAN_POINT('',(0.,0.,0.));
#7442 = DIRECTION('',(-0.,-1.,-0.));
#7443 = DIRECTION('',(0.,0.,-1.));
#7444 = ADVANCED_FACE('',(#7445),#7451,.T.);
#7445 = FACE_BOUND('',#7446,.T.);
#7446 = EDGE_LOOP('',(#7447,#7448,#7449,#7450));
#7447 = ORIENTED_EDGE('',*,*,#7187,.F.);
#7448 = ORIENTED_EDGE('',*,*,#7176,.T.);
#7449 = ORIENTED_EDGE('',*,*,#7429,.F.);
#7450 = ORIENTED_EDGE('',*,*,#7221,.F.);
#7451 = SPHERICAL_SURFACE('',#7452,2.5);
#7452 = AXIS2_PLACEMENT_3D('',#7453,#7454,#7455);
#7453 = CARTESIAN_POINT('',(0.,6.1,0.));
#7454 = DIRECTION('',(-0.,-0.,-1.));
#7455 = DIRECTION('',(-1.,0.,0.));
#7456 = ADVANCED_FACE('',(#7457),#7464,.T.);
#7457 = FACE_BOUND('',#7458,.T.);
#7458 = EDGE_LOOP('',(#7459,#7460,#7461,#7462,#7463));
#7459 = ORIENTED_EDGE('',*,*,#7414,.T.);
#7460 = ORIENTED_EDGE('',*,*,#7405,.T.);
#7461 = ORIENTED_EDGE('',*,*,#7322,.T.);
#7462 = ORIENTED_EDGE('',*,*,#7336,.T.);
#7463 = ORIENTED_EDGE('',*,*,#7371,.T.);
#7464 = PLANE('',#7465);
#7465 = AXIS2_PLACEMENT_3D('',#7466,#7467,#7468);
#7466 = CARTESIAN_POINT('',(-2.5,8.6,3.));
#7467 = DIRECTION('',(-1.,0.,-0.));
#7468 = DIRECTION('',(0.,0.,1.));
#7469 = MANIFOLD_SOLID_BREP('',#7470);
#7470 = CLOSED_SHELL('',(#7471,#7513,#7574,#7615,#7656,#7674,#7725,#7762
    ,#7787,#7812,#7846,#7864,#7898));
#7471 = ADVANCED_FACE('',(#7472),#7508,.T.);
#7472 = FACE_BOUND('',#7473,.T.);
#7473 = EDGE_LOOP('',(#7474,#7485,#7493,#7502));
#7474 = ORIENTED_EDGE('',*,*,#7475,.T.);
#7475 = EDGE_CURVE('',#7476,#7478,#7480,.T.);
#7476 = VERTEX_POINT('',#7477);
#7477 = CARTESIAN_POINT('',(-1.27,-0.36528538,0.6));
#7478 = VERTEX_POINT('',#7479);
#7479 = CARTESIAN_POINT('',(-1.27,-0.36528538,-0.6));
#7480 = CIRCLE('',#7481,0.6);
#7481 = AXIS2_PLACEMENT_3D('',#7482,#7483,#7484);
#7482 = CARTESIAN_POINT('',(-1.27,-0.36528538,0.));
#7483 = DIRECTION('',(-0.,1.,0.));
#7484 = DIRECTION('',(0.,0.,-1.));
#7485 = ORIENTED_EDGE('',*,*,#7486,.T.);
#7486 = EDGE_CURVE('',#7478,#7487,#7489,.T.);
#7487 = VERTEX_POINT('',#7488);
#7488 = CARTESIAN_POINT('',(-1.27,0.,-0.6));
#7489 = LINE('',#7490,#7491);
#7490 = CARTESIAN_POINT('',(-1.27,-0.91528538,-0.6));
#7491 = VECTOR('',#7492,1.);
#7492 = DIRECTION('',(-0.,1.,-0.));
#7493 = ORIENTED_EDGE('',*,*,#7494,.T.);
#7494 = EDGE_CURVE('',#7487,#7495,#7497,.T.);
#7495 = VERTEX_POINT('',#7496);
#7496 = CARTESIAN_POINT('',(-1.27,0.,0.6));
#7497 = CIRCLE('',#7498,0.6);
#7498 = AXIS2_PLACEMENT_3D('',#7499,#7500,#7501);
#7499 = CARTESIAN_POINT('',(-1.27,0.,0.));
#7500 = DIRECTION('',(0.,-1.,0.));
#7501 = DIRECTION('',(0.,0.,-1.));
#7502 = ORIENTED_EDGE('',*,*,#7503,.F.);
#7503 = EDGE_CURVE('',#7476,#7495,#7504,.T.);
#7504 = LINE('',#7505,#7506);
#7505 = CARTESIAN_POINT('',(-1.27,-0.91528538,0.6));
#7506 = VECTOR('',#7507,1.);
#7507 = DIRECTION('',(-0.,1.,-0.));
#7508 = CYLINDRICAL_SURFACE('',#7509,0.6);
#7509 = AXIS2_PLACEMENT_3D('',#7510,#7511,#7512);
#7510 = CARTESIAN_POINT('',(-1.27,-0.91528538,0.));
#7511 = DIRECTION('',(-0.,1.,-0.));
#7512 = DIRECTION('',(0.,0.,1.));
#7513 = ADVANCED_FACE('',(#7514),#7562,.T.);
#7514 = FACE_BOUND('',#7515,.T.);
#7515 = EDGE_LOOP('',(#7516,#7517,#7526,#7535,#7546,#7555));
#7516 = ORIENTED_EDGE('',*,*,#7475,.F.);
#7517 = ORIENTED_EDGE('',*,*,#7518,.T.);
#7518 = EDGE_CURVE('',#7476,#7519,#7521,.T.);
#7519 = VERTEX_POINT('',#7520);
#7520 = CARTESIAN_POINT('',(-1.27,-0.83053322315,0.343333333333));
#7521 = CIRCLE('',#7522,0.55);
#7522 = AXIS2_PLACEMENT_3D('',#7523,#7524,#7525);
#7523 = CARTESIAN_POINT('',(-1.27,-0.36528538,5.E-02));
#7524 = DIRECTION('',(1.,0.,-1.224646799147E-16));
#7525 = DIRECTION('',(-1.224646799147E-16,-0.,-1.));
#7526 = ORIENTED_EDGE('',*,*,#7527,.T.);
#7527 = EDGE_CURVE('',#7519,#7528,#7530,.T.);
#7528 = VERTEX_POINT('',#7529);
#7529 = CARTESIAN_POINT('',(-0.930571909585,-0.708184087733,
    0.339428090416));
#7530 = B_SPLINE_CURVE_WITH_KNOTS('',3,(#7531,#7532,#7533,#7534),
  .UNSPECIFIED.,.F.,.F.,(4,4),(3.669106867986E-04,7.350412846847E-04),
  .PIECEWISE_BEZIER_KNOTS.);
#7531 = CARTESIAN_POINT('',(-1.27,-0.83053322315,0.343333333333));
#7532 = CARTESIAN_POINT('',(-1.145870192876,-0.83053322315,
    0.343333333333));
#7533 = CARTESIAN_POINT('',(-1.024215693663,-0.790055185495,
    0.340746950613));
#7534 = CARTESIAN_POINT('',(-0.930571909585,-0.708184087733,
    0.339428090416));
#7535 = ORIENTED_EDGE('',*,*,#7536,.T.);
#7536 = EDGE_CURVE('',#7528,#7537,#7539,.T.);
#7537 = VERTEX_POINT('',#7538);
#7538 = CARTESIAN_POINT('',(-0.930571909585,-0.708184087733,
    -0.339428090416));
#7539 = B_SPLINE_CURVE_WITH_KNOTS('',3,(#7540,#7541,#7542,#7543,#7544,
    #7545),.UNSPECIFIED.,.F.,.F.,(4,2,4),(8.924087115509E-16,
    3.675206423427E-04,7.350412846845E-04),.UNSPECIFIED.);
#7540 = CARTESIAN_POINT('',(-0.930571909585,-0.708184087733,
    0.339428090416));
#7541 = CARTESIAN_POINT('',(-0.929256010888,-0.789871343906,0.2459945835
    ));
#7542 = CARTESIAN_POINT('',(-0.926658041766,-0.83066781193,
    0.123284811925));
#7543 = CARTESIAN_POINT('',(-0.926675334621,-0.830397962527,
    -0.124518724522));
#7544 = CARTESIAN_POINT('',(-0.929255234607,-0.789919533283,
    -0.245939464712));
#7545 = CARTESIAN_POINT('',(-0.930571909585,-0.708184087733,
    -0.339428090416));
#7546 = ORIENTED_EDGE('',*,*,#7547,.T.);
#7547 = EDGE_CURVE('',#7537,#7548,#7550,.T.);
#7548 = VERTEX_POINT('',#7549);
#7549 = CARTESIAN_POINT('',(-1.27,-0.83053322315,-0.343333333333));
#7550 = B_SPLINE_CURVE_WITH_KNOTS('',3,(#7551,#7552,#7553,#7554),
  .UNSPECIFIED.,.F.,.F.,(4,4),(0.,3.669106867986E-04),
  .PIECEWISE_BEZIER_KNOTS.);
#7551 = CARTESIAN_POINT('',(-0.930571909585,-0.708184087733,
    -0.339428090416));
#7552 = CARTESIAN_POINT('',(-1.023850349603,-0.789735771671,
    -0.340741805181));
#7553 = CARTESIAN_POINT('',(-1.146281534201,-0.83053322315,
    -0.343333333333));
#7554 = CARTESIAN_POINT('',(-1.27,-0.83053322315,-0.343333333333));
#7555 = ORIENTED_EDGE('',*,*,#7556,.F.);
#7556 = EDGE_CURVE('',#7478,#7548,#7557,.T.);
#7557 = CIRCLE('',#7558,0.55);
#7558 = AXIS2_PLACEMENT_3D('',#7559,#7560,#7561);
#7559 = CARTESIAN_POINT('',(-1.27,-0.36528538,-5.E-02));
#7560 = DIRECTION('',(-1.,0.,-0.));
#7561 = DIRECTION('',(-0.,0.,1.));
#7562 = SURFACE_OF_REVOLUTION('',#7563,#7571);
#7563 = B_SPLINE_CURVE_WITH_KNOTS('',6,(#7564,#7565,#7566,#7567,#7568,
    #7569,#7570),.UNSPECIFIED.,.F.,.F.,(7,7),(0.,1.008260085193),
  .PIECEWISE_BEZIER_KNOTS.);
#7564 = CARTESIAN_POINT('',(-1.27,-0.36528538,-0.6));
#7565 = CARTESIAN_POINT('',(-1.27,-0.457709221143,-0.6));
#7566 = CARTESIAN_POINT('',(-1.27,-0.550132402892,-0.581362867522));
#7567 = CARTESIAN_POINT('',(-1.27,-0.637861660483,-0.544086465511));
#7568 = CARTESIAN_POINT('',(-1.27,-0.716182898862,-0.489756580519));
#7569 = CARTESIAN_POINT('',(-1.27,-0.781240508967,-0.421515137105));
#7570 = CARTESIAN_POINT('',(-1.27,-0.830533224013,-0.343333331965));
#7571 = AXIS1_PLACEMENT('',#7572,#7573);
#7572 = CARTESIAN_POINT('',(-1.27,-0.36528538,0.));
#7573 = DIRECTION('',(0.,-1.,0.));
#7574 = ADVANCED_FACE('',(#7575),#7610,.F.);
#7575 = FACE_BOUND('',#7576,.T.);
#7576 = EDGE_LOOP('',(#7577,#7588,#7596,#7604));
#7577 = ORIENTED_EDGE('',*,*,#7578,.T.);
#7578 = EDGE_CURVE('',#7579,#7581,#7583,.T.);
#7579 = VERTEX_POINT('',#7580);
#7580 = CARTESIAN_POINT('',(-1.02,-0.953909326765,0.25));
#7581 = VERTEX_POINT('',#7582);
#7582 = CARTESIAN_POINT('',(-1.52,-0.953909326765,0.25));
#7583 = B_SPLINE_CURVE_WITH_KNOTS('',3,(#7584,#7585,#7586,#7587),
  .UNSPECIFIED.,.F.,.F.,(4,4),(0.,5.149310952809E-04),
  .PIECEWISE_BEZIER_KNOTS.);
#7584 = CARTESIAN_POINT('',(-1.02,-0.953909326765,0.25));
#7585 = CARTESIAN_POINT('',(-1.180275992135,-1.015369879129,0.25));
#7586 = CARTESIAN_POINT('',(-1.359756974635,-1.015357237461,0.25));
#7587 = CARTESIAN_POINT('',(-1.52,-0.953909326765,0.25));
#7588 = ORIENTED_EDGE('',*,*,#7589,.F.);
#7589 = EDGE_CURVE('',#7590,#7581,#7592,.T.);
#7590 = VERTEX_POINT('',#7591);
#7591 = CARTESIAN_POINT('',(-1.52,-4.336808689942E-16,0.25));
#7592 = LINE('',#7593,#7594);
#7593 = CARTESIAN_POINT('',(-1.52,-3.,0.25));
#7594 = VECTOR('',#7595,1.);
#7595 = DIRECTION('',(0.,-1.,0.));
#7596 = ORIENTED_EDGE('',*,*,#7597,.F.);
#7597 = EDGE_CURVE('',#7598,#7590,#7600,.T.);
#7598 = VERTEX_POINT('',#7599);
#7599 = CARTESIAN_POINT('',(-1.02,0.,0.25));
#7600 = LINE('',#7601,#7602);
#7601 = CARTESIAN_POINT('',(-1.27,0.,0.25));
#7602 = VECTOR('',#7603,1.);
#7603 = DIRECTION('',(-1.,0.,-0.));
#7604 = ORIENTED_EDGE('',*,*,#7605,.F.);
#7605 = EDGE_CURVE('',#7579,#7598,#7606,.T.);
#7606 = LINE('',#7607,#7608);
#7607 = CARTESIAN_POINT('',(-1.02,-3.,0.25));
#7608 = VECTOR('',#7609,1.);
#7609 = DIRECTION('',(0.,1.,0.));
#7610 = PLANE('',#7611);
#7611 = AXIS2_PLACEMENT_3D('',#7612,#7613,#7614);
#7612 = CARTESIAN_POINT('',(-1.02,-3.,0.25));
#7613 = DIRECTION('',(0.,-0.,1.));
#7614 = DIRECTION('',(1.,0.,0.));
#7615 = ADVANCED_FACE('',(#7616,#7626),#7651,.F.);
#7616 = FACE_BOUND('',#7617,.T.);
#7617 = EDGE_LOOP('',(#7618,#7625));
#7618 = ORIENTED_EDGE('',*,*,#7619,.F.);
#7619 = EDGE_CURVE('',#7495,#7487,#7620,.T.);
#7620 = CIRCLE('',#7621,0.6);
#7621 = AXIS2_PLACEMENT_3D('',#7622,#7623,#7624);
#7622 = CARTESIAN_POINT('',(-1.27,0.,0.));
#7623 = DIRECTION('',(0.,-1.,0.));
#7624 = DIRECTION('',(0.,0.,-1.));
#7625 = ORIENTED_EDGE('',*,*,#7494,.F.);
#7626 = FACE_BOUND('',#7627,.T.);
#7627 = EDGE_LOOP('',(#7628,#7629,#7637,#7645));
#7628 = ORIENTED_EDGE('',*,*,#7597,.T.);
#7629 = ORIENTED_EDGE('',*,*,#7630,.F.);
#7630 = EDGE_CURVE('',#7631,#7590,#7633,.T.);
#7631 = VERTEX_POINT('',#7632);
#7632 = CARTESIAN_POINT('',(-1.52,0.,-0.25));
#7633 = LINE('',#7634,#7635);
#7634 = CARTESIAN_POINT('',(-1.52,-4.336808689942E-16,0.25));
#7635 = VECTOR('',#7636,1.);
#7636 = DIRECTION('',(0.,0.,1.));
#7637 = ORIENTED_EDGE('',*,*,#7638,.T.);
#7638 = EDGE_CURVE('',#7631,#7639,#7641,.T.);
#7639 = VERTEX_POINT('',#7640);
#7640 = CARTESIAN_POINT('',(-1.02,-4.336808689942E-16,-0.25));
#7641 = LINE('',#7642,#7643);
#7642 = CARTESIAN_POINT('',(-1.27,0.,-0.25));
#7643 = VECTOR('',#7644,1.);
#7644 = DIRECTION('',(1.,0.,0.));
#7645 = ORIENTED_EDGE('',*,*,#7646,.F.);
#7646 = EDGE_CURVE('',#7598,#7639,#7647,.T.);
#7647 = LINE('',#7648,#7649);
#7648 = CARTESIAN_POINT('',(-1.02,-4.336808689942E-16,-0.25));
#7649 = VECTOR('',#7650,1.);
#7650 = DIRECTION('',(0.,0.,-1.));
#7651 = PLANE('',#7652);
#7652 = AXIS2_PLACEMENT_3D('',#7653,#7654,#7655);
#7653 = CARTESIAN_POINT('',(-1.27,0.,0.));
#7654 = DIRECTION('',(0.,-1.,0.));
#7655 = DIRECTION('',(0.,-0.,-1.));
#7656 = ADVANCED_FACE('',(#7657),#7669,.T.);
#7657 = FACE_BOUND('',#7658,.T.);
#7658 = EDGE_LOOP('',(#7659,#7660,#7667,#7668));
#7659 = ORIENTED_EDGE('',*,*,#7486,.F.);
#7660 = ORIENTED_EDGE('',*,*,#7661,.T.);
#7661 = EDGE_CURVE('',#7478,#7476,#7662,.T.);
#7662 = CIRCLE('',#7663,0.6);
#7663 = AXIS2_PLACEMENT_3D('',#7664,#7665,#7666);
#7664 = CARTESIAN_POINT('',(-1.27,-0.36528538,0.));
#7665 = DIRECTION('',(-0.,1.,0.));
#7666 = DIRECTION('',(0.,0.,-1.));
#7667 = ORIENTED_EDGE('',*,*,#7503,.T.);
#7668 = ORIENTED_EDGE('',*,*,#7619,.T.);
#7669 = CYLINDRICAL_SURFACE('',#7670,0.6);
#7670 = AXIS2_PLACEMENT_3D('',#7671,#7672,#7673);
#7671 = CARTESIAN_POINT('',(-1.27,-0.91528538,0.));
#7672 = DIRECTION('',(-0.,1.,-0.));
#7673 = DIRECTION('',(0.,0.,1.));
#7674 = ADVANCED_FACE('',(#7675),#7706,.F.);
#7675 = FACE_BOUND('',#7676,.F.);
#7676 = EDGE_LOOP('',(#7677,#7688,#7695,#7696,#7705));
#7677 = ORIENTED_EDGE('',*,*,#7678,.F.);
#7678 = EDGE_CURVE('',#7679,#7581,#7681,.T.);
#7679 = VERTEX_POINT('',#7680);
#7680 = CARTESIAN_POINT('',(-1.609428090415,-0.708184087733,
    0.339428090416));
#7681 = B_SPLINE_CURVE_WITH_KNOTS('',3,(#7682,#7683,#7684,#7685,#7686,
    #7687),.UNSPECIFIED.,.F.,.F.,(4,2,4),(-2.566325591967E-06,
    1.382116633846E-04,2.789896523612E-04),.UNSPECIFIED.);
#7682 = CARTESIAN_POINT('',(-1.609428090415,-0.708184087733,
    0.339428090416));
#7683 = CARTESIAN_POINT('',(-1.588740892469,-0.744873716806,
    0.318740892466));
#7684 = CARTESIAN_POINT('',(-1.56808719709,-0.781725486939,0.29808719709
    ));
#7685 = CARTESIAN_POINT('',(-1.534076309238,-0.86170348181,
    0.264076309238));
#7686 = CARTESIAN_POINT('',(-1.52,-0.90613131984,0.25));
#7687 = CARTESIAN_POINT('',(-1.52,-0.953909326765,0.25));
#7688 = ORIENTED_EDGE('',*,*,#7689,.T.);
#7689 = EDGE_CURVE('',#7679,#7519,#7690,.T.);
#7690 = B_SPLINE_CURVE_WITH_KNOTS('',3,(#7691,#7692,#7693,#7694),
  .UNSPECIFIED.,.F.,.F.,(4,4),(0.,3.669106867986E-04),
  .PIECEWISE_BEZIER_KNOTS.);
#7691 = CARTESIAN_POINT('',(-1.609428090415,-0.708184087733,
    0.339428090416));
#7692 = CARTESIAN_POINT('',(-1.516149650397,-0.789735771671,
    0.340741805181));
#7693 = CARTESIAN_POINT('',(-1.393718465799,-0.83053322315,
    0.343333333333));
#7694 = CARTESIAN_POINT('',(-1.27,-0.83053322315,0.343333333333));
#7695 = ORIENTED_EDGE('',*,*,#7527,.T.);
#7696 = ORIENTED_EDGE('',*,*,#7697,.T.);
#7697 = EDGE_CURVE('',#7528,#7579,#7698,.T.);
#7698 = B_SPLINE_CURVE_WITH_KNOTS('',3,(#7699,#7700,#7701,#7702,#7703,
    #7704),.UNSPECIFIED.,.F.,.F.,(4,2,4),(-2.566325591965E-06,
    1.382116633846E-04,2.789896523612E-04),.UNSPECIFIED.);
#7699 = CARTESIAN_POINT('',(-0.930571909585,-0.708184087733,
    0.339428090416));
#7700 = CARTESIAN_POINT('',(-0.951259107534,-0.744873716806,
    0.318740892469));
#7701 = CARTESIAN_POINT('',(-0.97191280291,-0.781725486939,0.29808719709
    ));
#7702 = CARTESIAN_POINT('',(-1.005923690762,-0.86170348181,
    0.264076309238));
#7703 = CARTESIAN_POINT('',(-1.02,-0.90613131984,0.25));
#7704 = CARTESIAN_POINT('',(-1.02,-0.953909326765,0.25));
#7705 = ORIENTED_EDGE('',*,*,#7578,.T.);
#7706 = ( BOUNDED_SURFACE() B_SPLINE_SURFACE(3,2,(
    (#7707,#7708,#7709)
    ,(#7710,#7711,#7712)
    ,(#7713,#7714,#7715)
    ,(#7716,#7717,#7718)
    ,(#7719,#7720,#7721)
    ,(#7722,#7723,#7724
)),.UNSPECIFIED.,.F.,.F.,.F.) B_SPLINE_SURFACE_WITH_KNOTS((4,2,4),(3,3),
  (1.040290242745E-03,1.535147072079E-03,2.030003901413E-03),(0.,1.),
.UNSPECIFIED.) GEOMETRIC_REPRESENTATION_ITEM() RATIONAL_B_SPLINE_SURFACE
((
    (1.,0.881218111854,1.)
    ,(1.,0.879721282842,1.)
    ,(1.,0.875586404508,1.)
    ,(1.,0.875603695599,1.)
    ,(1.,0.879714376944,1.)
,(1.,0.881217888699,1.))) REPRESENTATION_ITEM('') SURFACE() );
#7707 = CARTESIAN_POINT('',(-1.612718706114,-0.705279813609,
    0.339381855736));
#7708 = CARTESIAN_POINT('',(-1.652499652031,-0.749308797281,0.25));
#7709 = CARTESIAN_POINT('',(-1.724424463609,-0.828914153103,0.25));
#7710 = CARTESIAN_POINT('',(-1.520997771493,-0.787000941821,
    0.340667528821));
#7711 = CARTESIAN_POINT('',(-1.548812920009,-0.841647053409,0.25));
#7712 = CARTESIAN_POINT('',(-1.600744718246,-0.940660827876,0.25));
#7713 = CARTESIAN_POINT('',(-1.396900720324,-0.830627582642,
    0.34333938767));
#7714 = CARTESIAN_POINT('',(-1.410615335025,-0.889482905277,0.25));
#7715 = CARTESIAN_POINT('',(-1.436326217414,-0.999842910997,0.25));
#7716 = CARTESIAN_POINT('',(-1.142258090116,-0.830438551419,
    0.343327258987));
#7717 = CARTESIAN_POINT('',(-1.128455360396,-0.889274352548,0.25));
#7718 = CARTESIAN_POINT('',(-1.102571252549,-0.999585177268,0.25));
#7719 = CARTESIAN_POINT('',(-1.019354025493,-0.787309113319,
    0.340672436988));
#7720 = CARTESIAN_POINT('',(-0.991576924084,-0.841988366663,0.25));
#7721 = CARTESIAN_POINT('',(-0.939710578855,-0.941065184885,0.25));
#7722 = CARTESIAN_POINT('',(-0.927292517234,-0.70528981302,
    0.339382013054));
#7723 = CARTESIAN_POINT('',(-0.887512985504,-0.749320051288,0.25));
#7724 = CARTESIAN_POINT('',(-0.815590628518,-0.828927788663,0.25));
#7725 = ADVANCED_FACE('',(#7726),#7750,.T.);
#7726 = FACE_BOUND('',#7727,.T.);
#7727 = EDGE_LOOP('',(#7728,#7729,#7730,#7731,#7740,#7749));
#7728 = ORIENTED_EDGE('',*,*,#7518,.F.);
#7729 = ORIENTED_EDGE('',*,*,#7661,.F.);
#7730 = ORIENTED_EDGE('',*,*,#7556,.T.);
#7731 = ORIENTED_EDGE('',*,*,#7732,.T.);
#7732 = EDGE_CURVE('',#7548,#7733,#7735,.T.);
#7733 = VERTEX_POINT('',#7734);
#7734 = CARTESIAN_POINT('',(-1.609428090416,-0.708184087733,
    -0.339428090415));
#7735 = B_SPLINE_CURVE_WITH_KNOTS('',3,(#7736,#7737,#7738,#7739),
  .UNSPECIFIED.,.F.,.F.,(4,4),(3.669106867986E-04,7.35041284685E-04),
  .PIECEWISE_BEZIER_KNOTS.);
#7736 = CARTESIAN_POINT('',(-1.27,-0.83053322315,-0.343333333333));
#7737 = CARTESIAN_POINT('',(-1.394129807124,-0.83053322315,
    -0.343333333333));
#7738 = CARTESIAN_POINT('',(-1.515784306337,-0.790055185496,
    -0.340746950613));
#7739 = CARTESIAN_POINT('',(-1.609428090416,-0.708184087733,
    -0.339428090415));
#7740 = ORIENTED_EDGE('',*,*,#7741,.T.);
#7741 = EDGE_CURVE('',#7733,#7679,#7742,.T.);
#7742 = B_SPLINE_CURVE_WITH_KNOTS('',3,(#7743,#7744,#7745,#7746,#7747,
    #7748),.UNSPECIFIED.,.F.,.F.,(4,2,4),(0.,3.675206423425E-04,
    7.35041284685E-04),.UNSPECIFIED.);
#7743 = CARTESIAN_POINT('',(-1.609428090416,-0.708184087733,
    -0.339428090415));
#7744 = CARTESIAN_POINT('',(-1.610743989112,-0.789871343906,
    -0.2459945835));
#7745 = CARTESIAN_POINT('',(-1.613341958234,-0.830667811929,
    -0.123284811926));
#7746 = CARTESIAN_POINT('',(-1.613324665379,-0.830397962527,
    0.124518724521));
#7747 = CARTESIAN_POINT('',(-1.610744765393,-0.789919533283,
    0.245939464712));
#7748 = CARTESIAN_POINT('',(-1.609428090415,-0.708184087733,
    0.339428090416));
#7749 = ORIENTED_EDGE('',*,*,#7689,.T.);
#7750 = SURFACE_OF_REVOLUTION('',#7751,#7759);
#7751 = B_SPLINE_CURVE_WITH_KNOTS('',6,(#7752,#7753,#7754,#7755,#7756,
    #7757,#7758),.UNSPECIFIED.,.F.,.F.,(7,7),(0.,1.008260085193),
  .PIECEWISE_BEZIER_KNOTS.);
#7752 = CARTESIAN_POINT('',(-1.27,-0.36528538,-0.6));
#7753 = CARTESIAN_POINT('',(-1.27,-0.457709221143,-0.6));
#7754 = CARTESIAN_POINT('',(-1.27,-0.550132402892,-0.581362867522));
#7755 = CARTESIAN_POINT('',(-1.27,-0.637861660483,-0.544086465511));
#7756 = CARTESIAN_POINT('',(-1.27,-0.716182898862,-0.489756580519));
#7757 = CARTESIAN_POINT('',(-1.27,-0.781240508967,-0.421515137105));
#7758 = CARTESIAN_POINT('',(-1.27,-0.830533224013,-0.343333331965));
#7759 = AXIS1_PLACEMENT('',#7760,#7761);
#7760 = CARTESIAN_POINT('',(-1.27,-0.36528538,0.));
#7761 = DIRECTION('',(0.,-1.,0.));
#7762 = ADVANCED_FACE('',(#7763),#7782,.F.);
#7763 = FACE_BOUND('',#7764,.T.);
#7764 = EDGE_LOOP('',(#7765,#7766,#7767,#7776));
#7765 = ORIENTED_EDGE('',*,*,#7630,.T.);
#7766 = ORIENTED_EDGE('',*,*,#7589,.T.);
#7767 = ORIENTED_EDGE('',*,*,#7768,.T.);
#7768 = EDGE_CURVE('',#7581,#7769,#7771,.T.);
#7769 = VERTEX_POINT('',#7770);
#7770 = CARTESIAN_POINT('',(-1.52,-0.953909326765,-0.25));
#7771 = B_SPLINE_CURVE_WITH_KNOTS('',3,(#7772,#7773,#7774,#7775),
  .UNSPECIFIED.,.F.,.F.,(4,4),(0.,5.149310952809E-04),
  .PIECEWISE_BEZIER_KNOTS.);
#7772 = CARTESIAN_POINT('',(-1.52,-0.953909326765,0.25));
#7773 = CARTESIAN_POINT('',(-1.52,-1.015369879129,8.972400786539E-02));
#7774 = CARTESIAN_POINT('',(-1.52,-1.015357237461,-8.975697463469E-02));
#7775 = CARTESIAN_POINT('',(-1.52,-0.953909326765,-0.25));
#7776 = ORIENTED_EDGE('',*,*,#7777,.T.);
#7777 = EDGE_CURVE('',#7769,#7631,#7778,.T.);
#7778 = LINE('',#7779,#7780);
#7779 = CARTESIAN_POINT('',(-1.52,-3.,-0.25));
#7780 = VECTOR('',#7781,1.);
#7781 = DIRECTION('',(0.,1.,0.));
#7782 = PLANE('',#7783);
#7783 = AXIS2_PLACEMENT_3D('',#7784,#7785,#7786);
#7784 = CARTESIAN_POINT('',(-1.52,-2.,0.25));
#7785 = DIRECTION('',(-1.,-0.,0.));
#7786 = DIRECTION('',(0.,0.,1.));
#7787 = ADVANCED_FACE('',(#7788),#7807,.F.);
#7788 = FACE_BOUND('',#7789,.T.);
#7789 = EDGE_LOOP('',(#7790,#7799,#7800,#7801));
#7790 = ORIENTED_EDGE('',*,*,#7791,.T.);
#7791 = EDGE_CURVE('',#7792,#7579,#7794,.T.);
#7792 = VERTEX_POINT('',#7793);
#7793 = CARTESIAN_POINT('',(-1.02,-0.953909326765,-0.25));
#7794 = B_SPLINE_CURVE_WITH_KNOTS('',3,(#7795,#7796,#7797,#7798),
  .UNSPECIFIED.,.F.,.F.,(4,4),(0.,5.149310952809E-04),
  .PIECEWISE_BEZIER_KNOTS.);
#7795 = CARTESIAN_POINT('',(-1.02,-0.953909326765,-0.25));
#7796 = CARTESIAN_POINT('',(-1.02,-1.015369879129,-8.972400786539E-02));
#7797 = CARTESIAN_POINT('',(-1.02,-1.015357237461,8.975697463469E-02));
#7798 = CARTESIAN_POINT('',(-1.02,-0.953909326765,0.25));
#7799 = ORIENTED_EDGE('',*,*,#7605,.T.);
#7800 = ORIENTED_EDGE('',*,*,#7646,.T.);
#7801 = ORIENTED_EDGE('',*,*,#7802,.F.);
#7802 = EDGE_CURVE('',#7792,#7639,#7803,.T.);
#7803 = LINE('',#7804,#7805);
#7804 = CARTESIAN_POINT('',(-1.02,-2.,-0.25));
#7805 = VECTOR('',#7806,1.);
#7806 = DIRECTION('',(0.,1.,0.));
#7807 = PLANE('',#7808);
#7808 = AXIS2_PLACEMENT_3D('',#7809,#7810,#7811);
#7809 = CARTESIAN_POINT('',(-1.02,-2.,-0.25));
#7810 = DIRECTION('',(1.,0.,-0.));
#7811 = DIRECTION('',(-0.,0.,-1.));
#7812 = ADVANCED_FACE('',(#7813),#7827,.F.);
#7813 = FACE_BOUND('',#7814,.F.);
#7814 = EDGE_LOOP('',(#7815,#7816,#7817,#7826));
#7815 = ORIENTED_EDGE('',*,*,#7678,.T.);
#7816 = ORIENTED_EDGE('',*,*,#7768,.T.);
#7817 = ORIENTED_EDGE('',*,*,#7818,.T.);
#7818 = EDGE_CURVE('',#7769,#7733,#7819,.T.);
#7819 = B_SPLINE_CURVE_WITH_KNOTS('',3,(#7820,#7821,#7822,#7823,#7824,
    #7825),.UNSPECIFIED.,.F.,.F.,(4,2,4),(9.006059638196E-19,
    1.404793661642E-04,2.809587323283E-04),.UNSPECIFIED.);
#7820 = CARTESIAN_POINT('',(-1.52,-0.953909326765,-0.25));
#7821 = CARTESIAN_POINT('',(-1.52,-0.906130385574,-0.25));
#7822 = CARTESIAN_POINT('',(-1.534076822686,-0.861701785781,
    -0.264076822686));
#7823 = CARTESIAN_POINT('',(-1.56808867883,-0.781722491231,
    -0.29808867883));
#7824 = CARTESIAN_POINT('',(-1.588784774818,-0.744795889581,
    -0.31878477482));
#7825 = CARTESIAN_POINT('',(-1.609428090416,-0.708184087733,
    -0.339428090415));
#7826 = ORIENTED_EDGE('',*,*,#7741,.T.);
#7827 = ( BOUNDED_SURFACE() B_SPLINE_SURFACE(3,2,(
    (#7828,#7829,#7830)
    ,(#7831,#7832,#7833)
    ,(#7834,#7835,#7836)
    ,(#7837,#7838,#7839)
    ,(#7840,#7841,#7842)
    ,(#7843,#7844,#7845
)),.UNSPECIFIED.,.F.,.F.,.F.) B_SPLINE_SURFACE_WITH_KNOTS((4,2,4),(3,3),
  (1.040290242745E-03,1.535147072079E-03,2.030003901413E-03),(0.,1.),
.UNSPECIFIED.) GEOMETRIC_REPRESENTATION_ITEM() RATIONAL_B_SPLINE_SURFACE
((
    (1.,0.881218111854,1.)
    ,(1.,0.879721282842,1.)
    ,(1.,0.875586404508,1.)
    ,(1.,0.875603695599,1.)
    ,(1.,0.879714376944,1.)
,(1.,0.881217888699,1.))) REPRESENTATION_ITEM('') SURFACE() );
#7828 = CARTESIAN_POINT('',(-1.609381855736,-0.705279813609,
    -0.342718706114));
#7829 = CARTESIAN_POINT('',(-1.52,-0.749308797281,-0.382499652031));
#7830 = CARTESIAN_POINT('',(-1.52,-0.828914153103,-0.454424463609));
#7831 = CARTESIAN_POINT('',(-1.610667528821,-0.787000941821,
    -0.250997771493));
#7832 = CARTESIAN_POINT('',(-1.52,-0.841647053409,-0.278812920009));
#7833 = CARTESIAN_POINT('',(-1.52,-0.940660827876,-0.330744718246));
#7834 = CARTESIAN_POINT('',(-1.61333938767,-0.830627582642,
    -0.126900720324));
#7835 = CARTESIAN_POINT('',(-1.52,-0.889482905277,-0.140615335025));
#7836 = CARTESIAN_POINT('',(-1.52,-0.999842910997,-0.166326217414));
#7837 = CARTESIAN_POINT('',(-1.613327258987,-0.830438551419,
    0.127741909884));
#7838 = CARTESIAN_POINT('',(-1.52,-0.889274352548,0.141544639604));
#7839 = CARTESIAN_POINT('',(-1.52,-0.999585177268,0.167428747451));
#7840 = CARTESIAN_POINT('',(-1.610672436988,-0.787309113319,
    0.250645974508));
#7841 = CARTESIAN_POINT('',(-1.52,-0.841988366663,0.278423075916));
#7842 = CARTESIAN_POINT('',(-1.52,-0.941065184885,0.330289421145));
#7843 = CARTESIAN_POINT('',(-1.609382013054,-0.70528981302,
    0.342707482766));
#7844 = CARTESIAN_POINT('',(-1.52,-0.749320051288,0.382487014497));
#7845 = CARTESIAN_POINT('',(-1.52,-0.828927788663,0.454409371483));
#7846 = ADVANCED_FACE('',(#7847),#7859,.F.);
#7847 = FACE_BOUND('',#7848,.T.);
#7848 = EDGE_LOOP('',(#7849,#7850,#7851,#7858));
#7849 = ORIENTED_EDGE('',*,*,#7638,.F.);
#7850 = ORIENTED_EDGE('',*,*,#7777,.F.);
#7851 = ORIENTED_EDGE('',*,*,#7852,.T.);
#7852 = EDGE_CURVE('',#7769,#7792,#7853,.T.);
#7853 = B_SPLINE_CURVE_WITH_KNOTS('',3,(#7854,#7855,#7856,#7857),
  .UNSPECIFIED.,.F.,.F.,(4,4),(1.167721476618E-18,5.149310952809E-04),
  .PIECEWISE_BEZIER_KNOTS.);
#7854 = CARTESIAN_POINT('',(-1.52,-0.953909326765,-0.25));
#7855 = CARTESIAN_POINT('',(-1.359724007865,-1.015369879129,-0.25));
#7856 = CARTESIAN_POINT('',(-1.180243025365,-1.015357237461,-0.25));
#7857 = CARTESIAN_POINT('',(-1.02,-0.953909326765,-0.25));
#7858 = ORIENTED_EDGE('',*,*,#7802,.T.);
#7859 = PLANE('',#7860);
#7860 = AXIS2_PLACEMENT_3D('',#7861,#7862,#7863);
#7861 = CARTESIAN_POINT('',(-1.52,-3.,-0.25));
#7862 = DIRECTION('',(0.,0.,-1.));
#7863 = DIRECTION('',(-1.,0.,-0.));
#7864 = ADVANCED_FACE('',(#7865),#7879,.F.);
#7865 = FACE_BOUND('',#7866,.F.);
#7866 = EDGE_LOOP('',(#7867,#7868,#7877,#7878));
#7867 = ORIENTED_EDGE('',*,*,#7536,.T.);
#7868 = ORIENTED_EDGE('',*,*,#7869,.F.);
#7869 = EDGE_CURVE('',#7792,#7537,#7870,.T.);
#7870 = B_SPLINE_CURVE_WITH_KNOTS('',3,(#7871,#7872,#7873,#7874,#7875,
    #7876),.UNSPECIFIED.,.F.,.F.,(4,2,4),(5.448048490814E-19,
    1.404793661642E-04,2.809587323283E-04),.UNSPECIFIED.);
#7871 = CARTESIAN_POINT('',(-1.02,-0.953909326765,-0.25));
#7872 = CARTESIAN_POINT('',(-1.02,-0.906130385574,-0.25));
#7873 = CARTESIAN_POINT('',(-1.005923177314,-0.861701785781,
    -0.264076822686));
#7874 = CARTESIAN_POINT('',(-0.97191132117,-0.781722491231,
    -0.29808867883));
#7875 = CARTESIAN_POINT('',(-0.951215225179,-0.744795889581,
    -0.318784774818));
#7876 = CARTESIAN_POINT('',(-0.930571909585,-0.708184087733,
    -0.339428090416));
#7877 = ORIENTED_EDGE('',*,*,#7791,.T.);
#7878 = ORIENTED_EDGE('',*,*,#7697,.F.);
#7879 = ( BOUNDED_SURFACE() B_SPLINE_SURFACE(3,2,(
    (#7880,#7881,#7882)
    ,(#7883,#7884,#7885)
    ,(#7886,#7887,#7888)
    ,(#7889,#7890,#7891)
    ,(#7892,#7893,#7894)
    ,(#7895,#7896,#7897
)),.UNSPECIFIED.,.F.,.F.,.F.) B_SPLINE_SURFACE_WITH_KNOTS((4,2,4),(3,3),
  (1.040290242745E-03,1.535147072079E-03,2.030003901413E-03),(0.,1.),
.UNSPECIFIED.) GEOMETRIC_REPRESENTATION_ITEM() RATIONAL_B_SPLINE_SURFACE
((
    (1.,0.881218111854,1.)
    ,(1.,0.879721282842,1.)
    ,(1.,0.875586404508,1.)
    ,(1.,0.875603695599,1.)
    ,(1.,0.879714376944,1.)
,(1.,0.881217888699,1.))) REPRESENTATION_ITEM('') SURFACE() );
#7880 = CARTESIAN_POINT('',(-0.930618144264,-0.705279813609,
    0.342718706114));
#7881 = CARTESIAN_POINT('',(-1.02,-0.749308797281,0.382499652031));
#7882 = CARTESIAN_POINT('',(-1.02,-0.828914153103,0.454424463609));
#7883 = CARTESIAN_POINT('',(-0.929332471179,-0.787000941821,
    0.250997771493));
#7884 = CARTESIAN_POINT('',(-1.02,-0.841647053409,0.278812920009));
#7885 = CARTESIAN_POINT('',(-1.02,-0.940660827876,0.330744718246));
#7886 = CARTESIAN_POINT('',(-0.92666061233,-0.830627582642,
    0.126900720324));
#7887 = CARTESIAN_POINT('',(-1.02,-0.889482905277,0.140615335025));
#7888 = CARTESIAN_POINT('',(-1.02,-0.999842910997,0.166326217414));
#7889 = CARTESIAN_POINT('',(-0.926672741013,-0.830438551419,
    -0.127741909884));
#7890 = CARTESIAN_POINT('',(-1.02,-0.889274352548,-0.141544639604));
#7891 = CARTESIAN_POINT('',(-1.02,-0.999585177268,-0.167428747451));
#7892 = CARTESIAN_POINT('',(-0.929327563012,-0.787309113319,
    -0.250645974508));
#7893 = CARTESIAN_POINT('',(-1.02,-0.841988366663,-0.278423075916));
#7894 = CARTESIAN_POINT('',(-1.02,-0.941065184885,-0.330289421145));
#7895 = CARTESIAN_POINT('',(-0.930617986946,-0.70528981302,
    -0.342707482766));
#7896 = CARTESIAN_POINT('',(-1.02,-0.749320051288,-0.382487014497));
#7897 = CARTESIAN_POINT('',(-1.02,-0.828927788663,-0.454409371483));
#7898 = ADVANCED_FACE('',(#7899),#7906,.F.);
#7899 = FACE_BOUND('',#7900,.F.);
#7900 = EDGE_LOOP('',(#7901,#7902,#7903,#7904,#7905));
#7901 = ORIENTED_EDGE('',*,*,#7732,.T.);
#7902 = ORIENTED_EDGE('',*,*,#7818,.F.);
#7903 = ORIENTED_EDGE('',*,*,#7852,.T.);
#7904 = ORIENTED_EDGE('',*,*,#7869,.T.);
#7905 = ORIENTED_EDGE('',*,*,#7547,.T.);
#7906 = ( BOUNDED_SURFACE() B_SPLINE_SURFACE(3,2,(
    (#7907,#7908,#7909)
    ,(#7910,#7911,#7912)
    ,(#7913,#7914,#7915)
    ,(#7916,#7917,#7918)
    ,(#7919,#7920,#7921)
    ,(#7922,#7923,#7924
)),.UNSPECIFIED.,.F.,.F.,.F.) B_SPLINE_SURFACE_WITH_KNOTS((4,2,4),(3,3),
  (1.040290242745E-03,1.535147072079E-03,2.030003901413E-03),(0.,1.),
.UNSPECIFIED.) GEOMETRIC_REPRESENTATION_ITEM() RATIONAL_B_SPLINE_SURFACE
((
    (1.,0.881218111854,1.)
    ,(1.,0.879721282842,1.)
    ,(1.,0.875586404508,1.)
    ,(1.,0.875603695599,1.)
    ,(1.,0.879714376944,1.)
,(1.,0.881217888699,1.))) REPRESENTATION_ITEM('') SURFACE() );
#7907 = CARTESIAN_POINT('',(-0.927281293886,-0.705279813609,
    -0.339381855736));
#7908 = CARTESIAN_POINT('',(-0.887500347969,-0.749308797281,-0.25));
#7909 = CARTESIAN_POINT('',(-0.815575536391,-0.828914153103,-0.25));
#7910 = CARTESIAN_POINT('',(-1.019002228507,-0.787000941821,
    -0.340667528821));
#7911 = CARTESIAN_POINT('',(-0.991187079991,-0.841647053409,-0.25));
#7912 = CARTESIAN_POINT('',(-0.939255281754,-0.940660827876,-0.25));
#7913 = CARTESIAN_POINT('',(-1.143099279676,-0.830627582642,
    -0.34333938767));
#7914 = CARTESIAN_POINT('',(-1.129384664975,-0.889482905277,-0.25));
#7915 = CARTESIAN_POINT('',(-1.103673782586,-0.999842910997,-0.25));
#7916 = CARTESIAN_POINT('',(-1.397741909884,-0.830438551419,
    -0.343327258987));
#7917 = CARTESIAN_POINT('',(-1.411544639604,-0.889274352548,-0.25));
#7918 = CARTESIAN_POINT('',(-1.437428747451,-0.999585177268,-0.25));
#7919 = CARTESIAN_POINT('',(-1.520645974508,-0.787309113319,
    -0.340672436988));
#7920 = CARTESIAN_POINT('',(-1.548423075916,-0.841988366663,-0.25));
#7921 = CARTESIAN_POINT('',(-1.600289421145,-0.941065184885,-0.25));
#7922 = CARTESIAN_POINT('',(-1.612707482766,-0.70528981302,
    -0.339382013054));
#7923 = CARTESIAN_POINT('',(-1.652487014497,-0.749320051288,-0.25));
#7924 = CARTESIAN_POINT('',(-1.724409371483,-0.828927788663,-0.25));
#7925 = MANIFOLD_SOLID_BREP('',#7926);
#7926 = CLOSED_SHELL('',(#7927,#7967,#8007,#8029,#8110,#8191,#8208,#8230
    ,#8252,#8269,#8281,#8293,#8315,#8327));
#7927 = ADVANCED_FACE('',(#7928),#7962,.T.);
#7928 = FACE_BOUND('',#7929,.T.);
#7929 = EDGE_LOOP('',(#7930,#7940,#7948,#7956));
#7930 = ORIENTED_EDGE('',*,*,#7931,.T.);
#7931 = EDGE_CURVE('',#7932,#7934,#7936,.T.);
#7932 = VERTEX_POINT('',#7933);
#7933 = CARTESIAN_POINT('',(1.02,-3.,-0.25));
#7934 = VERTEX_POINT('',#7935);
#7935 = CARTESIAN_POINT('',(1.02,-3.,0.25));
#7936 = LINE('',#7937,#7938);
#7937 = CARTESIAN_POINT('',(1.02,-3.,-0.25));
#7938 = VECTOR('',#7939,1.);
#7939 = DIRECTION('',(0.,0.,1.));
#7940 = ORIENTED_EDGE('',*,*,#7941,.F.);
#7941 = EDGE_CURVE('',#7942,#7934,#7944,.T.);
#7942 = VERTEX_POINT('',#7943);
#7943 = CARTESIAN_POINT('',(0.92,-3.,0.25));
#7944 = LINE('',#7945,#7946);
#7945 = CARTESIAN_POINT('',(0.92,-3.,0.25));
#7946 = VECTOR('',#7947,1.);
#7947 = DIRECTION('',(1.,0.,0.));
#7948 = ORIENTED_EDGE('',*,*,#7949,.F.);
#7949 = EDGE_CURVE('',#7950,#7942,#7952,.T.);
#7950 = VERTEX_POINT('',#7951);
#7951 = CARTESIAN_POINT('',(0.92,-3.,-0.25));
#7952 = LINE('',#7953,#7954);
#7953 = CARTESIAN_POINT('',(0.92,-3.,-0.25));
#7954 = VECTOR('',#7955,1.);
#7955 = DIRECTION('',(0.,0.,1.));
#7956 = ORIENTED_EDGE('',*,*,#7957,.F.);
#7957 = EDGE_CURVE('',#7932,#7950,#7958,.T.);
#7958 = LINE('',#7959,#7960);
#7959 = CARTESIAN_POINT('',(1.62,-3.,-0.25));
#7960 = VECTOR('',#7961,1.);
#7961 = DIRECTION('',(-1.,0.,7.744301232039E-17));
#7962 = PLANE('',#7963);
#7963 = AXIS2_PLACEMENT_3D('',#7964,#7965,#7966);
#7964 = CARTESIAN_POINT('',(0.,-3.,0.));
#7965 = DIRECTION('',(0.,-1.,-0.));
#7966 = DIRECTION('',(-0.,0.,-1.));
#7967 = ADVANCED_FACE('',(#7968),#8002,.F.);
#7968 = FACE_BOUND('',#7969,.T.);
#7969 = EDGE_LOOP('',(#7970,#7980,#7988,#7996));
#7970 = ORIENTED_EDGE('',*,*,#7971,.T.);
#7971 = EDGE_CURVE('',#7972,#7974,#7976,.T.);
#7972 = VERTEX_POINT('',#7973);
#7973 = CARTESIAN_POINT('',(1.02,-2.,-0.25));
#7974 = VERTEX_POINT('',#7975);
#7975 = CARTESIAN_POINT('',(0.92,-2.,-0.25));
#7976 = LINE('',#7977,#7978);
#7977 = CARTESIAN_POINT('',(1.62,-2.,-0.25));
#7978 = VECTOR('',#7979,1.);
#7979 = DIRECTION('',(-1.,0.,7.744301232039E-17));
#7980 = ORIENTED_EDGE('',*,*,#7981,.T.);
#7981 = EDGE_CURVE('',#7974,#7982,#7984,.T.);
#7982 = VERTEX_POINT('',#7983);
#7983 = CARTESIAN_POINT('',(0.92,-2.,0.25));
#7984 = LINE('',#7985,#7986);
#7985 = CARTESIAN_POINT('',(0.92,-2.,-0.25));
#7986 = VECTOR('',#7987,1.);
#7987 = DIRECTION('',(0.,0.,1.));
#7988 = ORIENTED_EDGE('',*,*,#7989,.T.);
#7989 = EDGE_CURVE('',#7982,#7990,#7992,.T.);
#7990 = VERTEX_POINT('',#7991);
#7991 = CARTESIAN_POINT('',(1.02,-2.,0.25));
#7992 = LINE('',#7993,#7994);
#7993 = CARTESIAN_POINT('',(0.92,-2.,0.25));
#7994 = VECTOR('',#7995,1.);
#7995 = DIRECTION('',(1.,0.,0.));
#7996 = ORIENTED_EDGE('',*,*,#7997,.F.);
#7997 = EDGE_CURVE('',#7972,#7990,#7998,.T.);
#7998 = LINE('',#7999,#8000);
#7999 = CARTESIAN_POINT('',(1.02,-2.,-0.25));
#8000 = VECTOR('',#8001,1.);
#8001 = DIRECTION('',(0.,0.,1.));
#8002 = PLANE('',#8003);
#8003 = AXIS2_PLACEMENT_3D('',#8004,#8005,#8006);
#8004 = CARTESIAN_POINT('',(0.,-2.,0.));
#8005 = DIRECTION('',(0.,-1.,-0.));
#8006 = DIRECTION('',(-0.,0.,-1.));
#8007 = ADVANCED_FACE('',(#8008),#8024,.F.);
#8008 = FACE_BOUND('',#8009,.T.);
#8009 = EDGE_LOOP('',(#8010,#8011,#8017,#8018));
#8010 = ORIENTED_EDGE('',*,*,#7981,.F.);
#8011 = ORIENTED_EDGE('',*,*,#8012,.F.);
#8012 = EDGE_CURVE('',#7950,#7974,#8013,.T.);
#8013 = LINE('',#8014,#8015);
#8014 = CARTESIAN_POINT('',(0.92,-3.,-0.25));
#8015 = VECTOR('',#8016,1.);
#8016 = DIRECTION('',(0.,1.,0.));
#8017 = ORIENTED_EDGE('',*,*,#7949,.T.);
#8018 = ORIENTED_EDGE('',*,*,#8019,.T.);
#8019 = EDGE_CURVE('',#7942,#7982,#8020,.T.);
#8020 = LINE('',#8021,#8022);
#8021 = CARTESIAN_POINT('',(0.92,-3.,0.25));
#8022 = VECTOR('',#8023,1.);
#8023 = DIRECTION('',(0.,1.,0.));
#8024 = PLANE('',#8025);
#8025 = AXIS2_PLACEMENT_3D('',#8026,#8027,#8028);
#8026 = CARTESIAN_POINT('',(0.92,-3.,-0.25));
#8027 = DIRECTION('',(1.,0.,-0.));
#8028 = DIRECTION('',(0.,0.,1.));
#8029 = ADVANCED_FACE('',(#8030),#8105,.F.);
#8030 = FACE_BOUND('',#8031,.T.);
#8031 = EDGE_LOOP('',(#8032,#8033,#8034,#8035,#8043,#8051,#8059,#8067,
    #8075,#8083,#8091,#8099));
#8032 = ORIENTED_EDGE('',*,*,#7989,.F.);
#8033 = ORIENTED_EDGE('',*,*,#8019,.F.);
#8034 = ORIENTED_EDGE('',*,*,#7941,.T.);
#8035 = ORIENTED_EDGE('',*,*,#8036,.F.);
#8036 = EDGE_CURVE('',#8037,#7934,#8039,.T.);
#8037 = VERTEX_POINT('',#8038);
#8038 = CARTESIAN_POINT('',(1.02,-27.,0.25));
#8039 = LINE('',#8040,#8041);
#8040 = CARTESIAN_POINT('',(1.02,-27.,0.25));
#8041 = VECTOR('',#8042,1.);
#8042 = DIRECTION('',(0.,1.,0.));
#8043 = ORIENTED_EDGE('',*,*,#8044,.T.);
#8044 = EDGE_CURVE('',#8037,#8045,#8047,.T.);
#8045 = VERTEX_POINT('',#8046);
#8046 = CARTESIAN_POINT('',(1.52,-27.,0.25));
#8047 = LINE('',#8048,#8049);
#8048 = CARTESIAN_POINT('',(1.52,-27.,0.25));
#8049 = VECTOR('',#8050,1.);
#8050 = DIRECTION('',(1.,-0.,-0.));
#8051 = ORIENTED_EDGE('',*,*,#8052,.T.);
#8052 = EDGE_CURVE('',#8045,#8053,#8055,.T.);
#8053 = VERTEX_POINT('',#8054);
#8054 = CARTESIAN_POINT('',(1.52,-3.,0.25));
#8055 = LINE('',#8056,#8057);
#8056 = CARTESIAN_POINT('',(1.52,-27.,0.25));
#8057 = VECTOR('',#8058,1.);
#8058 = DIRECTION('',(0.,1.,0.));
#8059 = ORIENTED_EDGE('',*,*,#8060,.T.);
#8060 = EDGE_CURVE('',#8053,#8061,#8063,.T.);
#8061 = VERTEX_POINT('',#8062);
#8062 = CARTESIAN_POINT('',(1.62,-3.,0.25));
#8063 = LINE('',#8064,#8065);
#8064 = CARTESIAN_POINT('',(0.92,-3.,0.25));
#8065 = VECTOR('',#8066,1.);
#8066 = DIRECTION('',(1.,0.,0.));
#8067 = ORIENTED_EDGE('',*,*,#8068,.T.);
#8068 = EDGE_CURVE('',#8061,#8069,#8071,.T.);
#8069 = VERTEX_POINT('',#8070);
#8070 = CARTESIAN_POINT('',(1.62,-2.,0.25));
#8071 = LINE('',#8072,#8073);
#8072 = CARTESIAN_POINT('',(1.62,-3.,0.25));
#8073 = VECTOR('',#8074,1.);
#8074 = DIRECTION('',(0.,1.,0.));
#8075 = ORIENTED_EDGE('',*,*,#8076,.F.);
#8076 = EDGE_CURVE('',#8077,#8069,#8079,.T.);
#8077 = VERTEX_POINT('',#8078);
#8078 = CARTESIAN_POINT('',(1.52,-2.,0.25));
#8079 = LINE('',#8080,#8081);
#8080 = CARTESIAN_POINT('',(0.92,-2.,0.25));
#8081 = VECTOR('',#8082,1.);
#8082 = DIRECTION('',(1.,0.,0.));
#8083 = ORIENTED_EDGE('',*,*,#8084,.T.);
#8084 = EDGE_CURVE('',#8077,#8085,#8087,.T.);
#8085 = VERTEX_POINT('',#8086);
#8086 = CARTESIAN_POINT('',(1.52,0.,0.25));
#8087 = LINE('',#8088,#8089);
#8088 = CARTESIAN_POINT('',(1.52,-27.,0.25));
#8089 = VECTOR('',#8090,1.);
#8090 = DIRECTION('',(0.,1.,0.));
#8091 = ORIENTED_EDGE('',*,*,#8092,.F.);
#8092 = EDGE_CURVE('',#8093,#8085,#8095,.T.);
#8093 = VERTEX_POINT('',#8094);
#8094 = CARTESIAN_POINT('',(1.02,0.,0.25));
#8095 = LINE('',#8096,#8097);
#8096 = CARTESIAN_POINT('',(1.27,0.,0.25));
#8097 = VECTOR('',#8098,1.);
#8098 = DIRECTION('',(1.,0.,0.));
#8099 = ORIENTED_EDGE('',*,*,#8100,.F.);
#8100 = EDGE_CURVE('',#7990,#8093,#8101,.T.);
#8101 = LINE('',#8102,#8103);
#8102 = CARTESIAN_POINT('',(1.02,-27.,0.25));
#8103 = VECTOR('',#8104,1.);
#8104 = DIRECTION('',(0.,1.,0.));
#8105 = PLANE('',#8106);
#8106 = AXIS2_PLACEMENT_3D('',#8107,#8108,#8109);
#8107 = CARTESIAN_POINT('',(1.52,-27.,0.25));
#8108 = DIRECTION('',(0.,0.,-1.));
#8109 = DIRECTION('',(1.,0.,0.));
#8110 = ADVANCED_FACE('',(#8111),#8186,.F.);
#8111 = FACE_BOUND('',#8112,.T.);
#8112 = EDGE_LOOP('',(#8113,#8114,#8115,#8116,#8124,#8132,#8140,#8148,
    #8156,#8164,#8172,#8180));
#8113 = ORIENTED_EDGE('',*,*,#7957,.T.);
#8114 = ORIENTED_EDGE('',*,*,#8012,.T.);
#8115 = ORIENTED_EDGE('',*,*,#7971,.F.);
#8116 = ORIENTED_EDGE('',*,*,#8117,.T.);
#8117 = EDGE_CURVE('',#7972,#8118,#8120,.T.);
#8118 = VERTEX_POINT('',#8119);
#8119 = CARTESIAN_POINT('',(1.02,-4.336808689942E-16,-0.25));
#8120 = LINE('',#8121,#8122);
#8121 = CARTESIAN_POINT('',(1.02,-27.,-0.25));
#8122 = VECTOR('',#8123,1.);
#8123 = DIRECTION('',(0.,1.,0.));
#8124 = ORIENTED_EDGE('',*,*,#8125,.T.);
#8125 = EDGE_CURVE('',#8118,#8126,#8128,.T.);
#8126 = VERTEX_POINT('',#8127);
#8127 = CARTESIAN_POINT('',(1.52,-4.336808689942E-16,-0.25));
#8128 = LINE('',#8129,#8130);
#8129 = CARTESIAN_POINT('',(1.52,-4.336808689942E-16,-0.25));
#8130 = VECTOR('',#8131,1.);
#8131 = DIRECTION('',(1.,0.,0.));
#8132 = ORIENTED_EDGE('',*,*,#8133,.F.);
#8133 = EDGE_CURVE('',#8134,#8126,#8136,.T.);
#8134 = VERTEX_POINT('',#8135);
#8135 = CARTESIAN_POINT('',(1.52,-2.,-0.25));
#8136 = LINE('',#8137,#8138);
#8137 = CARTESIAN_POINT('',(1.52,-27.,-0.25));
#8138 = VECTOR('',#8139,1.);
#8139 = DIRECTION('',(0.,1.,0.));
#8140 = ORIENTED_EDGE('',*,*,#8141,.F.);
#8141 = EDGE_CURVE('',#8142,#8134,#8144,.T.);
#8142 = VERTEX_POINT('',#8143);
#8143 = CARTESIAN_POINT('',(1.62,-2.,-0.25));
#8144 = LINE('',#8145,#8146);
#8145 = CARTESIAN_POINT('',(1.62,-2.,-0.25));
#8146 = VECTOR('',#8147,1.);
#8147 = DIRECTION('',(-1.,0.,7.744301232039E-17));
#8148 = ORIENTED_EDGE('',*,*,#8149,.F.);
#8149 = EDGE_CURVE('',#8150,#8142,#8152,.T.);
#8150 = VERTEX_POINT('',#8151);
#8151 = CARTESIAN_POINT('',(1.62,-3.,-0.25));
#8152 = LINE('',#8153,#8154);
#8153 = CARTESIAN_POINT('',(1.62,-3.,-0.25));
#8154 = VECTOR('',#8155,1.);
#8155 = DIRECTION('',(0.,1.,0.));
#8156 = ORIENTED_EDGE('',*,*,#8157,.T.);
#8157 = EDGE_CURVE('',#8150,#8158,#8160,.T.);
#8158 = VERTEX_POINT('',#8159);
#8159 = CARTESIAN_POINT('',(1.52,-3.,-0.25));
#8160 = LINE('',#8161,#8162);
#8161 = CARTESIAN_POINT('',(1.62,-3.,-0.25));
#8162 = VECTOR('',#8163,1.);
#8163 = DIRECTION('',(-1.,0.,7.744301232039E-17));
#8164 = ORIENTED_EDGE('',*,*,#8165,.F.);
#8165 = EDGE_CURVE('',#8166,#8158,#8168,.T.);
#8166 = VERTEX_POINT('',#8167);
#8167 = CARTESIAN_POINT('',(1.52,-27.,-0.25));
#8168 = LINE('',#8169,#8170);
#8169 = CARTESIAN_POINT('',(1.52,-27.,-0.25));
#8170 = VECTOR('',#8171,1.);
#8171 = DIRECTION('',(0.,1.,0.));
#8172 = ORIENTED_EDGE('',*,*,#8173,.T.);
#8173 = EDGE_CURVE('',#8166,#8174,#8176,.T.);
#8174 = VERTEX_POINT('',#8175);
#8175 = CARTESIAN_POINT('',(1.02,-27.,-0.25));
#8176 = LINE('',#8177,#8178);
#8177 = CARTESIAN_POINT('',(1.52,-27.,-0.25));
#8178 = VECTOR('',#8179,1.);
#8179 = DIRECTION('',(-1.,0.,0.));
#8180 = ORIENTED_EDGE('',*,*,#8181,.T.);
#8181 = EDGE_CURVE('',#8174,#7932,#8182,.T.);
#8182 = LINE('',#8183,#8184);
#8183 = CARTESIAN_POINT('',(1.02,-27.,-0.25));
#8184 = VECTOR('',#8185,1.);
#8185 = DIRECTION('',(0.,1.,0.));
#8186 = PLANE('',#8187);
#8187 = AXIS2_PLACEMENT_3D('',#8188,#8189,#8190);
#8188 = CARTESIAN_POINT('',(1.52,-27.,-0.25));
#8189 = DIRECTION('',(0.,0.,1.));
#8190 = DIRECTION('',(-1.,0.,0.));
#8191 = ADVANCED_FACE('',(#8192),#8203,.T.);
#8192 = FACE_BOUND('',#8193,.T.);
#8193 = EDGE_LOOP('',(#8194,#8195,#8196,#8202));
#8194 = ORIENTED_EDGE('',*,*,#7997,.T.);
#8195 = ORIENTED_EDGE('',*,*,#8100,.T.);
#8196 = ORIENTED_EDGE('',*,*,#8197,.T.);
#8197 = EDGE_CURVE('',#8093,#8118,#8198,.T.);
#8198 = LINE('',#8199,#8200);
#8199 = CARTESIAN_POINT('',(1.02,-4.336808689942E-16,-0.25));
#8200 = VECTOR('',#8201,1.);
#8201 = DIRECTION('',(0.,0.,-1.));
#8202 = ORIENTED_EDGE('',*,*,#8117,.F.);
#8203 = PLANE('',#8204);
#8204 = AXIS2_PLACEMENT_3D('',#8205,#8206,#8207);
#8205 = CARTESIAN_POINT('',(1.02,-2.,-0.25));
#8206 = DIRECTION('',(-1.,0.,0.));
#8207 = DIRECTION('',(0.,0.,-1.));
#8208 = ADVANCED_FACE('',(#8209),#8225,.T.);
#8209 = FACE_BOUND('',#8210,.T.);
#8210 = EDGE_LOOP('',(#8211,#8212,#8218,#8219));
#8211 = ORIENTED_EDGE('',*,*,#8052,.F.);
#8212 = ORIENTED_EDGE('',*,*,#8213,.T.);
#8213 = EDGE_CURVE('',#8045,#8166,#8214,.T.);
#8214 = LINE('',#8215,#8216);
#8215 = CARTESIAN_POINT('',(1.52,-27.,-0.25));
#8216 = VECTOR('',#8217,1.);
#8217 = DIRECTION('',(0.,-0.,-1.));
#8218 = ORIENTED_EDGE('',*,*,#8165,.T.);
#8219 = ORIENTED_EDGE('',*,*,#8220,.F.);
#8220 = EDGE_CURVE('',#8053,#8158,#8221,.T.);
#8221 = LINE('',#8222,#8223);
#8222 = CARTESIAN_POINT('',(1.52,-3.,-0.25));
#8223 = VECTOR('',#8224,1.);
#8224 = DIRECTION('',(0.,0.,-1.));
#8225 = PLANE('',#8226);
#8226 = AXIS2_PLACEMENT_3D('',#8227,#8228,#8229);
#8227 = CARTESIAN_POINT('',(1.52,-2.,0.25));
#8228 = DIRECTION('',(1.,0.,-0.));
#8229 = DIRECTION('',(0.,0.,1.));
#8230 = ADVANCED_FACE('',(#8231),#8247,.T.);
#8231 = FACE_BOUND('',#8232,.T.);
#8232 = EDGE_LOOP('',(#8233,#8239,#8240,#8246));
#8233 = ORIENTED_EDGE('',*,*,#8234,.T.);
#8234 = EDGE_CURVE('',#8077,#8134,#8235,.T.);
#8235 = LINE('',#8236,#8237);
#8236 = CARTESIAN_POINT('',(1.52,-2.,-0.25));
#8237 = VECTOR('',#8238,1.);
#8238 = DIRECTION('',(0.,0.,-1.));
#8239 = ORIENTED_EDGE('',*,*,#8133,.T.);
#8240 = ORIENTED_EDGE('',*,*,#8241,.T.);
#8241 = EDGE_CURVE('',#8126,#8085,#8242,.T.);
#8242 = LINE('',#8243,#8244);
#8243 = CARTESIAN_POINT('',(1.52,-4.336808689942E-16,0.25));
#8244 = VECTOR('',#8245,1.);
#8245 = DIRECTION('',(0.,0.,1.));
#8246 = ORIENTED_EDGE('',*,*,#8084,.F.);
#8247 = PLANE('',#8248);
#8248 = AXIS2_PLACEMENT_3D('',#8249,#8250,#8251);
#8249 = CARTESIAN_POINT('',(1.52,-2.,0.25));
#8250 = DIRECTION('',(1.,0.,-0.));
#8251 = DIRECTION('',(0.,0.,1.));
#8252 = ADVANCED_FACE('',(#8253),#8264,.T.);
#8253 = FACE_BOUND('',#8254,.T.);
#8254 = EDGE_LOOP('',(#8255,#8256,#8262,#8263));
#8255 = ORIENTED_EDGE('',*,*,#8181,.F.);
#8256 = ORIENTED_EDGE('',*,*,#8257,.T.);
#8257 = EDGE_CURVE('',#8174,#8037,#8258,.T.);
#8258 = LINE('',#8259,#8260);
#8259 = CARTESIAN_POINT('',(1.02,-27.,-0.25));
#8260 = VECTOR('',#8261,1.);
#8261 = DIRECTION('',(0.,0.,1.));
#8262 = ORIENTED_EDGE('',*,*,#8036,.T.);
#8263 = ORIENTED_EDGE('',*,*,#7931,.F.);
#8264 = PLANE('',#8265);
#8265 = AXIS2_PLACEMENT_3D('',#8266,#8267,#8268);
#8266 = CARTESIAN_POINT('',(1.02,-2.,-0.25));
#8267 = DIRECTION('',(-1.,0.,0.));
#8268 = DIRECTION('',(0.,0.,-1.));
#8269 = ADVANCED_FACE('',(#8270),#8276,.F.);
#8270 = FACE_BOUND('',#8271,.T.);
#8271 = EDGE_LOOP('',(#8272,#8273,#8274,#8275));
#8272 = ORIENTED_EDGE('',*,*,#8257,.F.);
#8273 = ORIENTED_EDGE('',*,*,#8173,.F.);
#8274 = ORIENTED_EDGE('',*,*,#8213,.F.);
#8275 = ORIENTED_EDGE('',*,*,#8044,.F.);
#8276 = PLANE('',#8277);
#8277 = AXIS2_PLACEMENT_3D('',#8278,#8279,#8280);
#8278 = CARTESIAN_POINT('',(0.,-27.,0.));
#8279 = DIRECTION('',(0.,1.,0.));
#8280 = DIRECTION('',(0.,-0.,1.));
#8281 = ADVANCED_FACE('',(#8282),#8288,.F.);
#8282 = FACE_BOUND('',#8283,.T.);
#8283 = EDGE_LOOP('',(#8284,#8285,#8286,#8287));
#8284 = ORIENTED_EDGE('',*,*,#8092,.T.);
#8285 = ORIENTED_EDGE('',*,*,#8241,.F.);
#8286 = ORIENTED_EDGE('',*,*,#8125,.F.);
#8287 = ORIENTED_EDGE('',*,*,#8197,.F.);
#8288 = PLANE('',#8289);
#8289 = AXIS2_PLACEMENT_3D('',#8290,#8291,#8292);
#8290 = CARTESIAN_POINT('',(1.27,0.,0.));
#8291 = DIRECTION('',(0.,-1.,-0.));
#8292 = DIRECTION('',(-0.,0.,-1.));
#8293 = ADVANCED_FACE('',(#8294),#8310,.F.);
#8294 = FACE_BOUND('',#8295,.T.);
#8295 = EDGE_LOOP('',(#8296,#8302,#8303,#8309));
#8296 = ORIENTED_EDGE('',*,*,#8297,.F.);
#8297 = EDGE_CURVE('',#8069,#8142,#8298,.T.);
#8298 = LINE('',#8299,#8300);
#8299 = CARTESIAN_POINT('',(1.62,-2.,0.25));
#8300 = VECTOR('',#8301,1.);
#8301 = DIRECTION('',(0.,0.,-1.));
#8302 = ORIENTED_EDGE('',*,*,#8068,.F.);
#8303 = ORIENTED_EDGE('',*,*,#8304,.T.);
#8304 = EDGE_CURVE('',#8061,#8150,#8305,.T.);
#8305 = LINE('',#8306,#8307);
#8306 = CARTESIAN_POINT('',(1.62,-3.,0.25));
#8307 = VECTOR('',#8308,1.);
#8308 = DIRECTION('',(0.,0.,-1.));
#8309 = ORIENTED_EDGE('',*,*,#8149,.T.);
#8310 = PLANE('',#8311);
#8311 = AXIS2_PLACEMENT_3D('',#8312,#8313,#8314);
#8312 = CARTESIAN_POINT('',(1.62,-3.,0.25));
#8313 = DIRECTION('',(-1.,0.,0.));
#8314 = DIRECTION('',(0.,0.,-1.));
#8315 = ADVANCED_FACE('',(#8316),#8322,.T.);
#8316 = FACE_BOUND('',#8317,.T.);
#8317 = EDGE_LOOP('',(#8318,#8319,#8320,#8321));
#8318 = ORIENTED_EDGE('',*,*,#8220,.T.);
#8319 = ORIENTED_EDGE('',*,*,#8157,.F.);
#8320 = ORIENTED_EDGE('',*,*,#8304,.F.);
#8321 = ORIENTED_EDGE('',*,*,#8060,.F.);
#8322 = PLANE('',#8323);
#8323 = AXIS2_PLACEMENT_3D('',#8324,#8325,#8326);
#8324 = CARTESIAN_POINT('',(0.,-3.,0.));
#8325 = DIRECTION('',(0.,-1.,-0.));
#8326 = DIRECTION('',(-0.,0.,-1.));
#8327 = ADVANCED_FACE('',(#8328),#8334,.F.);
#8328 = FACE_BOUND('',#8329,.T.);
#8329 = EDGE_LOOP('',(#8330,#8331,#8332,#8333));
#8330 = ORIENTED_EDGE('',*,*,#8076,.T.);
#8331 = ORIENTED_EDGE('',*,*,#8297,.T.);
#8332 = ORIENTED_EDGE('',*,*,#8141,.T.);
#8333 = ORIENTED_EDGE('',*,*,#8234,.F.);
#8334 = PLANE('',#8335);
#8335 = AXIS2_PLACEMENT_3D('',#8336,#8337,#8338);
#8336 = CARTESIAN_POINT('',(0.,-2.,0.));
#8337 = DIRECTION('',(0.,-1.,-0.));
#8338 = DIRECTION('',(-0.,0.,-1.));
#8339 = MANIFOLD_SOLID_BREP('',#8340);
#8340 = CLOSED_SHELL('',(#8341,#8383,#8444,#8485,#8536,#8579,#8597,#8632
    ,#8657,#8682,#8716,#8734,#8768));
#8341 = ADVANCED_FACE('',(#8342),#8378,.T.);
#8342 = FACE_BOUND('',#8343,.T.);
#8343 = EDGE_LOOP('',(#8344,#8355,#8363,#8372));
#8344 = ORIENTED_EDGE('',*,*,#8345,.F.);
#8345 = EDGE_CURVE('',#8346,#8348,#8350,.T.);
#8346 = VERTEX_POINT('',#8347);
#8347 = CARTESIAN_POINT('',(1.27,-0.36528538,-0.6));
#8348 = VERTEX_POINT('',#8349);
#8349 = CARTESIAN_POINT('',(1.27,-0.36528538,0.6));
#8350 = CIRCLE('',#8351,0.6);
#8351 = AXIS2_PLACEMENT_3D('',#8352,#8353,#8354);
#8352 = CARTESIAN_POINT('',(1.27,-0.36528538,0.));
#8353 = DIRECTION('',(0.,-1.,0.));
#8354 = DIRECTION('',(0.,0.,-1.));
#8355 = ORIENTED_EDGE('',*,*,#8356,.T.);
#8356 = EDGE_CURVE('',#8346,#8357,#8359,.T.);
#8357 = VERTEX_POINT('',#8358);
#8358 = CARTESIAN_POINT('',(1.27,0.,-0.6));
#8359 = LINE('',#8360,#8361);
#8360 = CARTESIAN_POINT('',(1.27,-0.91528538,-0.6));
#8361 = VECTOR('',#8362,1.);
#8362 = DIRECTION('',(0.,1.,0.));
#8363 = ORIENTED_EDGE('',*,*,#8364,.F.);
#8364 = EDGE_CURVE('',#8365,#8357,#8367,.T.);
#8365 = VERTEX_POINT('',#8366);
#8366 = CARTESIAN_POINT('',(1.27,0.,0.6));
#8367 = CIRCLE('',#8368,0.6);
#8368 = AXIS2_PLACEMENT_3D('',#8369,#8370,#8371);
#8369 = CARTESIAN_POINT('',(1.27,0.,0.));
#8370 = DIRECTION('',(-0.,1.,0.));
#8371 = DIRECTION('',(0.,0.,-1.));
#8372 = ORIENTED_EDGE('',*,*,#8373,.F.);
#8373 = EDGE_CURVE('',#8348,#8365,#8374,.T.);
#8374 = LINE('',#8375,#8376);
#8375 = CARTESIAN_POINT('',(1.27,-0.91528538,0.6));
#8376 = VECTOR('',#8377,1.);
#8377 = DIRECTION('',(0.,1.,0.));
#8378 = CYLINDRICAL_SURFACE('',#8379,0.6);
#8379 = AXIS2_PLACEMENT_3D('',#8380,#8381,#8382);
#8380 = CARTESIAN_POINT('',(1.27,-0.91528538,0.));
#8381 = DIRECTION('',(0.,1.,0.));
#8382 = DIRECTION('',(0.,-0.,1.));
#8383 = ADVANCED_FACE('',(#8384),#8432,.T.);
#8384 = FACE_BOUND('',#8385,.T.);
#8385 = EDGE_LOOP('',(#8386,#8387,#8396,#8405,#8416,#8425));
#8386 = ORIENTED_EDGE('',*,*,#8345,.T.);
#8387 = ORIENTED_EDGE('',*,*,#8388,.T.);
#8388 = EDGE_CURVE('',#8348,#8389,#8391,.T.);
#8389 = VERTEX_POINT('',#8390);
#8390 = CARTESIAN_POINT('',(1.27,-0.83053322315,0.343333333333));
#8391 = CIRCLE('',#8392,0.55);
#8392 = AXIS2_PLACEMENT_3D('',#8393,#8394,#8395);
#8393 = CARTESIAN_POINT('',(1.27,-0.36528538,5.E-02));
#8394 = DIRECTION('',(1.,0.,-1.224646799147E-16));
#8395 = DIRECTION('',(-1.224646799147E-16,-0.,-1.));
#8396 = ORIENTED_EDGE('',*,*,#8397,.F.);
#8397 = EDGE_CURVE('',#8398,#8389,#8400,.T.);
#8398 = VERTEX_POINT('',#8399);
#8399 = CARTESIAN_POINT('',(1.609428090415,-0.708184087733,
    0.339428090416));
#8400 = B_SPLINE_CURVE_WITH_KNOTS('',3,(#8401,#8402,#8403,#8404),
  .UNSPECIFIED.,.F.,.F.,(4,4),(0.,3.669106867986E-04),
  .PIECEWISE_BEZIER_KNOTS.);
#8401 = CARTESIAN_POINT('',(1.609428090415,-0.708184087733,
    0.339428090416));
#8402 = CARTESIAN_POINT('',(1.516149650397,-0.789735771671,
    0.340741805181));
#8403 = CARTESIAN_POINT('',(1.393718465799,-0.83053322315,0.343333333333
    ));
#8404 = CARTESIAN_POINT('',(1.27,-0.83053322315,0.343333333333));
#8405 = ORIENTED_EDGE('',*,*,#8406,.F.);
#8406 = EDGE_CURVE('',#8407,#8398,#8409,.T.);
#8407 = VERTEX_POINT('',#8408);
#8408 = CARTESIAN_POINT('',(1.609428090416,-0.708184087733,
    -0.339428090415));
#8409 = B_SPLINE_CURVE_WITH_KNOTS('',3,(#8410,#8411,#8412,#8413,#8414,
    #8415),.UNSPECIFIED.,.F.,.F.,(4,2,4),(0.,3.675206423425E-04,
    7.35041284685E-04),.UNSPECIFIED.);
#8410 = CARTESIAN_POINT('',(1.609428090416,-0.708184087733,
    -0.339428090415));
#8411 = CARTESIAN_POINT('',(1.610743989112,-0.789871343906,-0.2459945835
    ));
#8412 = CARTESIAN_POINT('',(1.613341958234,-0.830667811929,
    -0.123284811926));
#8413 = CARTESIAN_POINT('',(1.613324665379,-0.830397962527,
    0.124518724521));
#8414 = CARTESIAN_POINT('',(1.610744765393,-0.789919533283,
    0.245939464712));
#8415 = CARTESIAN_POINT('',(1.609428090415,-0.708184087733,
    0.339428090416));
#8416 = ORIENTED_EDGE('',*,*,#8417,.F.);
#8417 = EDGE_CURVE('',#8418,#8407,#8420,.T.);
#8418 = VERTEX_POINT('',#8419);
#8419 = CARTESIAN_POINT('',(1.27,-0.83053322315,-0.343333333333));
#8420 = B_SPLINE_CURVE_WITH_KNOTS('',3,(#8421,#8422,#8423,#8424),
  .UNSPECIFIED.,.F.,.F.,(4,4),(3.669106867986E-04,7.35041284685E-04),
  .PIECEWISE_BEZIER_KNOTS.);
#8421 = CARTESIAN_POINT('',(1.27,-0.83053322315,-0.343333333333));
#8422 = CARTESIAN_POINT('',(1.394129807124,-0.83053322315,
    -0.343333333333));
#8423 = CARTESIAN_POINT('',(1.515784306337,-0.790055185496,
    -0.340746950613));
#8424 = CARTESIAN_POINT('',(1.609428090416,-0.708184087733,
    -0.339428090415));
#8425 = ORIENTED_EDGE('',*,*,#8426,.F.);
#8426 = EDGE_CURVE('',#8346,#8418,#8427,.T.);
#8427 = CIRCLE('',#8428,0.55);
#8428 = AXIS2_PLACEMENT_3D('',#8429,#8430,#8431);
#8429 = CARTESIAN_POINT('',(1.27,-0.36528538,-5.E-02));
#8430 = DIRECTION('',(-1.,0.,-0.));
#8431 = DIRECTION('',(-0.,0.,1.));
#8432 = SURFACE_OF_REVOLUTION('',#8433,#8441);
#8433 = B_SPLINE_CURVE_WITH_KNOTS('',6,(#8434,#8435,#8436,#8437,#8438,
    #8439,#8440),.UNSPECIFIED.,.F.,.F.,(7,7),(0.,1.008260085193),
  .PIECEWISE_BEZIER_KNOTS.);
#8434 = CARTESIAN_POINT('',(1.27,-0.36528538,-0.6));
#8435 = CARTESIAN_POINT('',(1.27,-0.457709221143,-0.6));
#8436 = CARTESIAN_POINT('',(1.27,-0.550132402892,-0.581362867522));
#8437 = CARTESIAN_POINT('',(1.27,-0.637861660483,-0.544086465511));
#8438 = CARTESIAN_POINT('',(1.27,-0.716182898862,-0.489756580519));
#8439 = CARTESIAN_POINT('',(1.27,-0.781240508967,-0.421515137105));
#8440 = CARTESIAN_POINT('',(1.27,-0.830533224013,-0.343333331965));
#8441 = AXIS1_PLACEMENT('',#8442,#8443);
#8442 = CARTESIAN_POINT('',(1.27,-0.36528538,0.));
#8443 = DIRECTION('',(0.,-1.,0.));
#8444 = ADVANCED_FACE('',(#8445),#8480,.F.);
#8445 = FACE_BOUND('',#8446,.T.);
#8446 = EDGE_LOOP('',(#8447,#8458,#8466,#8474));
#8447 = ORIENTED_EDGE('',*,*,#8448,.F.);
#8448 = EDGE_CURVE('',#8449,#8451,#8453,.T.);
#8449 = VERTEX_POINT('',#8450);
#8450 = CARTESIAN_POINT('',(1.02,-0.953909326765,0.25));
#8451 = VERTEX_POINT('',#8452);
#8452 = CARTESIAN_POINT('',(1.52,-0.953909326765,0.25));
#8453 = B_SPLINE_CURVE_WITH_KNOTS('',3,(#8454,#8455,#8456,#8457),
  .UNSPECIFIED.,.F.,.F.,(4,4),(0.,5.149310952809E-04),
  .PIECEWISE_BEZIER_KNOTS.);
#8454 = CARTESIAN_POINT('',(1.02,-0.953909326765,0.25));
#8455 = CARTESIAN_POINT('',(1.180275992135,-1.015369879129,0.25));
#8456 = CARTESIAN_POINT('',(1.359756974635,-1.015357237461,0.25));
#8457 = CARTESIAN_POINT('',(1.52,-0.953909326765,0.25));
#8458 = ORIENTED_EDGE('',*,*,#8459,.T.);
#8459 = EDGE_CURVE('',#8449,#8460,#8462,.T.);
#8460 = VERTEX_POINT('',#8461);
#8461 = CARTESIAN_POINT('',(1.02,0.,0.25));
#8462 = LINE('',#8463,#8464);
#8463 = CARTESIAN_POINT('',(1.02,-3.,0.25));
#8464 = VECTOR('',#8465,1.);
#8465 = DIRECTION('',(0.,1.,0.));
#8466 = ORIENTED_EDGE('',*,*,#8467,.T.);
#8467 = EDGE_CURVE('',#8460,#8468,#8470,.T.);
#8468 = VERTEX_POINT('',#8469);
#8469 = CARTESIAN_POINT('',(1.52,-4.336808689942E-16,0.25));
#8470 = LINE('',#8471,#8472);
#8471 = CARTESIAN_POINT('',(1.27,0.,0.25));
#8472 = VECTOR('',#8473,1.);
#8473 = DIRECTION('',(1.,0.,0.));
#8474 = ORIENTED_EDGE('',*,*,#8475,.T.);
#8475 = EDGE_CURVE('',#8468,#8451,#8476,.T.);
#8476 = LINE('',#8477,#8478);
#8477 = CARTESIAN_POINT('',(1.52,-3.,0.25));
#8478 = VECTOR('',#8479,1.);
#8479 = DIRECTION('',(0.,-1.,0.));
#8480 = PLANE('',#8481);
#8481 = AXIS2_PLACEMENT_3D('',#8482,#8483,#8484);
#8482 = CARTESIAN_POINT('',(1.02,-3.,0.25));
#8483 = DIRECTION('',(0.,0.,1.));
#8484 = DIRECTION('',(-1.,0.,0.));
#8485 = ADVANCED_FACE('',(#8486),#8524,.T.);
#8486 = FACE_BOUND('',#8487,.T.);
#8487 = EDGE_LOOP('',(#8488,#8489,#8496,#8497,#8506,#8517));
#8488 = ORIENTED_EDGE('',*,*,#8388,.F.);
#8489 = ORIENTED_EDGE('',*,*,#8490,.T.);
#8490 = EDGE_CURVE('',#8348,#8346,#8491,.T.);
#8491 = CIRCLE('',#8492,0.6);
#8492 = AXIS2_PLACEMENT_3D('',#8493,#8494,#8495);
#8493 = CARTESIAN_POINT('',(1.27,-0.36528538,0.));
#8494 = DIRECTION('',(0.,-1.,0.));
#8495 = DIRECTION('',(0.,0.,-1.));
#8496 = ORIENTED_EDGE('',*,*,#8426,.T.);
#8497 = ORIENTED_EDGE('',*,*,#8498,.F.);
#8498 = EDGE_CURVE('',#8499,#8418,#8501,.T.);
#8499 = VERTEX_POINT('',#8500);
#8500 = CARTESIAN_POINT('',(0.930571909585,-0.708184087733,
    -0.339428090416));
#8501 = B_SPLINE_CURVE_WITH_KNOTS('',3,(#8502,#8503,#8504,#8505),
  .UNSPECIFIED.,.F.,.F.,(4,4),(0.,3.669106867986E-04),
  .PIECEWISE_BEZIER_KNOTS.);
#8502 = CARTESIAN_POINT('',(0.930571909585,-0.708184087733,
    -0.339428090416));
#8503 = CARTESIAN_POINT('',(1.023850349603,-0.789735771671,
    -0.340741805181));
#8504 = CARTESIAN_POINT('',(1.146281534201,-0.83053322315,
    -0.343333333333));
#8505 = CARTESIAN_POINT('',(1.27,-0.83053322315,-0.343333333333));
#8506 = ORIENTED_EDGE('',*,*,#8507,.F.);
#8507 = EDGE_CURVE('',#8508,#8499,#8510,.T.);
#8508 = VERTEX_POINT('',#8509);
#8509 = CARTESIAN_POINT('',(0.930571909585,-0.708184087733,
    0.339428090416));
#8510 = B_SPLINE_CURVE_WITH_KNOTS('',3,(#8511,#8512,#8513,#8514,#8515,
    #8516),.UNSPECIFIED.,.F.,.F.,(4,2,4),(8.924087115509E-16,
    3.675206423427E-04,7.350412846845E-04),.UNSPECIFIED.);
#8511 = CARTESIAN_POINT('',(0.930571909585,-0.708184087733,
    0.339428090416));
#8512 = CARTESIAN_POINT('',(0.929256010888,-0.789871343906,0.2459945835)
  );
#8513 = CARTESIAN_POINT('',(0.926658041766,-0.83066781193,0.123284811925
    ));
#8514 = CARTESIAN_POINT('',(0.926675334621,-0.830397962527,
    -0.124518724522));
#8515 = CARTESIAN_POINT('',(0.929255234607,-0.789919533283,
    -0.245939464712));
#8516 = CARTESIAN_POINT('',(0.930571909585,-0.708184087733,
    -0.339428090416));
#8517 = ORIENTED_EDGE('',*,*,#8518,.F.);
#8518 = EDGE_CURVE('',#8389,#8508,#8519,.T.);
#8519 = B_SPLINE_CURVE_WITH_KNOTS('',3,(#8520,#8521,#8522,#8523),
  .UNSPECIFIED.,.F.,.F.,(4,4),(3.669106867986E-04,7.350412846847E-04),
  .PIECEWISE_BEZIER_KNOTS.);
#8520 = CARTESIAN_POINT('',(1.27,-0.83053322315,0.343333333333));
#8521 = CARTESIAN_POINT('',(1.145870192876,-0.83053322315,0.343333333333
    ));
#8522 = CARTESIAN_POINT('',(1.024215693663,-0.790055185495,
    0.340746950613));
#8523 = CARTESIAN_POINT('',(0.930571909585,-0.708184087733,
    0.339428090416));
#8524 = SURFACE_OF_REVOLUTION('',#8525,#8533);
#8525 = B_SPLINE_CURVE_WITH_KNOTS('',6,(#8526,#8527,#8528,#8529,#8530,
    #8531,#8532),.UNSPECIFIED.,.F.,.F.,(7,7),(0.,1.008260085193),
  .PIECEWISE_BEZIER_KNOTS.);
#8526 = CARTESIAN_POINT('',(1.27,-0.36528538,-0.6));
#8527 = CARTESIAN_POINT('',(1.27,-0.457709221143,-0.6));
#8528 = CARTESIAN_POINT('',(1.27,-0.550132402892,-0.581362867522));
#8529 = CARTESIAN_POINT('',(1.27,-0.637861660483,-0.544086465511));
#8530 = CARTESIAN_POINT('',(1.27,-0.716182898862,-0.489756580519));
#8531 = CARTESIAN_POINT('',(1.27,-0.781240508967,-0.421515137105));
#8532 = CARTESIAN_POINT('',(1.27,-0.830533224013,-0.343333331965));
#8533 = AXIS1_PLACEMENT('',#8534,#8535);
#8534 = CARTESIAN_POINT('',(1.27,-0.36528538,0.));
#8535 = DIRECTION('',(0.,-1.,0.));
#8536 = ADVANCED_FACE('',(#8537),#8560,.F.);
#8537 = FACE_BOUND('',#8538,.F.);
#8538 = EDGE_LOOP('',(#8539,#8548,#8549,#8550,#8559));
#8539 = ORIENTED_EDGE('',*,*,#8540,.F.);
#8540 = EDGE_CURVE('',#8508,#8449,#8541,.T.);
#8541 = B_SPLINE_CURVE_WITH_KNOTS('',3,(#8542,#8543,#8544,#8545,#8546,
    #8547),.UNSPECIFIED.,.F.,.F.,(4,2,4),(-2.566325591965E-06,
    1.382116633846E-04,2.789896523612E-04),.UNSPECIFIED.);
#8542 = CARTESIAN_POINT('',(0.930571909585,-0.708184087733,
    0.339428090416));
#8543 = CARTESIAN_POINT('',(0.951259107534,-0.744873716806,
    0.318740892469));
#8544 = CARTESIAN_POINT('',(0.97191280291,-0.781725486939,0.29808719709)
  );
#8545 = CARTESIAN_POINT('',(1.005923690762,-0.86170348181,0.264076309238
    ));
#8546 = CARTESIAN_POINT('',(1.02,-0.90613131984,0.25));
#8547 = CARTESIAN_POINT('',(1.02,-0.953909326765,0.25));
#8548 = ORIENTED_EDGE('',*,*,#8518,.F.);
#8549 = ORIENTED_EDGE('',*,*,#8397,.F.);
#8550 = ORIENTED_EDGE('',*,*,#8551,.T.);
#8551 = EDGE_CURVE('',#8398,#8451,#8552,.T.);
#8552 = B_SPLINE_CURVE_WITH_KNOTS('',3,(#8553,#8554,#8555,#8556,#8557,
    #8558),.UNSPECIFIED.,.F.,.F.,(4,2,4),(-2.566325591967E-06,
    1.382116633846E-04,2.789896523612E-04),.UNSPECIFIED.);
#8553 = CARTESIAN_POINT('',(1.609428090415,-0.708184087733,
    0.339428090416));
#8554 = CARTESIAN_POINT('',(1.588740892469,-0.744873716806,
    0.318740892466));
#8555 = CARTESIAN_POINT('',(1.56808719709,-0.781725486939,0.29808719709)
  );
#8556 = CARTESIAN_POINT('',(1.534076309238,-0.86170348181,0.264076309238
    ));
#8557 = CARTESIAN_POINT('',(1.52,-0.90613131984,0.25));
#8558 = CARTESIAN_POINT('',(1.52,-0.953909326765,0.25));
#8559 = ORIENTED_EDGE('',*,*,#8448,.F.);
#8560 = ( BOUNDED_SURFACE() B_SPLINE_SURFACE(3,2,(
    (#8561,#8562,#8563)
    ,(#8564,#8565,#8566)
    ,(#8567,#8568,#8569)
    ,(#8570,#8571,#8572)
    ,(#8573,#8574,#8575)
    ,(#8576,#8577,#8578
)),.UNSPECIFIED.,.F.,.F.,.F.) B_SPLINE_SURFACE_WITH_KNOTS((4,2,4),(3,3),
  (1.040290242745E-03,1.535147072079E-03,2.030003901413E-03),(0.,1.),
.UNSPECIFIED.) GEOMETRIC_REPRESENTATION_ITEM() RATIONAL_B_SPLINE_SURFACE
((
    (1.,0.881218111854,1.)
    ,(1.,0.879721282842,1.)
    ,(1.,0.875586404508,1.)
    ,(1.,0.875603695599,1.)
    ,(1.,0.879714376944,1.)
,(1.,0.881217888699,1.))) REPRESENTATION_ITEM('') SURFACE() );
#8561 = CARTESIAN_POINT('',(1.724424463609,-0.828914153103,0.25));
#8562 = CARTESIAN_POINT('',(1.652499652031,-0.749308797281,0.25));
#8563 = CARTESIAN_POINT('',(1.612718706114,-0.705279813609,
    0.339381855736));
#8564 = CARTESIAN_POINT('',(1.600744718246,-0.940660827876,0.25));
#8565 = CARTESIAN_POINT('',(1.548812920009,-0.841647053409,0.25));
#8566 = CARTESIAN_POINT('',(1.520997771493,-0.787000941821,
    0.340667528821));
#8567 = CARTESIAN_POINT('',(1.436326217414,-0.999842910997,0.25));
#8568 = CARTESIAN_POINT('',(1.410615335025,-0.889482905277,0.25));
#8569 = CARTESIAN_POINT('',(1.396900720324,-0.830627582642,0.34333938767
    ));
#8570 = CARTESIAN_POINT('',(1.102571252549,-0.999585177268,0.25));
#8571 = CARTESIAN_POINT('',(1.128455360396,-0.889274352548,0.25));
#8572 = CARTESIAN_POINT('',(1.142258090116,-0.830438551419,
    0.343327258987));
#8573 = CARTESIAN_POINT('',(0.939710578855,-0.941065184885,0.25));
#8574 = CARTESIAN_POINT('',(0.991576924084,-0.841988366663,0.25));
#8575 = CARTESIAN_POINT('',(1.019354025493,-0.787309113319,
    0.340672436988));
#8576 = CARTESIAN_POINT('',(0.815590628518,-0.828927788663,0.25));
#8577 = CARTESIAN_POINT('',(0.887512985504,-0.749320051288,0.25));
#8578 = CARTESIAN_POINT('',(0.927292517234,-0.70528981302,0.339382013054
    ));
#8579 = ADVANCED_FACE('',(#8580),#8592,.T.);
#8580 = FACE_BOUND('',#8581,.T.);
#8581 = EDGE_LOOP('',(#8582,#8583,#8584,#8585));
#8582 = ORIENTED_EDGE('',*,*,#8356,.F.);
#8583 = ORIENTED_EDGE('',*,*,#8490,.F.);
#8584 = ORIENTED_EDGE('',*,*,#8373,.T.);
#8585 = ORIENTED_EDGE('',*,*,#8586,.F.);
#8586 = EDGE_CURVE('',#8357,#8365,#8587,.T.);
#8587 = CIRCLE('',#8588,0.6);
#8588 = AXIS2_PLACEMENT_3D('',#8589,#8590,#8591);
#8589 = CARTESIAN_POINT('',(1.27,0.,0.));
#8590 = DIRECTION('',(-0.,1.,0.));
#8591 = DIRECTION('',(0.,0.,-1.));
#8592 = CYLINDRICAL_SURFACE('',#8593,0.6);
#8593 = AXIS2_PLACEMENT_3D('',#8594,#8595,#8596);
#8594 = CARTESIAN_POINT('',(1.27,-0.91528538,0.));
#8595 = DIRECTION('',(0.,1.,0.));
#8596 = DIRECTION('',(0.,-0.,1.));
#8597 = ADVANCED_FACE('',(#8598,#8602),#8627,.F.);
#8598 = FACE_BOUND('',#8599,.T.);
#8599 = EDGE_LOOP('',(#8600,#8601));
#8600 = ORIENTED_EDGE('',*,*,#8364,.T.);
#8601 = ORIENTED_EDGE('',*,*,#8586,.T.);
#8602 = FACE_BOUND('',#8603,.T.);
#8603 = EDGE_LOOP('',(#8604,#8605,#8613,#8621));
#8604 = ORIENTED_EDGE('',*,*,#8467,.F.);
#8605 = ORIENTED_EDGE('',*,*,#8606,.T.);
#8606 = EDGE_CURVE('',#8460,#8607,#8609,.T.);
#8607 = VERTEX_POINT('',#8608);
#8608 = CARTESIAN_POINT('',(1.02,-4.336808689942E-16,-0.25));
#8609 = LINE('',#8610,#8611);
#8610 = CARTESIAN_POINT('',(1.02,-4.336808689942E-16,-0.25));
#8611 = VECTOR('',#8612,1.);
#8612 = DIRECTION('',(0.,0.,-1.));
#8613 = ORIENTED_EDGE('',*,*,#8614,.F.);
#8614 = EDGE_CURVE('',#8615,#8607,#8617,.T.);
#8615 = VERTEX_POINT('',#8616);
#8616 = CARTESIAN_POINT('',(1.52,0.,-0.25));
#8617 = LINE('',#8618,#8619);
#8618 = CARTESIAN_POINT('',(1.27,0.,-0.25));
#8619 = VECTOR('',#8620,1.);
#8620 = DIRECTION('',(-1.,0.,0.));
#8621 = ORIENTED_EDGE('',*,*,#8622,.T.);
#8622 = EDGE_CURVE('',#8615,#8468,#8623,.T.);
#8623 = LINE('',#8624,#8625);
#8624 = CARTESIAN_POINT('',(1.52,-4.336808689942E-16,0.25));
#8625 = VECTOR('',#8626,1.);
#8626 = DIRECTION('',(0.,0.,1.));
#8627 = PLANE('',#8628);
#8628 = AXIS2_PLACEMENT_3D('',#8629,#8630,#8631);
#8629 = CARTESIAN_POINT('',(1.27,0.,0.));
#8630 = DIRECTION('',(0.,-1.,-0.));
#8631 = DIRECTION('',(-0.,0.,-1.));
#8632 = ADVANCED_FACE('',(#8633),#8652,.F.);
#8633 = FACE_BOUND('',#8634,.T.);
#8634 = EDGE_LOOP('',(#8635,#8636,#8644,#8651));
#8635 = ORIENTED_EDGE('',*,*,#8622,.F.);
#8636 = ORIENTED_EDGE('',*,*,#8637,.F.);
#8637 = EDGE_CURVE('',#8638,#8615,#8640,.T.);
#8638 = VERTEX_POINT('',#8639);
#8639 = CARTESIAN_POINT('',(1.52,-0.953909326765,-0.25));
#8640 = LINE('',#8641,#8642);
#8641 = CARTESIAN_POINT('',(1.52,-3.,-0.25));
#8642 = VECTOR('',#8643,1.);
#8643 = DIRECTION('',(0.,1.,0.));
#8644 = ORIENTED_EDGE('',*,*,#8645,.F.);
#8645 = EDGE_CURVE('',#8451,#8638,#8646,.T.);
#8646 = B_SPLINE_CURVE_WITH_KNOTS('',3,(#8647,#8648,#8649,#8650),
  .UNSPECIFIED.,.F.,.F.,(4,4),(0.,5.149310952809E-04),
  .PIECEWISE_BEZIER_KNOTS.);
#8647 = CARTESIAN_POINT('',(1.52,-0.953909326765,0.25));
#8648 = CARTESIAN_POINT('',(1.52,-1.015369879129,8.972400786539E-02));
#8649 = CARTESIAN_POINT('',(1.52,-1.015357237461,-8.975697463469E-02));
#8650 = CARTESIAN_POINT('',(1.52,-0.953909326765,-0.25));
#8651 = ORIENTED_EDGE('',*,*,#8475,.F.);
#8652 = PLANE('',#8653);
#8653 = AXIS2_PLACEMENT_3D('',#8654,#8655,#8656);
#8654 = CARTESIAN_POINT('',(1.52,-2.,0.25));
#8655 = DIRECTION('',(1.,0.,-0.));
#8656 = DIRECTION('',(0.,0.,1.));
#8657 = ADVANCED_FACE('',(#8658),#8677,.F.);
#8658 = FACE_BOUND('',#8659,.T.);
#8659 = EDGE_LOOP('',(#8660,#8669,#8675,#8676));
#8660 = ORIENTED_EDGE('',*,*,#8661,.F.);
#8661 = EDGE_CURVE('',#8662,#8449,#8664,.T.);
#8662 = VERTEX_POINT('',#8663);
#8663 = CARTESIAN_POINT('',(1.02,-0.953909326765,-0.25));
#8664 = B_SPLINE_CURVE_WITH_KNOTS('',3,(#8665,#8666,#8667,#8668),
  .UNSPECIFIED.,.F.,.F.,(4,4),(0.,5.149310952809E-04),
  .PIECEWISE_BEZIER_KNOTS.);
#8665 = CARTESIAN_POINT('',(1.02,-0.953909326765,-0.25));
#8666 = CARTESIAN_POINT('',(1.02,-1.015369879129,-8.972400786539E-02));
#8667 = CARTESIAN_POINT('',(1.02,-1.015357237461,8.975697463469E-02));
#8668 = CARTESIAN_POINT('',(1.02,-0.953909326765,0.25));
#8669 = ORIENTED_EDGE('',*,*,#8670,.T.);
#8670 = EDGE_CURVE('',#8662,#8607,#8671,.T.);
#8671 = LINE('',#8672,#8673);
#8672 = CARTESIAN_POINT('',(1.02,-2.,-0.25));
#8673 = VECTOR('',#8674,1.);
#8674 = DIRECTION('',(0.,1.,0.));
#8675 = ORIENTED_EDGE('',*,*,#8606,.F.);
#8676 = ORIENTED_EDGE('',*,*,#8459,.F.);
#8677 = PLANE('',#8678);
#8678 = AXIS2_PLACEMENT_3D('',#8679,#8680,#8681);
#8679 = CARTESIAN_POINT('',(1.02,-2.,-0.25));
#8680 = DIRECTION('',(-1.,0.,0.));
#8681 = DIRECTION('',(0.,0.,-1.));
#8682 = ADVANCED_FACE('',(#8683),#8697,.F.);
#8683 = FACE_BOUND('',#8684,.F.);
#8684 = EDGE_LOOP('',(#8685,#8694,#8695,#8696));
#8685 = ORIENTED_EDGE('',*,*,#8686,.F.);
#8686 = EDGE_CURVE('',#8638,#8407,#8687,.T.);
#8687 = B_SPLINE_CURVE_WITH_KNOTS('',3,(#8688,#8689,#8690,#8691,#8692,
    #8693),.UNSPECIFIED.,.F.,.F.,(4,2,4),(9.006059638196E-19,
    1.404793661642E-04,2.809587323283E-04),.UNSPECIFIED.);
#8688 = CARTESIAN_POINT('',(1.52,-0.953909326765,-0.25));
#8689 = CARTESIAN_POINT('',(1.52,-0.906130385574,-0.25));
#8690 = CARTESIAN_POINT('',(1.534076822686,-0.861701785781,
    -0.264076822686));
#8691 = CARTESIAN_POINT('',(1.56808867883,-0.781722491231,-0.29808867883
    ));
#8692 = CARTESIAN_POINT('',(1.588784774818,-0.744795889581,
    -0.31878477482));
#8693 = CARTESIAN_POINT('',(1.609428090416,-0.708184087733,
    -0.339428090415));
#8694 = ORIENTED_EDGE('',*,*,#8645,.F.);
#8695 = ORIENTED_EDGE('',*,*,#8551,.F.);
#8696 = ORIENTED_EDGE('',*,*,#8406,.F.);
#8697 = ( BOUNDED_SURFACE() B_SPLINE_SURFACE(3,2,(
    (#8698,#8699,#8700)
    ,(#8701,#8702,#8703)
    ,(#8704,#8705,#8706)
    ,(#8707,#8708,#8709)
    ,(#8710,#8711,#8712)
    ,(#8713,#8714,#8715
)),.UNSPECIFIED.,.F.,.F.,.F.) B_SPLINE_SURFACE_WITH_KNOTS((4,2,4),(3,3),
  (1.040290242745E-03,1.535147072079E-03,2.030003901413E-03),(0.,1.),
.UNSPECIFIED.) GEOMETRIC_REPRESENTATION_ITEM() RATIONAL_B_SPLINE_SURFACE
((
    (1.,0.881218111854,1.)
    ,(1.,0.879721282842,1.)
    ,(1.,0.875586404508,1.)
    ,(1.,0.875603695599,1.)
    ,(1.,0.879714376944,1.)
,(1.,0.881217888699,1.))) REPRESENTATION_ITEM('') SURFACE() );
#8698 = CARTESIAN_POINT('',(1.52,-0.828914153103,-0.454424463609));
#8699 = CARTESIAN_POINT('',(1.52,-0.749308797281,-0.382499652031));
#8700 = CARTESIAN_POINT('',(1.609381855736,-0.705279813609,
    -0.342718706114));
#8701 = CARTESIAN_POINT('',(1.52,-0.940660827876,-0.330744718246));
#8702 = CARTESIAN_POINT('',(1.52,-0.841647053409,-0.278812920009));
#8703 = CARTESIAN_POINT('',(1.610667528821,-0.787000941821,
    -0.250997771493));
#8704 = CARTESIAN_POINT('',(1.52,-0.999842910997,-0.166326217414));
#8705 = CARTESIAN_POINT('',(1.52,-0.889482905277,-0.140615335025));
#8706 = CARTESIAN_POINT('',(1.61333938767,-0.830627582642,
    -0.126900720324));
#8707 = CARTESIAN_POINT('',(1.52,-0.999585177268,0.167428747451));
#8708 = CARTESIAN_POINT('',(1.52,-0.889274352548,0.141544639604));
#8709 = CARTESIAN_POINT('',(1.613327258987,-0.830438551419,
    0.127741909884));
#8710 = CARTESIAN_POINT('',(1.52,-0.941065184885,0.330289421145));
#8711 = CARTESIAN_POINT('',(1.52,-0.841988366663,0.278423075916));
#8712 = CARTESIAN_POINT('',(1.610672436988,-0.787309113319,
    0.250645974508));
#8713 = CARTESIAN_POINT('',(1.52,-0.828927788663,0.454409371483));
#8714 = CARTESIAN_POINT('',(1.52,-0.749320051288,0.382487014497));
#8715 = CARTESIAN_POINT('',(1.609382013054,-0.70528981302,0.342707482766
    ));
#8716 = ADVANCED_FACE('',(#8717),#8729,.F.);
#8717 = FACE_BOUND('',#8718,.T.);
#8718 = EDGE_LOOP('',(#8719,#8720,#8721,#8728));
#8719 = ORIENTED_EDGE('',*,*,#8614,.T.);
#8720 = ORIENTED_EDGE('',*,*,#8670,.F.);
#8721 = ORIENTED_EDGE('',*,*,#8722,.F.);
#8722 = EDGE_CURVE('',#8638,#8662,#8723,.T.);
#8723 = B_SPLINE_CURVE_WITH_KNOTS('',3,(#8724,#8725,#8726,#8727),
  .UNSPECIFIED.,.F.,.F.,(4,4),(1.167721476618E-18,5.149310952809E-04),
  .PIECEWISE_BEZIER_KNOTS.);
#8724 = CARTESIAN_POINT('',(1.52,-0.953909326765,-0.25));
#8725 = CARTESIAN_POINT('',(1.359724007865,-1.015369879129,-0.25));
#8726 = CARTESIAN_POINT('',(1.180243025365,-1.015357237461,-0.25));
#8727 = CARTESIAN_POINT('',(1.02,-0.953909326765,-0.25));
#8728 = ORIENTED_EDGE('',*,*,#8637,.T.);
#8729 = PLANE('',#8730);
#8730 = AXIS2_PLACEMENT_3D('',#8731,#8732,#8733);
#8731 = CARTESIAN_POINT('',(1.52,-3.,-0.25));
#8732 = DIRECTION('',(0.,0.,-1.));
#8733 = DIRECTION('',(1.,0.,0.));
#8734 = ADVANCED_FACE('',(#8735),#8749,.F.);
#8735 = FACE_BOUND('',#8736,.F.);
#8736 = EDGE_LOOP('',(#8737,#8738,#8747,#8748));
#8737 = ORIENTED_EDGE('',*,*,#8661,.F.);
#8738 = ORIENTED_EDGE('',*,*,#8739,.T.);
#8739 = EDGE_CURVE('',#8662,#8499,#8740,.T.);
#8740 = B_SPLINE_CURVE_WITH_KNOTS('',3,(#8741,#8742,#8743,#8744,#8745,
    #8746),.UNSPECIFIED.,.F.,.F.,(4,2,4),(5.448048490814E-19,
    1.404793661642E-04,2.809587323283E-04),.UNSPECIFIED.);
#8741 = CARTESIAN_POINT('',(1.02,-0.953909326765,-0.25));
#8742 = CARTESIAN_POINT('',(1.02,-0.906130385574,-0.25));
#8743 = CARTESIAN_POINT('',(1.005923177314,-0.861701785781,
    -0.264076822686));
#8744 = CARTESIAN_POINT('',(0.97191132117,-0.781722491231,-0.29808867883
    ));
#8745 = CARTESIAN_POINT('',(0.951215225179,-0.744795889581,
    -0.318784774818));
#8746 = CARTESIAN_POINT('',(0.930571909585,-0.708184087733,
    -0.339428090416));
#8747 = ORIENTED_EDGE('',*,*,#8507,.F.);
#8748 = ORIENTED_EDGE('',*,*,#8540,.T.);
#8749 = ( BOUNDED_SURFACE() B_SPLINE_SURFACE(3,2,(
    (#8750,#8751,#8752)
    ,(#8753,#8754,#8755)
    ,(#8756,#8757,#8758)
    ,(#8759,#8760,#8761)
    ,(#8762,#8763,#8764)
    ,(#8765,#8766,#8767
)),.UNSPECIFIED.,.F.,.F.,.F.) B_SPLINE_SURFACE_WITH_KNOTS((4,2,4),(3,3),
  (1.040290242745E-03,1.535147072079E-03,2.030003901413E-03),(0.,1.),
.UNSPECIFIED.) GEOMETRIC_REPRESENTATION_ITEM() RATIONAL_B_SPLINE_SURFACE
((
    (1.,0.881218111854,1.)
    ,(1.,0.879721282842,1.)
    ,(1.,0.875586404508,1.)
    ,(1.,0.875603695599,1.)
    ,(1.,0.879714376944,1.)
,(1.,0.881217888699,1.))) REPRESENTATION_ITEM('') SURFACE() );
#8750 = CARTESIAN_POINT('',(1.02,-0.828914153103,0.454424463609));
#8751 = CARTESIAN_POINT('',(1.02,-0.749308797281,0.382499652031));
#8752 = CARTESIAN_POINT('',(0.930618144264,-0.705279813609,
    0.342718706114));
#8753 = CARTESIAN_POINT('',(1.02,-0.940660827876,0.330744718246));
#8754 = CARTESIAN_POINT('',(1.02,-0.841647053409,0.278812920009));
#8755 = CARTESIAN_POINT('',(0.929332471179,-0.787000941821,
    0.250997771493));
#8756 = CARTESIAN_POINT('',(1.02,-0.999842910997,0.166326217414));
#8757 = CARTESIAN_POINT('',(1.02,-0.889482905277,0.140615335025));
#8758 = CARTESIAN_POINT('',(0.92666061233,-0.830627582642,0.126900720324
    ));
#8759 = CARTESIAN_POINT('',(1.02,-0.999585177268,-0.167428747451));
#8760 = CARTESIAN_POINT('',(1.02,-0.889274352548,-0.141544639604));
#8761 = CARTESIAN_POINT('',(0.926672741013,-0.830438551419,
    -0.127741909884));
#8762 = CARTESIAN_POINT('',(1.02,-0.941065184885,-0.330289421145));
#8763 = CARTESIAN_POINT('',(1.02,-0.841988366663,-0.278423075916));
#8764 = CARTESIAN_POINT('',(0.929327563012,-0.787309113319,
    -0.250645974508));
#8765 = CARTESIAN_POINT('',(1.02,-0.828927788663,-0.454409371483));
#8766 = CARTESIAN_POINT('',(1.02,-0.749320051288,-0.382487014497));
#8767 = CARTESIAN_POINT('',(0.930617986946,-0.70528981302,
    -0.342707482766));
#8768 = ADVANCED_FACE('',(#8769),#8776,.F.);
#8769 = FACE_BOUND('',#8770,.F.);
#8770 = EDGE_LOOP('',(#8771,#8772,#8773,#8774,#8775));
#8771 = ORIENTED_EDGE('',*,*,#8739,.F.);
#8772 = ORIENTED_EDGE('',*,*,#8722,.F.);
#8773 = ORIENTED_EDGE('',*,*,#8686,.T.);
#8774 = ORIENTED_EDGE('',*,*,#8417,.F.);
#8775 = ORIENTED_EDGE('',*,*,#8498,.F.);
#8776 = ( BOUNDED_SURFACE() B_SPLINE_SURFACE(3,2,(
    (#8777,#8778,#8779)
    ,(#8780,#8781,#8782)
    ,(#8783,#8784,#8785)
    ,(#8786,#8787,#8788)
    ,(#8789,#8790,#8791)
    ,(#8792,#8793,#8794
)),.UNSPECIFIED.,.F.,.F.,.F.) B_SPLINE_SURFACE_WITH_KNOTS((4,2,4),(3,3),
  (1.040290242745E-03,1.535147072079E-03,2.030003901413E-03),(0.,1.),
.UNSPECIFIED.) GEOMETRIC_REPRESENTATION_ITEM() RATIONAL_B_SPLINE_SURFACE
((
    (1.,0.881218111854,1.)
    ,(1.,0.879721282842,1.)
    ,(1.,0.875586404508,1.)
    ,(1.,0.875603695599,1.)
    ,(1.,0.879714376944,1.)
,(1.,0.881217888699,1.))) REPRESENTATION_ITEM('') SURFACE() );
#8777 = CARTESIAN_POINT('',(0.815575536391,-0.828914153103,-0.25));
#8778 = CARTESIAN_POINT('',(0.887500347969,-0.749308797281,-0.25));
#8779 = CARTESIAN_POINT('',(0.927281293886,-0.705279813609,
    -0.339381855736));
#8780 = CARTESIAN_POINT('',(0.939255281754,-0.940660827876,-0.25));
#8781 = CARTESIAN_POINT('',(0.991187079991,-0.841647053409,-0.25));
#8782 = CARTESIAN_POINT('',(1.019002228507,-0.787000941821,
    -0.340667528821));
#8783 = CARTESIAN_POINT('',(1.103673782586,-0.999842910997,-0.25));
#8784 = CARTESIAN_POINT('',(1.129384664975,-0.889482905277,-0.25));
#8785 = CARTESIAN_POINT('',(1.143099279676,-0.830627582642,
    -0.34333938767));
#8786 = CARTESIAN_POINT('',(1.437428747451,-0.999585177268,-0.25));
#8787 = CARTESIAN_POINT('',(1.411544639604,-0.889274352548,-0.25));
#8788 = CARTESIAN_POINT('',(1.397741909884,-0.830438551419,
    -0.343327258987));
#8789 = CARTESIAN_POINT('',(1.600289421145,-0.941065184885,-0.25));
#8790 = CARTESIAN_POINT('',(1.548423075916,-0.841988366663,-0.25));
#8791 = CARTESIAN_POINT('',(1.520645974508,-0.787309113319,
    -0.340672436988));
#8792 = CARTESIAN_POINT('',(1.724409371483,-0.828927788663,-0.25));
#8793 = CARTESIAN_POINT('',(1.652487014497,-0.749320051288,-0.25));
#8794 = CARTESIAN_POINT('',(1.612707482766,-0.70528981302,
    -0.339382013054));
#8795 = MANIFOLD_SOLID_BREP('',#8796);
#8796 = CLOSED_SHELL('',(#8797,#8901,#9005,#9027,#9049,#9071,#9088,#9100
    ,#9117,#9134,#9151,#9168,#9185,#9197));
#8797 = ADVANCED_FACE('',(#8798),#8896,.F.);
#8798 = FACE_BOUND('',#8799,.T.);
#8799 = EDGE_LOOP('',(#8800,#8810,#8818,#8826,#8834,#8842,#8850,#8858,
    #8866,#8874,#8882,#8890));
#8800 = ORIENTED_EDGE('',*,*,#8801,.F.);
#8801 = EDGE_CURVE('',#8802,#8804,#8806,.T.);
#8802 = VERTEX_POINT('',#8803);
#8803 = CARTESIAN_POINT('',(-1.02,-25.5,0.25));
#8804 = VERTEX_POINT('',#8805);
#8805 = CARTESIAN_POINT('',(-1.52,-25.5,0.25));
#8806 = LINE('',#8807,#8808);
#8807 = CARTESIAN_POINT('',(-1.02,-25.5,0.25));
#8808 = VECTOR('',#8809,1.);
#8809 = DIRECTION('',(-1.,0.,0.));
#8810 = ORIENTED_EDGE('',*,*,#8811,.T.);
#8811 = EDGE_CURVE('',#8802,#8812,#8814,.T.);
#8812 = VERTEX_POINT('',#8813);
#8813 = CARTESIAN_POINT('',(-1.02,-3.,0.25));
#8814 = LINE('',#8815,#8816);
#8815 = CARTESIAN_POINT('',(-1.02,-27.,0.25));
#8816 = VECTOR('',#8817,1.);
#8817 = DIRECTION('',(-0.,1.,-0.));
#8818 = ORIENTED_EDGE('',*,*,#8819,.F.);
#8819 = EDGE_CURVE('',#8820,#8812,#8822,.T.);
#8820 = VERTEX_POINT('',#8821);
#8821 = CARTESIAN_POINT('',(-0.92,-3.,0.25));
#8822 = LINE('',#8823,#8824);
#8823 = CARTESIAN_POINT('',(-0.92,-3.,0.25));
#8824 = VECTOR('',#8825,1.);
#8825 = DIRECTION('',(-1.,0.,0.));
#8826 = ORIENTED_EDGE('',*,*,#8827,.T.);
#8827 = EDGE_CURVE('',#8820,#8828,#8830,.T.);
#8828 = VERTEX_POINT('',#8829);
#8829 = CARTESIAN_POINT('',(-0.92,-2.,0.25));
#8830 = LINE('',#8831,#8832);
#8831 = CARTESIAN_POINT('',(-0.92,-3.,0.25));
#8832 = VECTOR('',#8833,1.);
#8833 = DIRECTION('',(-0.,1.,0.));
#8834 = ORIENTED_EDGE('',*,*,#8835,.T.);
#8835 = EDGE_CURVE('',#8828,#8836,#8838,.T.);
#8836 = VERTEX_POINT('',#8837);
#8837 = CARTESIAN_POINT('',(-1.02,-2.,0.25));
#8838 = LINE('',#8839,#8840);
#8839 = CARTESIAN_POINT('',(-0.92,-2.,0.25));
#8840 = VECTOR('',#8841,1.);
#8841 = DIRECTION('',(-1.,0.,0.));
#8842 = ORIENTED_EDGE('',*,*,#8843,.T.);
#8843 = EDGE_CURVE('',#8836,#8844,#8846,.T.);
#8844 = VERTEX_POINT('',#8845);
#8845 = CARTESIAN_POINT('',(-1.02,0.,0.25));
#8846 = LINE('',#8847,#8848);
#8847 = CARTESIAN_POINT('',(-1.02,-27.,0.25));
#8848 = VECTOR('',#8849,1.);
#8849 = DIRECTION('',(-0.,1.,-0.));
#8850 = ORIENTED_EDGE('',*,*,#8851,.T.);
#8851 = EDGE_CURVE('',#8844,#8852,#8854,.T.);
#8852 = VERTEX_POINT('',#8853);
#8853 = CARTESIAN_POINT('',(-1.52,0.,0.25));
#8854 = LINE('',#8855,#8856);
#8855 = CARTESIAN_POINT('',(-1.27,0.,0.25));
#8856 = VECTOR('',#8857,1.);
#8857 = DIRECTION('',(-1.,0.,-0.));
#8858 = ORIENTED_EDGE('',*,*,#8859,.F.);
#8859 = EDGE_CURVE('',#8860,#8852,#8862,.T.);
#8860 = VERTEX_POINT('',#8861);
#8861 = CARTESIAN_POINT('',(-1.52,-2.,0.25));
#8862 = LINE('',#8863,#8864);
#8863 = CARTESIAN_POINT('',(-1.52,-27.,0.25));
#8864 = VECTOR('',#8865,1.);
#8865 = DIRECTION('',(-0.,1.,-0.));
#8866 = ORIENTED_EDGE('',*,*,#8867,.T.);
#8867 = EDGE_CURVE('',#8860,#8868,#8870,.T.);
#8868 = VERTEX_POINT('',#8869);
#8869 = CARTESIAN_POINT('',(-1.62,-2.,0.25));
#8870 = LINE('',#8871,#8872);
#8871 = CARTESIAN_POINT('',(-0.92,-2.,0.25));
#8872 = VECTOR('',#8873,1.);
#8873 = DIRECTION('',(-1.,0.,0.));
#8874 = ORIENTED_EDGE('',*,*,#8875,.F.);
#8875 = EDGE_CURVE('',#8876,#8868,#8878,.T.);
#8876 = VERTEX_POINT('',#8877);
#8877 = CARTESIAN_POINT('',(-1.62,-3.,0.25));
#8878 = LINE('',#8879,#8880);
#8879 = CARTESIAN_POINT('',(-1.62,-3.,0.25));
#8880 = VECTOR('',#8881,1.);
#8881 = DIRECTION('',(-0.,1.,0.));
#8882 = ORIENTED_EDGE('',*,*,#8883,.F.);
#8883 = EDGE_CURVE('',#8884,#8876,#8886,.T.);
#8884 = VERTEX_POINT('',#8885);
#8885 = CARTESIAN_POINT('',(-1.52,-3.,0.25));
#8886 = LINE('',#8887,#8888);
#8887 = CARTESIAN_POINT('',(-0.92,-3.,0.25));
#8888 = VECTOR('',#8889,1.);
#8889 = DIRECTION('',(-1.,0.,0.));
#8890 = ORIENTED_EDGE('',*,*,#8891,.F.);
#8891 = EDGE_CURVE('',#8804,#8884,#8892,.T.);
#8892 = LINE('',#8893,#8894);
#8893 = CARTESIAN_POINT('',(-1.52,-27.,0.25));
#8894 = VECTOR('',#8895,1.);
#8895 = DIRECTION('',(-0.,1.,-0.));
#8896 = PLANE('',#8897);
#8897 = AXIS2_PLACEMENT_3D('',#8898,#8899,#8900);
#8898 = CARTESIAN_POINT('',(-1.52,-27.,0.25));
#8899 = DIRECTION('',(0.,0.,-1.));
#8900 = DIRECTION('',(-1.,0.,-0.));
#8901 = ADVANCED_FACE('',(#8902),#9000,.F.);
#8902 = FACE_BOUND('',#8903,.T.);
#8903 = EDGE_LOOP('',(#8904,#8914,#8922,#8930,#8938,#8946,#8954,#8962,
    #8970,#8978,#8986,#8994));
#8904 = ORIENTED_EDGE('',*,*,#8905,.F.);
#8905 = EDGE_CURVE('',#8906,#8908,#8910,.T.);
#8906 = VERTEX_POINT('',#8907);
#8907 = CARTESIAN_POINT('',(-1.52,-25.5,-0.25));
#8908 = VERTEX_POINT('',#8909);
#8909 = CARTESIAN_POINT('',(-1.02,-25.5,-0.25));
#8910 = LINE('',#8911,#8912);
#8911 = CARTESIAN_POINT('',(-1.52,-25.5,-0.25));
#8912 = VECTOR('',#8913,1.);
#8913 = DIRECTION('',(1.,0.,0.));
#8914 = ORIENTED_EDGE('',*,*,#8915,.T.);
#8915 = EDGE_CURVE('',#8906,#8916,#8918,.T.);
#8916 = VERTEX_POINT('',#8917);
#8917 = CARTESIAN_POINT('',(-1.52,-3.,-0.25));
#8918 = LINE('',#8919,#8920);
#8919 = CARTESIAN_POINT('',(-1.52,-27.,-0.25));
#8920 = VECTOR('',#8921,1.);
#8921 = DIRECTION('',(-0.,1.,-0.));
#8922 = ORIENTED_EDGE('',*,*,#8923,.F.);
#8923 = EDGE_CURVE('',#8924,#8916,#8926,.T.);
#8924 = VERTEX_POINT('',#8925);
#8925 = CARTESIAN_POINT('',(-1.62,-3.,-0.25));
#8926 = LINE('',#8927,#8928);
#8927 = CARTESIAN_POINT('',(-1.62,-3.,-0.25));
#8928 = VECTOR('',#8929,1.);
#8929 = DIRECTION('',(1.,0.,7.744301232039E-17));
#8930 = ORIENTED_EDGE('',*,*,#8931,.T.);
#8931 = EDGE_CURVE('',#8924,#8932,#8934,.T.);
#8932 = VERTEX_POINT('',#8933);
#8933 = CARTESIAN_POINT('',(-1.62,-2.,-0.25));
#8934 = LINE('',#8935,#8936);
#8935 = CARTESIAN_POINT('',(-1.62,-3.,-0.25));
#8936 = VECTOR('',#8937,1.);
#8937 = DIRECTION('',(-0.,1.,0.));
#8938 = ORIENTED_EDGE('',*,*,#8939,.T.);
#8939 = EDGE_CURVE('',#8932,#8940,#8942,.T.);
#8940 = VERTEX_POINT('',#8941);
#8941 = CARTESIAN_POINT('',(-1.52,-2.,-0.25));
#8942 = LINE('',#8943,#8944);
#8943 = CARTESIAN_POINT('',(-1.62,-2.,-0.25));
#8944 = VECTOR('',#8945,1.);
#8945 = DIRECTION('',(1.,0.,7.744301232039E-17));
#8946 = ORIENTED_EDGE('',*,*,#8947,.T.);
#8947 = EDGE_CURVE('',#8940,#8948,#8950,.T.);
#8948 = VERTEX_POINT('',#8949);
#8949 = CARTESIAN_POINT('',(-1.52,-4.336808689942E-16,-0.25));
#8950 = LINE('',#8951,#8952);
#8951 = CARTESIAN_POINT('',(-1.52,-27.,-0.25));
#8952 = VECTOR('',#8953,1.);
#8953 = DIRECTION('',(-0.,1.,-0.));
#8954 = ORIENTED_EDGE('',*,*,#8955,.F.);
#8955 = EDGE_CURVE('',#8956,#8948,#8958,.T.);
#8956 = VERTEX_POINT('',#8957);
#8957 = CARTESIAN_POINT('',(-1.02,-4.336808689942E-16,-0.25));
#8958 = LINE('',#8959,#8960);
#8959 = CARTESIAN_POINT('',(-1.52,-4.336808689942E-16,-0.25));
#8960 = VECTOR('',#8961,1.);
#8961 = DIRECTION('',(-1.,0.,0.));
#8962 = ORIENTED_EDGE('',*,*,#8963,.F.);
#8963 = EDGE_CURVE('',#8964,#8956,#8966,.T.);
#8964 = VERTEX_POINT('',#8965);
#8965 = CARTESIAN_POINT('',(-1.02,-2.,-0.25));
#8966 = LINE('',#8967,#8968);
#8967 = CARTESIAN_POINT('',(-1.02,-27.,-0.25));
#8968 = VECTOR('',#8969,1.);
#8969 = DIRECTION('',(-0.,1.,-0.));
#8970 = ORIENTED_EDGE('',*,*,#8971,.T.);
#8971 = EDGE_CURVE('',#8964,#8972,#8974,.T.);
#8972 = VERTEX_POINT('',#8973);
#8973 = CARTESIAN_POINT('',(-0.92,-2.,-0.25));
#8974 = LINE('',#8975,#8976);
#8975 = CARTESIAN_POINT('',(-1.62,-2.,-0.25));
#8976 = VECTOR('',#8977,1.);
#8977 = DIRECTION('',(1.,0.,7.744301232039E-17));
#8978 = ORIENTED_EDGE('',*,*,#8979,.F.);
#8979 = EDGE_CURVE('',#8980,#8972,#8982,.T.);
#8980 = VERTEX_POINT('',#8981);
#8981 = CARTESIAN_POINT('',(-0.92,-3.,-0.25));
#8982 = LINE('',#8983,#8984);
#8983 = CARTESIAN_POINT('',(-0.92,-3.,-0.25));
#8984 = VECTOR('',#8985,1.);
#8985 = DIRECTION('',(-0.,1.,0.));
#8986 = ORIENTED_EDGE('',*,*,#8987,.F.);
#8987 = EDGE_CURVE('',#8988,#8980,#8990,.T.);
#8988 = VERTEX_POINT('',#8989);
#8989 = CARTESIAN_POINT('',(-1.02,-3.,-0.25));
#8990 = LINE('',#8991,#8992);
#8991 = CARTESIAN_POINT('',(-1.62,-3.,-0.25));
#8992 = VECTOR('',#8993,1.);
#8993 = DIRECTION('',(1.,0.,7.744301232039E-17));
#8994 = ORIENTED_EDGE('',*,*,#8995,.F.);
#8995 = EDGE_CURVE('',#8908,#8988,#8996,.T.);
#8996 = LINE('',#8997,#8998);
#8997 = CARTESIAN_POINT('',(-1.02,-27.,-0.25));
#8998 = VECTOR('',#8999,1.);
#8999 = DIRECTION('',(-0.,1.,-0.));
#9000 = PLANE('',#9001);
#9001 = AXIS2_PLACEMENT_3D('',#9002,#9003,#9004);
#9002 = CARTESIAN_POINT('',(-1.52,-27.,-0.25));
#9003 = DIRECTION('',(-0.,0.,1.));
#9004 = DIRECTION('',(1.,0.,0.));
#9005 = ADVANCED_FACE('',(#9006),#9022,.T.);
#9006 = FACE_BOUND('',#9007,.T.);
#9007 = EDGE_LOOP('',(#9008,#9009,#9015,#9016));
#9008 = ORIENTED_EDGE('',*,*,#8915,.F.);
#9009 = ORIENTED_EDGE('',*,*,#9010,.F.);
#9010 = EDGE_CURVE('',#8804,#8906,#9011,.T.);
#9011 = LINE('',#9012,#9013);
#9012 = CARTESIAN_POINT('',(-1.52,-25.5,0.25));
#9013 = VECTOR('',#9014,1.);
#9014 = DIRECTION('',(0.,0.,-1.));
#9015 = ORIENTED_EDGE('',*,*,#8891,.T.);
#9016 = ORIENTED_EDGE('',*,*,#9017,.T.);
#9017 = EDGE_CURVE('',#8884,#8916,#9018,.T.);
#9018 = LINE('',#9019,#9020);
#9019 = CARTESIAN_POINT('',(-1.52,-3.,-0.25));
#9020 = VECTOR('',#9021,1.);
#9021 = DIRECTION('',(0.,0.,-1.));
#9022 = PLANE('',#9023);
#9023 = AXIS2_PLACEMENT_3D('',#9024,#9025,#9026);
#9024 = CARTESIAN_POINT('',(-1.52,-2.,0.25));
#9025 = DIRECTION('',(-1.,-0.,0.));
#9026 = DIRECTION('',(0.,0.,1.));
#9027 = ADVANCED_FACE('',(#9028),#9044,.T.);
#9028 = FACE_BOUND('',#9029,.T.);
#9029 = EDGE_LOOP('',(#9030,#9031,#9037,#9038));
#9030 = ORIENTED_EDGE('',*,*,#8811,.F.);
#9031 = ORIENTED_EDGE('',*,*,#9032,.F.);
#9032 = EDGE_CURVE('',#8908,#8802,#9033,.T.);
#9033 = LINE('',#9034,#9035);
#9034 = CARTESIAN_POINT('',(-1.02,-25.5,-0.25));
#9035 = VECTOR('',#9036,1.);
#9036 = DIRECTION('',(0.,0.,1.));
#9037 = ORIENTED_EDGE('',*,*,#8995,.T.);
#9038 = ORIENTED_EDGE('',*,*,#9039,.T.);
#9039 = EDGE_CURVE('',#8988,#8812,#9040,.T.);
#9040 = LINE('',#9041,#9042);
#9041 = CARTESIAN_POINT('',(-1.02,-3.,-0.25));
#9042 = VECTOR('',#9043,1.);
#9043 = DIRECTION('',(0.,0.,1.));
#9044 = PLANE('',#9045);
#9045 = AXIS2_PLACEMENT_3D('',#9046,#9047,#9048);
#9046 = CARTESIAN_POINT('',(-1.02,-2.,-0.25));
#9047 = DIRECTION('',(1.,0.,-0.));
#9048 = DIRECTION('',(-0.,0.,-1.));
#9049 = ADVANCED_FACE('',(#9050),#9066,.F.);
#9050 = FACE_BOUND('',#9051,.T.);
#9051 = EDGE_LOOP('',(#9052,#9058,#9059,#9065));
#9052 = ORIENTED_EDGE('',*,*,#9053,.T.);
#9053 = EDGE_CURVE('',#8972,#8828,#9054,.T.);
#9054 = LINE('',#9055,#9056);
#9055 = CARTESIAN_POINT('',(-0.92,-2.,-0.25));
#9056 = VECTOR('',#9057,1.);
#9057 = DIRECTION('',(0.,0.,1.));
#9058 = ORIENTED_EDGE('',*,*,#8827,.F.);
#9059 = ORIENTED_EDGE('',*,*,#9060,.F.);
#9060 = EDGE_CURVE('',#8980,#8820,#9061,.T.);
#9061 = LINE('',#9062,#9063);
#9062 = CARTESIAN_POINT('',(-0.92,-3.,-0.25));
#9063 = VECTOR('',#9064,1.);
#9064 = DIRECTION('',(0.,0.,1.));
#9065 = ORIENTED_EDGE('',*,*,#8979,.T.);
#9066 = PLANE('',#9067);
#9067 = AXIS2_PLACEMENT_3D('',#9068,#9069,#9070);
#9068 = CARTESIAN_POINT('',(-0.92,-3.,-0.25));
#9069 = DIRECTION('',(-1.,-0.,0.));
#9070 = DIRECTION('',(0.,0.,1.));
#9071 = ADVANCED_FACE('',(#9072),#9083,.F.);
#9072 = FACE_BOUND('',#9073,.T.);
#9073 = EDGE_LOOP('',(#9074,#9075,#9081,#9082));
#9074 = ORIENTED_EDGE('',*,*,#8971,.F.);
#9075 = ORIENTED_EDGE('',*,*,#9076,.T.);
#9076 = EDGE_CURVE('',#8964,#8836,#9077,.T.);
#9077 = LINE('',#9078,#9079);
#9078 = CARTESIAN_POINT('',(-1.02,-2.,-0.25));
#9079 = VECTOR('',#9080,1.);
#9080 = DIRECTION('',(0.,0.,1.));
#9081 = ORIENTED_EDGE('',*,*,#8835,.F.);
#9082 = ORIENTED_EDGE('',*,*,#9053,.F.);
#9083 = PLANE('',#9084);
#9084 = AXIS2_PLACEMENT_3D('',#9085,#9086,#9087);
#9085 = CARTESIAN_POINT('',(0.,-2.,0.));
#9086 = DIRECTION('',(0.,-1.,0.));
#9087 = DIRECTION('',(0.,-0.,-1.));
#9088 = ADVANCED_FACE('',(#9089),#9095,.T.);
#9089 = FACE_BOUND('',#9090,.T.);
#9090 = EDGE_LOOP('',(#9091,#9092,#9093,#9094));
#9091 = ORIENTED_EDGE('',*,*,#9039,.F.);
#9092 = ORIENTED_EDGE('',*,*,#8987,.T.);
#9093 = ORIENTED_EDGE('',*,*,#9060,.T.);
#9094 = ORIENTED_EDGE('',*,*,#8819,.T.);
#9095 = PLANE('',#9096);
#9096 = AXIS2_PLACEMENT_3D('',#9097,#9098,#9099);
#9097 = CARTESIAN_POINT('',(0.,-3.,0.));
#9098 = DIRECTION('',(0.,-1.,0.));
#9099 = DIRECTION('',(0.,-0.,-1.));
#9100 = ADVANCED_FACE('',(#9101),#9112,.T.);
#9101 = FACE_BOUND('',#9102,.T.);
#9102 = EDGE_LOOP('',(#9103,#9104,#9105,#9111));
#9103 = ORIENTED_EDGE('',*,*,#9076,.F.);
#9104 = ORIENTED_EDGE('',*,*,#8963,.T.);
#9105 = ORIENTED_EDGE('',*,*,#9106,.F.);
#9106 = EDGE_CURVE('',#8844,#8956,#9107,.T.);
#9107 = LINE('',#9108,#9109);
#9108 = CARTESIAN_POINT('',(-1.02,-4.336808689942E-16,-0.25));
#9109 = VECTOR('',#9110,1.);
#9110 = DIRECTION('',(0.,0.,-1.));
#9111 = ORIENTED_EDGE('',*,*,#8843,.F.);
#9112 = PLANE('',#9113);
#9113 = AXIS2_PLACEMENT_3D('',#9114,#9115,#9116);
#9114 = CARTESIAN_POINT('',(-1.02,-2.,-0.25));
#9115 = DIRECTION('',(1.,0.,-0.));
#9116 = DIRECTION('',(-0.,0.,-1.));
#9117 = ADVANCED_FACE('',(#9118),#9129,.F.);
#9118 = FACE_BOUND('',#9119,.T.);
#9119 = EDGE_LOOP('',(#9120,#9121,#9122,#9123));
#9120 = ORIENTED_EDGE('',*,*,#8851,.F.);
#9121 = ORIENTED_EDGE('',*,*,#9106,.T.);
#9122 = ORIENTED_EDGE('',*,*,#8955,.T.);
#9123 = ORIENTED_EDGE('',*,*,#9124,.T.);
#9124 = EDGE_CURVE('',#8948,#8852,#9125,.T.);
#9125 = LINE('',#9126,#9127);
#9126 = CARTESIAN_POINT('',(-1.52,-4.336808689942E-16,0.25));
#9127 = VECTOR('',#9128,1.);
#9128 = DIRECTION('',(0.,0.,1.));
#9129 = PLANE('',#9130);
#9130 = AXIS2_PLACEMENT_3D('',#9131,#9132,#9133);
#9131 = CARTESIAN_POINT('',(-1.27,0.,0.));
#9132 = DIRECTION('',(0.,-1.,0.));
#9133 = DIRECTION('',(0.,-0.,-1.));
#9134 = ADVANCED_FACE('',(#9135),#9146,.T.);
#9135 = FACE_BOUND('',#9136,.T.);
#9136 = EDGE_LOOP('',(#9137,#9143,#9144,#9145));
#9137 = ORIENTED_EDGE('',*,*,#9138,.F.);
#9138 = EDGE_CURVE('',#8860,#8940,#9139,.T.);
#9139 = LINE('',#9140,#9141);
#9140 = CARTESIAN_POINT('',(-1.52,-2.,-0.25));
#9141 = VECTOR('',#9142,1.);
#9142 = DIRECTION('',(0.,0.,-1.));
#9143 = ORIENTED_EDGE('',*,*,#8859,.T.);
#9144 = ORIENTED_EDGE('',*,*,#9124,.F.);
#9145 = ORIENTED_EDGE('',*,*,#8947,.F.);
#9146 = PLANE('',#9147);
#9147 = AXIS2_PLACEMENT_3D('',#9148,#9149,#9150);
#9148 = CARTESIAN_POINT('',(-1.52,-2.,0.25));
#9149 = DIRECTION('',(-1.,-0.,0.));
#9150 = DIRECTION('',(0.,0.,1.));
#9151 = ADVANCED_FACE('',(#9152),#9163,.F.);
#9152 = FACE_BOUND('',#9153,.T.);
#9153 = EDGE_LOOP('',(#9154,#9155,#9156,#9157));
#9154 = ORIENTED_EDGE('',*,*,#8867,.F.);
#9155 = ORIENTED_EDGE('',*,*,#9138,.T.);
#9156 = ORIENTED_EDGE('',*,*,#8939,.F.);
#9157 = ORIENTED_EDGE('',*,*,#9158,.F.);
#9158 = EDGE_CURVE('',#8868,#8932,#9159,.T.);
#9159 = LINE('',#9160,#9161);
#9160 = CARTESIAN_POINT('',(-1.62,-2.,0.25));
#9161 = VECTOR('',#9162,1.);
#9162 = DIRECTION('',(0.,0.,-1.));
#9163 = PLANE('',#9164);
#9164 = AXIS2_PLACEMENT_3D('',#9165,#9166,#9167);
#9165 = CARTESIAN_POINT('',(0.,-2.,0.));
#9166 = DIRECTION('',(0.,-1.,0.));
#9167 = DIRECTION('',(0.,-0.,-1.));
#9168 = ADVANCED_FACE('',(#9169),#9180,.T.);
#9169 = FACE_BOUND('',#9170,.T.);
#9170 = EDGE_LOOP('',(#9171,#9172,#9173,#9179));
#9171 = ORIENTED_EDGE('',*,*,#9017,.F.);
#9172 = ORIENTED_EDGE('',*,*,#8883,.T.);
#9173 = ORIENTED_EDGE('',*,*,#9174,.T.);
#9174 = EDGE_CURVE('',#8876,#8924,#9175,.T.);
#9175 = LINE('',#9176,#9177);
#9176 = CARTESIAN_POINT('',(-1.62,-3.,0.25));
#9177 = VECTOR('',#9178,1.);
#9178 = DIRECTION('',(0.,0.,-1.));
#9179 = ORIENTED_EDGE('',*,*,#8923,.T.);
#9180 = PLANE('',#9181);
#9181 = AXIS2_PLACEMENT_3D('',#9182,#9183,#9184);
#9182 = CARTESIAN_POINT('',(0.,-3.,0.));
#9183 = DIRECTION('',(0.,-1.,0.));
#9184 = DIRECTION('',(0.,-0.,-1.));
#9185 = ADVANCED_FACE('',(#9186),#9192,.F.);
#9186 = FACE_BOUND('',#9187,.T.);
#9187 = EDGE_LOOP('',(#9188,#9189,#9190,#9191));
#9188 = ORIENTED_EDGE('',*,*,#9158,.T.);
#9189 = ORIENTED_EDGE('',*,*,#8931,.F.);
#9190 = ORIENTED_EDGE('',*,*,#9174,.F.);
#9191 = ORIENTED_EDGE('',*,*,#8875,.T.);
#9192 = PLANE('',#9193);
#9193 = AXIS2_PLACEMENT_3D('',#9194,#9195,#9196);
#9194 = CARTESIAN_POINT('',(-1.62,-3.,0.25));
#9195 = DIRECTION('',(1.,0.,0.));
#9196 = DIRECTION('',(0.,0.,-1.));
#9197 = ADVANCED_FACE('',(#9198),#9204,.T.);
#9198 = FACE_BOUND('',#9199,.T.);
#9199 = EDGE_LOOP('',(#9200,#9201,#9202,#9203));
#9200 = ORIENTED_EDGE('',*,*,#8905,.T.);
#9201 = ORIENTED_EDGE('',*,*,#9032,.T.);
#9202 = ORIENTED_EDGE('',*,*,#8801,.T.);
#9203 = ORIENTED_EDGE('',*,*,#9010,.T.);
#9204 = PLANE('',#9205);
#9205 = AXIS2_PLACEMENT_3D('',#9206,#9207,#9208);
#9206 = CARTESIAN_POINT('',(0.,-25.5,0.));
#9207 = DIRECTION('',(0.,-1.,0.));
#9208 = DIRECTION('',(0.,-0.,-1.));
#9209 = ( GEOMETRIC_REPRESENTATION_CONTEXT(3) 
GLOBAL_UNCERTAINTY_ASSIGNED_CONTEXT((#9213)) 
GLOBAL_UNIT_ASSIGNED_CONTEXT((#9210,#9211,#9212)) REPRESENTATION_CONTEXT
('Context #1','3D Context with UNIT and UNCERTAINTY') );
#9210 = ( LENGTH_UNIT() NAMED_UNIT(*) SI_UNIT(.MILLI.,.METRE.) );
#9211 = ( NAMED_UNIT(*) PLANE_ANGLE_UNIT() SI_UNIT($,.RADIAN.) );
#9212 = ( NAMED_UNIT(*) SI_UNIT($,.STERADIAN.) SOLID_ANGLE_UNIT() );
#9213 = UNCERTAINTY_MEASURE_WITH_UNIT(LENGTH_MEASURE(5.E-05),#9210,
  'distance_accuracy_value','confusion accuracy');
#9214 = SHAPE_DEFINITION_REPRESENTATION(#9215,#7169);
#9215 = PRODUCT_DEFINITION_SHAPE('','',#9216);
#9216 = PRODUCT_DEFINITION('design','',#9217,#9220);
#9217 = PRODUCT_DEFINITION_FORMATION('','',#9218);
#9218 = PRODUCT('WP7113ID_WP7113ID','WP7113ID_WP7113ID','',(#9219));
#9219 = PRODUCT_CONTEXT('',#2,'mechanical');
#9220 = PRODUCT_DEFINITION_CONTEXT('part definition',#2,'design');
#9221 = CONTEXT_DEPENDENT_SHAPE_REPRESENTATION(#9222,#9224);
#9222 = ( REPRESENTATION_RELATIONSHIP('','',#7169,#7159) 
REPRESENTATION_RELATIONSHIP_WITH_TRANSFORMATION(#9223) 
SHAPE_REPRESENTATION_RELATIONSHIP() );
#9223 = ITEM_DEFINED_TRANSFORMATION('','',#11,#7160);
#9224 = PRODUCT_DEFINITION_SHAPE('Placement','Placement of an item',
  #9225);
#9225 = NEXT_ASSEMBLY_USAGE_OCCURRENCE('15','NAUO1','',#7154,#9216,$);
#9226 = PRODUCT_RELATED_PRODUCT_CATEGORY('part',$,(#9218));
#9227 = CONTEXT_DEPENDENT_SHAPE_REPRESENTATION(#9228,#9230);
#9228 = ( REPRESENTATION_RELATIONSHIP('','',#7159,#7142) 
REPRESENTATION_RELATIONSHIP_WITH_TRANSFORMATION(#9229) 
SHAPE_REPRESENTATION_RELATIONSHIP() );
#9229 = ITEM_DEFINED_TRANSFORMATION('','',#11,#7143);
#9230 = PRODUCT_DEFINITION_SHAPE('Placement','Placement of an item',
  #9231);
#9231 = NEXT_ASSEMBLY_USAGE_OCCURRENCE('16','','',#7137,#7154,$);
#9232 = PRODUCT_RELATED_PRODUCT_CATEGORY('part',$,(#7156));
#9233 = CONTEXT_DEPENDENT_SHAPE_REPRESENTATION(#9234,#9236);
#9234 = ( REPRESENTATION_RELATIONSHIP('','',#7142,#10) 
REPRESENTATION_RELATIONSHIP_WITH_TRANSFORMATION(#9235) 
SHAPE_REPRESENTATION_RELATIONSHIP() );
#9235 = ITEM_DEFINED_TRANSFORMATION('','',#11,#39);
#9236 = PRODUCT_DEFINITION_SHAPE('Placement','Placement of an item',
  #9237);
#9237 = NEXT_ASSEMBLY_USAGE_OCCURRENCE('17','','',#5,#7137,$);
#9238 = PRODUCT_RELATED_PRODUCT_CATEGORY('part',$,(#7139));
#9239 = SHAPE_DEFINITION_REPRESENTATION(#9240,#9246);
#9240 = PRODUCT_DEFINITION_SHAPE('','',#9241);
#9241 = PRODUCT_DEFINITION('design','',#9242,#9245);
#9242 = PRODUCT_DEFINITION_FORMATION('','',#9243);
#9243 = PRODUCT('D1','D1','',(#9244));
#9244 = PRODUCT_CONTEXT('',#2,'mechanical');
#9245 = PRODUCT_DEFINITION_CONTEXT('part definition',#2,'design');
#9246 = SHAPE_REPRESENTATION('',(#11,#9247),#9251);
#9247 = AXIS2_PLACEMENT_3D('',#9248,#9249,#9250);
#9248 = CARTESIAN_POINT('',(133.73001098632,58.499996185303,0.));
#9249 = DIRECTION('',(0.,-1.,-4.371140912996E-08));
#9250 = DIRECTION('',(1.,0.,0.));
#9251 = ( GEOMETRIC_REPRESENTATION_CONTEXT(3) 
GLOBAL_UNCERTAINTY_ASSIGNED_CONTEXT((#9255)) 
GLOBAL_UNIT_ASSIGNED_CONTEXT((#9252,#9253,#9254)) REPRESENTATION_CONTEXT
('Context #1','3D Context with UNIT and UNCERTAINTY') );
#9252 = ( LENGTH_UNIT() NAMED_UNIT(*) SI_UNIT(.MILLI.,.METRE.) );
#9253 = ( NAMED_UNIT(*) PLANE_ANGLE_UNIT() SI_UNIT($,.RADIAN.) );
#9254 = ( NAMED_UNIT(*) SI_UNIT($,.STERADIAN.) SOLID_ANGLE_UNIT() );
#9255 = UNCERTAINTY_MEASURE_WITH_UNIT(LENGTH_MEASURE(5.E-05),#9252,
  'distance_accuracy_value','confusion accuracy');
#9256 = CONTEXT_DEPENDENT_SHAPE_REPRESENTATION(#9257,#9259);
#9257 = ( REPRESENTATION_RELATIONSHIP('','',#7159,#9246) 
REPRESENTATION_RELATIONSHIP_WITH_TRANSFORMATION(#9258) 
SHAPE_REPRESENTATION_RELATIONSHIP() );
#9258 = ITEM_DEFINED_TRANSFORMATION('','',#11,#9247);
#9259 = PRODUCT_DEFINITION_SHAPE('Placement','Placement of an item',
  #9260);
#9260 = NEXT_ASSEMBLY_USAGE_OCCURRENCE('18','','',#9241,#7154,$);
#9261 = CONTEXT_DEPENDENT_SHAPE_REPRESENTATION(#9262,#9264);
#9262 = ( REPRESENTATION_RELATIONSHIP('','',#9246,#10) 
REPRESENTATION_RELATIONSHIP_WITH_TRANSFORMATION(#9263) 
SHAPE_REPRESENTATION_RELATIONSHIP() );
#9263 = ITEM_DEFINED_TRANSFORMATION('','',#11,#43);
#9264 = PRODUCT_DEFINITION_SHAPE('Placement','Placement of an item',
  #9265);
#9265 = NEXT_ASSEMBLY_USAGE_OCCURRENCE('19','','',#5,#9241,$);
#9266 = PRODUCT_RELATED_PRODUCT_CATEGORY('part',$,(#9243));
#9267 = MECHANICAL_DESIGN_GEOMETRIC_PRESENTATION_REPRESENTATION('',(
    #9268,#9276,#9284,#9292,#9299),#9209);
#9268 = STYLED_ITEM('color',(#9269),#7170);
#9269 = PRESENTATION_STYLE_ASSIGNMENT((#9270));
#9270 = SURFACE_STYLE_USAGE(.BOTH.,#9271);
#9271 = SURFACE_SIDE_STYLE('',(#9272));
#9272 = SURFACE_STYLE_FILL_AREA(#9273);
#9273 = FILL_AREA_STYLE('',(#9274));
#9274 = FILL_AREA_STYLE_COLOUR('',#9275);
#9275 = COLOUR_RGB('',0.752941164258,0.,0.);
#9276 = STYLED_ITEM('color',(#9277),#7469);
#9277 = PRESENTATION_STYLE_ASSIGNMENT((#9278));
#9278 = SURFACE_STYLE_USAGE(.BOTH.,#9279);
#9279 = SURFACE_SIDE_STYLE('',(#9280));
#9280 = SURFACE_STYLE_FILL_AREA(#9281);
#9281 = FILL_AREA_STYLE('',(#9282));
#9282 = FILL_AREA_STYLE_COLOUR('',#9283);
#9283 = COLOUR_RGB('',0.752941164258,0.752941164258,0.752941164258);
#9284 = STYLED_ITEM('color',(#9285),#7925);
#9285 = PRESENTATION_STYLE_ASSIGNMENT((#9286));
#9286 = SURFACE_STYLE_USAGE(.BOTH.,#9287);
#9287 = SURFACE_SIDE_STYLE('',(#9288));
#9288 = SURFACE_STYLE_FILL_AREA(#9289);
#9289 = FILL_AREA_STYLE('',(#9290));
#9290 = FILL_AREA_STYLE_COLOUR('',#9291);
#9291 = COLOUR_RGB('',0.792156867455,0.819607826924,0.933333342953);
#9292 = STYLED_ITEM('color',(#9293),#8339);
#9293 = PRESENTATION_STYLE_ASSIGNMENT((#9294));
#9294 = SURFACE_STYLE_USAGE(.BOTH.,#9295);
#9295 = SURFACE_SIDE_STYLE('',(#9296));
#9296 = SURFACE_STYLE_FILL_AREA(#9297);
#9297 = FILL_AREA_STYLE('',(#9298));
#9298 = FILL_AREA_STYLE_COLOUR('',#9283);
#9299 = STYLED_ITEM('color',(#9300),#8795);
#9300 = PRESENTATION_STYLE_ASSIGNMENT((#9301));
#9301 = SURFACE_STYLE_USAGE(.BOTH.,#9302);
#9302 = SURFACE_SIDE_STYLE('',(#9303));
#9303 = SURFACE_STYLE_FILL_AREA(#9304);
#9304 = FILL_AREA_STYLE('',(#9305));
#9305 = FILL_AREA_STYLE_COLOUR('',#9291);
#9306 = MECHANICAL_DESIGN_GEOMETRIC_PRESENTATION_REPRESENTATION('',(
    #9307),#5001);
#9307 = STYLED_ITEM('color',(#9308),#4851);
#9308 = PRESENTATION_STYLE_ASSIGNMENT((#9309,#9315));
#9309 = SURFACE_STYLE_USAGE(.BOTH.,#9310);
#9310 = SURFACE_SIDE_STYLE('',(#9311));
#9311 = SURFACE_STYLE_FILL_AREA(#9312);
#9312 = FILL_AREA_STYLE('',(#9313));
#9313 = FILL_AREA_STYLE_COLOUR('',#9314);
#9314 = COLOUR_RGB('',0.501960785193,0.501960785193,0.501960785193);
#9315 = CURVE_STYLE('',#9316,POSITIVE_LENGTH_MEASURE(0.1),#9314);
#9316 = DRAUGHTING_PRE_DEFINED_CURVE_FONT('continuous');
#9317 = MECHANICAL_DESIGN_GEOMETRIC_PRESENTATION_REPRESENTATION('',(
    #9318,#9325,#9332,#9339,#9346),#7105);
#9318 = STYLED_ITEM('color',(#9319),#5066);
#9319 = PRESENTATION_STYLE_ASSIGNMENT((#9320));
#9320 = SURFACE_STYLE_USAGE(.BOTH.,#9321);
#9321 = SURFACE_SIDE_STYLE('',(#9322));
#9322 = SURFACE_STYLE_FILL_AREA(#9323);
#9323 = FILL_AREA_STYLE('',(#9324));
#9324 = FILL_AREA_STYLE_COLOUR('',#9275);
#9325 = STYLED_ITEM('color',(#9326),#5365);
#9326 = PRESENTATION_STYLE_ASSIGNMENT((#9327));
#9327 = SURFACE_STYLE_USAGE(.BOTH.,#9328);
#9328 = SURFACE_SIDE_STYLE('',(#9329));
#9329 = SURFACE_STYLE_FILL_AREA(#9330);
#9330 = FILL_AREA_STYLE('',(#9331));
#9331 = FILL_AREA_STYLE_COLOUR('',#9283);
#9332 = STYLED_ITEM('color',(#9333),#5821);
#9333 = PRESENTATION_STYLE_ASSIGNMENT((#9334));
#9334 = SURFACE_STYLE_USAGE(.BOTH.,#9335);
#9335 = SURFACE_SIDE_STYLE('',(#9336));
#9336 = SURFACE_STYLE_FILL_AREA(#9337);
#9337 = FILL_AREA_STYLE('',(#9338));
#9338 = FILL_AREA_STYLE_COLOUR('',#9291);
#9339 = STYLED_ITEM('color',(#9340),#6235);
#9340 = PRESENTATION_STYLE_ASSIGNMENT((#9341));
#9341 = SURFACE_STYLE_USAGE(.BOTH.,#9342);
#9342 = SURFACE_SIDE_STYLE('',(#9343));
#9343 = SURFACE_STYLE_FILL_AREA(#9344);
#9344 = FILL_AREA_STYLE('',(#9345));
#9345 = FILL_AREA_STYLE_COLOUR('',#9283);
#9346 = STYLED_ITEM('color',(#9347),#6691);
#9347 = PRESENTATION_STYLE_ASSIGNMENT((#9348));
#9348 = SURFACE_STYLE_USAGE(.BOTH.,#9349);
#9349 = SURFACE_SIDE_STYLE('',(#9350));
#9350 = SURFACE_STYLE_FILL_AREA(#9351);
#9351 = FILL_AREA_STYLE('',(#9352));
#9352 = FILL_AREA_STYLE_COLOUR('',#9291);
#9353 = MECHANICAL_DESIGN_GEOMETRIC_PRESENTATION_REPRESENTATION('',(
    #9354,#9362,#9369),#4736);
#9354 = STYLED_ITEM('color',(#9355),#3656);
#9355 = PRESENTATION_STYLE_ASSIGNMENT((#9356));
#9356 = SURFACE_STYLE_USAGE(.BOTH.,#9357);
#9357 = SURFACE_SIDE_STYLE('',(#9358));
#9358 = SURFACE_STYLE_FILL_AREA(#9359);
#9359 = FILL_AREA_STYLE('',(#9360));
#9360 = FILL_AREA_STYLE_COLOUR('',#9361);
#9361 = COLOUR_RGB('',0.490196077941,0.549019611989,0.647058827698);
#9362 = STYLED_ITEM('color',(#9363),#4356);
#9363 = PRESENTATION_STYLE_ASSIGNMENT((#9364));
#9364 = SURFACE_STYLE_USAGE(.BOTH.,#9365);
#9365 = SURFACE_SIDE_STYLE('',(#9366));
#9366 = SURFACE_STYLE_FILL_AREA(#9367);
#9367 = FILL_AREA_STYLE('',(#9368));
#9368 = FILL_AREA_STYLE_COLOUR('',#9291);
#9369 = STYLED_ITEM('color',(#9370),#4546);
#9370 = PRESENTATION_STYLE_ASSIGNMENT((#9371));
#9371 = SURFACE_STYLE_USAGE(.BOTH.,#9372);
#9372 = SURFACE_SIDE_STYLE('',(#9373));
#9373 = SURFACE_STYLE_FILL_AREA(#9374);
#9374 = FILL_AREA_STYLE('',(#9375));
#9375 = FILL_AREA_STYLE_COLOUR('',#9291);
#9376 = MECHANICAL_DESIGN_GEOMETRIC_PRESENTATION_REPRESENTATION('',(
    #9377),#3614);
#9377 = STYLED_ITEM('color',(#9378),#71);
#9378 = PRESENTATION_STYLE_ASSIGNMENT((#9379,#9385));
#9379 = SURFACE_STYLE_USAGE(.BOTH.,#9380);
#9380 = SURFACE_SIDE_STYLE('',(#9381));
#9381 = SURFACE_STYLE_FILL_AREA(#9382);
#9382 = FILL_AREA_STYLE('',(#9383));
#9383 = FILL_AREA_STYLE_COLOUR('',#9384);
#9384 = COLOUR_RGB('',0.,0.501960785193,0.);
#9385 = CURVE_STYLE('',#9386,POSITIVE_LENGTH_MEASURE(0.1),#9384);
#9386 = DRAUGHTING_PRE_DEFINED_CURVE_FONT('continuous');
ENDSEC;
END-ISO-10303-21;
